category,brand,name,price_eur,rating_count,specs,image_url
CPU,Intel,Intel Core Ultra 7 270K Plus,323.08,0,"{""Core Count"":""24"",""Integrated Graphics"":""Intel Xe"",""Microarchitecture"":""Arrow Lake"",""Performance Core Boost Clock"":""5.4 GHz"",""Performance Core Clock"":""3.7 GHz"",""TDP"":""125 W""}",https://cdna.pcpartpicker.com/static/forever/images/product/c4b5624c89e3de4ef9eef2f2a3ae262d.256p.jpg
CPU,Intel,Intel Core i7-14700K,379.54,49,"{""Core Count"":""20"",""Integrated Graphics"":""Intel UHD Graphics 770"",""Microarchitecture"":""Raptor Lake Refresh"",""Performance Core Boost Clock"":""5.6 GHz"",""Performance Core Clock"":""3.4 GHz"",""TDP"":""125 W""}",https://cdna.pcpartpicker.com/static/forever/images/product/c3e5d01cec2fa20b6f47fe8a400c08d6.256p.jpg
CPU,Intel,Intel Core i5-12400F,164.98,106,"{""Core Count"":""6"",""Integrated Graphics"":""None"",""Microarchitecture"":""Alder Lake"",""Performance Core Boost Clock"":""4.4 GHz"",""Performance Core Clock"":""2.5 GHz"",""TDP"":""65 W""}",https://cdna.pcpartpicker.com/static/forever/images/product/5fe3c9cc8cbaaa4aa52aed7389d2cc10.256p.jpg
CPU,Intel,Intel Core i9-14900K,459.9,41,"{""Core Count"":""24"",""Integrated Graphics"":""Intel UHD Graphics 770"",""Microarchitecture"":""Raptor Lake Refresh"",""Performance Core Boost Clock"":""6 GHz"",""Performance Core Clock"":""3.2 GHz"",""TDP"":""125 W""}",https://cdna.pcpartpicker.com/static/forever/images/product/c9117c605854e9387e57cd69ebca2415.256p.jpg
CPU,Intel,Intel Core Ultra 9 285K,569.97,11,"{""Core Count"":""24"",""Integrated Graphics"":""Intel Xe"",""Microarchitecture"":""Arrow Lake"",""Performance Core Boost Clock"":""5.7 GHz"",""Performance Core Clock"":""3.7 GHz"",""TDP"":""125 W""}",https://cdna.pcpartpicker.com/static/forever/images/product/d658fbb8695607dc4964431e6b6b9373.256p.jpg
CPU,Intel,Intel Core i5-12600KF,182.48,98,"{""Core Count"":""10"",""Integrated Graphics"":""None"",""Microarchitecture"":""Alder Lake"",""Performance Core Boost Clock"":""4.9 GHz"",""Performance Core Clock"":""3.7 GHz"",""TDP"":""125 W""}",https://cdna.pcpartpicker.com/static/forever/images/product/01163d618db9518d03041c9997e23bb1.256p.jpg
CPU,Intel,Intel Core Ultra 5 250K Plus,224.09,1,"{""Core Count"":""18"",""Integrated Graphics"":""Intel Xe"",""Microarchitecture"":""Arrow Lake"",""Performance Core Boost Clock"":""5.3 GHz"",""Performance Core Clock"":""4.2 GHz"",""TDP"":""125 W""}",https://cdna.pcpartpicker.com/static/forever/images/product/47414c72d8bdf9fe8b6e94a257f722cb.256p.jpg
CPU,Intel,Intel Core Ultra 7 265K,322.32,27,"{""Core Count"":""20"",""Integrated Graphics"":""Intel Xe"",""Microarchitecture"":""Arrow Lake"",""Performance Core Boost Clock"":""5.5 GHz"",""Performance Core Clock"":""3.9 GHz"",""TDP"":""125 W""}",https://cdna.pcpartpicker.com/static/forever/images/product/19fb12d5828d3ae540e91eefa4160b79.256p.jpg
CPU,Intel,Intel Core i5-14400F,179.99,2,"{""Core Count"":""10"",""Integrated Graphics"":""None"",""Microarchitecture"":""Raptor Lake Refresh"",""Performance Core Boost Clock"":""4.7 GHz"",""Performance Core Clock"":""2.5 GHz"",""TDP"":""65 W""}",https://cdna.pcpartpicker.com/static/forever/images/product/1a89e55daad13315da1822c1630dc26c.256p.jpg
CPU,Intel,Intel Core i7-12700KF,279.08,68,"{""Core Count"":""12"",""Integrated Graphics"":""None"",""Microarchitecture"":""Alder Lake"",""Performance Core Boost Clock"":""5 GHz"",""Performance Core Clock"":""3.6 GHz"",""TDP"":""125 W""}",https://cdna.pcpartpicker.com/static/forever/images/product/b69e4a2d3dd9f8fac9ed6bf1b631b0ce.256p.jpg
CPU,Intel,Intel Core Ultra 7 265KF,240.99,8,"{""Core Count"":""20"",""Integrated Graphics"":""None"",""Microarchitecture"":""Arrow Lake"",""Performance Core Boost Clock"":""5.5 GHz"",""Performance Core Clock"":""3.9 GHz"",""TDP"":""125 W""}",https://cdna.pcpartpicker.com/static/forever/images/product/fcf1376b4011b81307f2eb83fb68d582.256p.jpg
CPU,Intel,Intel Core i5-14600K,260.94,28,"{""Core Count"":""14"",""Integrated Graphics"":""Intel UHD Graphics 770"",""Microarchitecture"":""Raptor Lake Refresh"",""Performance Core Boost Clock"":""5.3 GHz"",""Performance Core Clock"":""3.5 GHz"",""TDP"":""125 W""}",https://cdna.pcpartpicker.com/static/forever/images/product/c8f65245aff45313f03aaad255078883.256p.jpg
CPU,Intel,Intel Core i5-12600K,216.86,161,"{""Core Count"":""10"",""Integrated Graphics"":""Intel UHD Graphics 770"",""Microarchitecture"":""Alder Lake"",""Performance Core Boost Clock"":""4.9 GHz"",""Performance Core Clock"":""3.7 GHz"",""TDP"":""125 W""}",https://cdna.pcpartpicker.com/static/forever/images/product/3f727799b9fc5e83f0e8953759946bd2.256p.jpg
CPU,Intel,Intel Core Ultra 5 250KF Plus,212.94,0,"{""Core Count"":""18"",""Integrated Graphics"":""None"",""Microarchitecture"":""Arrow Lake"",""Performance Core Boost Clock"":""5.3 GHz"",""Performance Core Clock"":""4.2 GHz"",""TDP"":""125 W""}",https://cdna.pcpartpicker.com/static/forever/images/product/8d6eb5478d5a47b1918d757097a5b0ed.256p.jpg
CPU,Intel,Intel Core i3-12100F,82.0,57,"{""Core Count"":""4"",""Integrated Graphics"":""None"",""Microarchitecture"":""Alder Lake"",""Performance Core Boost Clock"":""4.3 GHz"",""Performance Core Clock"":""3.3 GHz"",""TDP"":""58 W""}",https://cdna.pcpartpicker.com/static/forever/images/product/c67d8f42c0e57b268f068172e9a3f571.256p.jpg
CPU,Intel,Intel Core i7-12700K,350.06,153,"{""Core Count"":""12"",""Integrated Graphics"":""Intel UHD Graphics 770"",""Microarchitecture"":""Alder Lake"",""Performance Core Boost Clock"":""5 GHz"",""Performance Core Clock"":""3.6 GHz"",""TDP"":""125 W""}",https://cdna.pcpartpicker.com/static/forever/images/product/3f7037db801def4db8418df8e7498e6a.256p.jpg
CPU,Intel,Intel Core Ultra 5 225F,148.67,1,"{""Core Count"":""10"",""Integrated Graphics"":""None"",""Microarchitecture"":""Arrow Lake"",""Performance Core Boost Clock"":""4.9 GHz"",""Performance Core Clock"":""3.3 GHz"",""TDP"":""65 W""}",https://cdna.pcpartpicker.com/static/forever/images/product/4ac0c32ed331c672ee51af4d468f3d72.256p.jpg
CPU,Intel,Intel Core i7-14700F,299.9,1,"{""Core Count"":""20"",""Integrated Graphics"":""None"",""Microarchitecture"":""Raptor Lake Refresh"",""Performance Core Boost Clock"":""5.4 GHz"",""Performance Core Clock"":""2.1 GHz"",""TDP"":""65 W""}",https://cdna.pcpartpicker.com/static/forever/images/product/367d869b80f32e8faa3075378677e28e.256p.jpg
CPU,Intel,Intel Core i9-12900K,365.98,75,"{""Core Count"":""16"",""Integrated Graphics"":""Intel UHD Graphics 770"",""Microarchitecture"":""Alder Lake"",""Performance Core Boost Clock"":""5.2 GHz"",""Performance Core Clock"":""3.2 GHz"",""TDP"":""125 W""}",https://cdna.pcpartpicker.com/static/forever/images/product/b9d3c68bbf713cdd1211f3792040ce95.256p.jpg
CPU,Intel,Intel Core i5-14600KF,236.99,14,"{""Core Count"":""14"",""Integrated Graphics"":""None"",""Microarchitecture"":""Raptor Lake Refresh"",""Performance Core Boost Clock"":""5.3 GHz"",""Performance Core Clock"":""3.5 GHz"",""TDP"":""125 W""}",https://cdna.pcpartpicker.com/static/forever/images/product/c8f65245aff45313f03aaad255078883.256p.jpg
CPU,Intel,Intel Core i7-14700KF,340.9,17,"{""Core Count"":""20"",""Integrated Graphics"":""None"",""Microarchitecture"":""Raptor Lake Refresh"",""Performance Core Boost Clock"":""5.6 GHz"",""Performance Core Clock"":""3.4 GHz"",""TDP"":""125 W""}",https://cdna.pcpartpicker.com/static/forever/images/product/92061d6108d4c4bf0deb77943506df11.256p.jpg
CPU,Intel,Intel Core i9-14900KF,408.9,15,"{""Core Count"":""24"",""Integrated Graphics"":""None"",""Microarchitecture"":""Raptor Lake Refresh"",""Performance Core Boost Clock"":""6 GHz"",""Performance Core Clock"":""3.2 GHz"",""TDP"":""125 W""}",https://cdna.pcpartpicker.com/static/forever/images/product/c9117c605854e9387e57cd69ebca2415.256p.jpg
CPU,Intel,Intel Core Ultra 5 245K,179.99,1,"{""Core Count"":""14"",""Integrated Graphics"":""Intel Xe"",""Microarchitecture"":""Arrow Lake"",""Performance Core Boost Clock"":""5.2 GHz"",""Performance Core Clock"":""4.2 GHz"",""TDP"":""125 W""}",https://cdna.pcpartpicker.com/static/forever/images/product/1e9e70d03e7edd0274691d5f49a34a50.256p.jpg
CPU,Intel,Intel Core i5-13400F,196.99,22,"{""Core Count"":""10"",""Integrated Graphics"":""None"",""Microarchitecture"":""Raptor Lake"",""Performance Core Boost Clock"":""4.6 GHz"",""Performance Core Clock"":""2.5 GHz"",""TDP"":""65 W""}",https://cdna.pcpartpicker.com/static/forever/images/product/17d82d241bff0efdd1c32fbcf9822c14.256p.jpg
CPU,Intel,Intel Core i3-14100F,97.0,1,"{""Core Count"":""4"",""Integrated Graphics"":""None"",""Microarchitecture"":""Raptor Lake Refresh"",""Performance Core Boost Clock"":""4.7 GHz"",""Performance Core Clock"":""3.5 GHz"",""TDP"":""58 W""}",https://cdna.pcpartpicker.com/static/forever/images/product/874cc0e600bde06d75755309677a87e2.256p.jpg
CPU,Intel,Intel Core i7-9700K,297.64,225,"{""Core Count"":""8"",""Integrated Graphics"":""Intel UHD Graphics 630"",""Microarchitecture"":""Coffee Lake Refresh"",""Performance Core Boost Clock"":""4.9 GHz"",""Performance Core Clock"":""3.6 GHz"",""TDP"":""95 W""}",https://cdna.pcpartpicker.com/static/forever/images/product/3760e89d1820da393f084e2c18a62e3b.256p.jpg
CPU,Intel,Intel Core Ultra 5 245KF,169.9,0,"{""Core Count"":""14"",""Integrated Graphics"":""None"",""Microarchitecture"":""Arrow Lake"",""Performance Core Boost Clock"":""5.2 GHz"",""Performance Core Clock"":""4.2 GHz"",""TDP"":""125 W""}",https://cdna.pcpartpicker.com/static/forever/images/product/86f90b80222ce0831fa4c548b8af3df2.256p.jpg
CPU,Intel,Intel Core i9-14900KS,707.07,2,"{""Core Count"":""24"",""Integrated Graphics"":""Intel UHD Graphics 770"",""Microarchitecture"":""Raptor Lake Refresh"",""Performance Core Boost Clock"":""6.2 GHz"",""Performance Core Clock"":""3.2 GHz"",""TDP"":""150 W""}",https://cdna.pcpartpicker.com/static/forever/images/product/7f03744e2c593edbbf711b21d85c59b3.256p.jpg
CPU,Intel,Intel Core i7-8700K,216.28,307,"{""Core Count"":""6"",""Integrated Graphics"":""Intel UHD Graphics 630"",""Microarchitecture"":""Coffee Lake"",""Performance Core Boost Clock"":""4.7 GHz"",""Performance Core Clock"":""3.7 GHz"",""TDP"":""95 W""}",https://cdna.pcpartpicker.com/static/forever/images/product/d7dea28613ac935e748d330d16ffea69.256p.jpg
CPU,Intel,Intel Xeon E5-2680 V4,139.99,2,"{""Core Count"":""14"",""Integrated Graphics"":""None"",""Microarchitecture"":""Broadwell"",""Performance Core Boost Clock"":""3.3 GHz"",""Performance Core Clock"":""2.4 GHz"",""TDP"":""120 W""}",https://cdna.pcpartpicker.com/static/forever/images/product/fe223eeb7f193ce69814603b89175472.256p.jpg
CPU,Intel,Intel Core i9-9900K,468.41,211,"{""Core Count"":""8"",""Integrated Graphics"":""Intel UHD Graphics 630"",""Microarchitecture"":""Coffee Lake Refresh"",""Performance Core Boost Clock"":""5 GHz"",""Performance Core Clock"":""3.6 GHz"",""TDP"":""95 W""}",https://cdna.pcpartpicker.com/static/forever/images/product/76f85d74fb4d0e2cc31f940bee5905c4.256p.jpg
CPU,Intel,Intel Core i7-7700K,411.9,302,"{""Core Count"":""4"",""Integrated Graphics"":""Intel HD Graphics 630"",""Microarchitecture"":""Kaby Lake"",""Performance Core Boost Clock"":""4.5 GHz"",""Performance Core Clock"":""4.2 GHz"",""TDP"":""91 W""}",https://cdna.pcpartpicker.com/static/forever/images/product/e466732c63d1d636cf13e256bb7cf5ff.256p.jpg
CPU,Intel,Intel Core i3-4150,79.27,35,"{""Core Count"":""2"",""Integrated Graphics"":""Intel HD Graphics 4400"",""Microarchitecture"":""Haswell Refresh"",""Performance Core Boost Clock"":"""",""Performance Core Clock"":""3.5 GHz"",""TDP"":""54 W""}",https://m.media-amazon.com/images/I/51aP8famPoL.jpg
CPU,Intel,Intel Core Ultra 5 225,158.9,0,"{""Core Count"":""10"",""Integrated Graphics"":""Intel Xe"",""Microarchitecture"":""Arrow Lake"",""Performance Core Boost Clock"":""4.9 GHz"",""Performance Core Clock"":""3.3 GHz"",""TDP"":""65 W""}",https://cdna.pcpartpicker.com/static/forever/images/product/58a1d2f8d0a6d13c9a6bd33593b65980.256p.jpg
CPU,Intel,Intel Core i5-12400,210.9,38,"{""Core Count"":""6"",""Integrated Graphics"":""Intel UHD Graphics 730"",""Microarchitecture"":""Alder Lake"",""Performance Core Boost Clock"":""4.4 GHz"",""Performance Core Clock"":""2.5 GHz"",""TDP"":""65 W""}",https://cdna.pcpartpicker.com/static/forever/images/product/331bcd7f5044608c8b4e0a2437219229.256p.jpg
CPU,Intel,Intel Core i9-13900K,544.46,68,"{""Core Count"":""24"",""Integrated Graphics"":""Intel UHD Graphics 770"",""Microarchitecture"":""Raptor Lake"",""Performance Core Boost Clock"":""5.8 GHz"",""Performance Core Clock"":""3 GHz"",""TDP"":""125 W""}",https://cdna.pcpartpicker.com/static/forever/images/product/9ec7bf0f10e60c175e9b64c51bab7240.256p.jpg
CPU,Intel,Intel Core i5-6500,70.86,234,"{""Core Count"":""4"",""Integrated Graphics"":""Intel HD Graphics 530"",""Microarchitecture"":""Skylake"",""Performance Core Boost Clock"":""3.6 GHz"",""Performance Core Clock"":""3.2 GHz"",""TDP"":""65 W""}",https://m.media-amazon.com/images/I/51LGOgLV8TL.jpg
CPU,Intel,Intel Core i7-6700K,249.0,509,"{""Core Count"":""4"",""Integrated Graphics"":""Intel HD Graphics 530"",""Microarchitecture"":""Skylake"",""Performance Core Boost Clock"":""4.2 GHz"",""Performance Core Clock"":""4 GHz"",""TDP"":""91 W""}",https://cdna.pcpartpicker.com/static/forever/images/product/614a9c530cce56d1fafbc5ba97920ab1.256p.jpg
CPU,Intel,Intel Core i9-12900KF,310.99,8,"{""Core Count"":""16"",""Integrated Graphics"":""None"",""Microarchitecture"":""Alder Lake"",""Performance Core Boost Clock"":""5.2 GHz"",""Performance Core Clock"":""3.2 GHz"",""TDP"":""125 W""}",https://cdna.pcpartpicker.com/static/forever/images/product/c3d3a6843e0c0a5d98155e9fa68c092c.256p.jpg
CPU,Intel,Intel Core i5-11400F,199.34,24,"{""Core Count"":""6"",""Integrated Graphics"":""None"",""Microarchitecture"":""Rocket Lake"",""Performance Core Boost Clock"":""4.4 GHz"",""Performance Core Clock"":""2.6 GHz"",""TDP"":""65 W""}",https://cdna.pcpartpicker.com/static/forever/images/product/1cd42b90d913aa4fe2338eb376fd3e2d.256p.jpg
CPU,Intel,Intel Core i7-6700,175.14,43,"{""Core Count"":""4"",""Integrated Graphics"":""Intel HD Graphics 530"",""Microarchitecture"":""Skylake"",""Performance Core Boost Clock"":""4 GHz"",""Performance Core Clock"":""3.4 GHz"",""TDP"":""65 W""}",https://cdna.pcpartpicker.com/static/forever/images/product/771dc6ddec2978c73f3362ac4a8b540e.256p.jpg
CPU,Intel,Intel Core i7-4790K,201.46,565,"{""Core Count"":""4"",""Integrated Graphics"":""Intel HD Graphics 4600"",""Microarchitecture"":""Haswell Refresh"",""Performance Core Boost Clock"":""4.4 GHz"",""Performance Core Clock"":""4 GHz"",""TDP"":""88 W""}",https://m.media-amazon.com/images/I/51D3J+33JwL.jpg
CPU,Intel,Intel Core i5-14400,202.11,2,"{""Core Count"":""10"",""Integrated Graphics"":""Intel UHD Graphics 730"",""Microarchitecture"":""Raptor Lake Refresh"",""Performance Core Boost Clock"":""4.7 GHz"",""Performance Core Clock"":""2.5 GHz"",""TDP"":""65 W""}",https://cdna.pcpartpicker.com/static/forever/images/product/be9f67b5c1dc033e0373e28beba6a220.256p.jpg
CPU,Intel,Intel Core i5-10400,165.59,63,"{""Core Count"":""6"",""Integrated Graphics"":""Intel UHD Graphics 630"",""Microarchitecture"":""Comet Lake"",""Performance Core Boost Clock"":""4.3 GHz"",""Performance Core Clock"":""2.9 GHz"",""TDP"":""65 W""}",https://cdna.pcpartpicker.com/static/forever/images/product/c18ee131d4d211b2ad40882e5b997371.256p.jpg
CPU,Intel,Intel Core i3-12100,160.99,17,"{""Core Count"":""4"",""Integrated Graphics"":""Intel UHD Graphics 730"",""Microarchitecture"":""Alder Lake"",""Performance Core Boost Clock"":""4.3 GHz"",""Performance Core Clock"":""3.3 GHz"",""TDP"":""60 W""}",https://cdna.pcpartpicker.com/static/forever/images/product/7fc9bd473f09de3bff4a5a44e832f399.256p.jpg
CPU,Intel,Intel Core i7-12700F,219.9,10,"{""Core Count"":""12"",""Integrated Graphics"":""None"",""Microarchitecture"":""Alder Lake"",""Performance Core Boost Clock"":""4.9 GHz"",""Performance Core Clock"":""2.1 GHz"",""TDP"":""65 W""}",https://cdna.pcpartpicker.com/static/forever/images/product/1d6c5691988047da895d68961c33fe95.256p.jpg
CPU,Intel,Intel Core i5-13600KF,273.65,65,"{""Core Count"":""14"",""Integrated Graphics"":""None"",""Microarchitecture"":""Raptor Lake"",""Performance Core Boost Clock"":""5.1 GHz"",""Performance Core Clock"":""3.5 GHz"",""TDP"":""125 W""}",https://cdna.pcpartpicker.com/static/forever/images/product/d151778af9f52d6ab1f9475a0ae84dc0.256p.jpg
CPU,Intel,Intel Core i7-13700KF,470.29,28,"{""Core Count"":""16"",""Integrated Graphics"":""None"",""Microarchitecture"":""Raptor Lake"",""Performance Core Boost Clock"":""5.4 GHz"",""Performance Core Clock"":""3.4 GHz"",""TDP"":""125 W""}",https://cdna.pcpartpicker.com/static/forever/images/product/b2de198020c1bb1bda375064b94e60dc.256p.jpg
CPU,Intel,Intel Core i5-8400,190.11,87,"{""Core Count"":""6"",""Integrated Graphics"":""Intel UHD Graphics 630"",""Microarchitecture"":""Coffee Lake"",""Performance Core Boost Clock"":""4 GHz"",""Performance Core Clock"":""2.8 GHz"",""TDP"":""65 W""}",https://cdna.pcpartpicker.com/static/forever/images/product/066a1b8f33dd5d26a14a4a76eb254032.256p.jpg
CPU,Intel,Intel Core i5-4690,110.23,42,"{""Core Count"":""4"",""Integrated Graphics"":""Intel HD Graphics 4600"",""Microarchitecture"":""Haswell Refresh"",""Performance Core Boost Clock"":""3.9 GHz"",""Performance Core Clock"":""3.5 GHz"",""TDP"":""84 W""}",https://m.media-amazon.com/images/I/51vb+UYTxSL.jpg
CPU,AMD,AMD Ryzen 7 9800X3D,388.9,423,"{""Core Count"":""8"",""Integrated Graphics"":""Radeon"",""Microarchitecture"":""Zen 5"",""Performance Core Boost Clock"":""5.2 GHz"",""Performance Core Clock"":""4.7 GHz"",""TDP"":""120 W""}",https://cdna.pcpartpicker.com/static/forever/images/product/7e2d17b7b777f8b56e1b5119aa97be20.256p.jpg
CPU,AMD,AMD Ryzen 7 7800X3D,356.98,648,"{""Core Count"":""8"",""Integrated Graphics"":""Radeon"",""Microarchitecture"":""Zen 4"",""Performance Core Boost Clock"":""5 GHz"",""Performance Core Clock"":""4.2 GHz"",""TDP"":""120 W""}",https://cdna.pcpartpicker.com/static/forever/images/product/f0e0e59d75066ec825667b71c31e3c83.256p.jpg
CPU,AMD,AMD Ryzen 5 9600X,181.39,126,"{""Core Count"":""6"",""Integrated Graphics"":""Radeon"",""Microarchitecture"":""Zen 5"",""Performance Core Boost Clock"":""5.4 GHz"",""Performance Core Clock"":""3.9 GHz"",""TDP"":""65 W""}",https://cdna.pcpartpicker.com/static/forever/images/product/8a0df381931efb7323f458cfc42260f8.256p.jpg
CPU,AMD,AMD Ryzen 5 5500,79.24,96,"{""Core Count"":""6"",""Integrated Graphics"":""None"",""Microarchitecture"":""Zen 3"",""Performance Core Boost Clock"":""4.2 GHz"",""Performance Core Clock"":""3.6 GHz"",""TDP"":""65 W""}",https://cdna.pcpartpicker.com/static/forever/images/product/49fca908d8863ded4df790bd3af6bc12.256p.jpg
CPU,AMD,AMD Ryzen 9 9950X3D,623.9,68,"{""Core Count"":""16"",""Integrated Graphics"":""Radeon"",""Microarchitecture"":""Zen 5"",""Performance Core Boost Clock"":""5.7 GHz"",""Performance Core Clock"":""4.3 GHz"",""TDP"":""170 W""}",https://cdna.pcpartpicker.com/static/forever/images/product/c091adac8120c424d3fcf03bec914302.256p.jpg
CPU,AMD,AMD Ryzen 5 7600X,163.59,350,"{""Core Count"":""6"",""Integrated Graphics"":""Radeon"",""Microarchitecture"":""Zen 4"",""Performance Core Boost Clock"":""5.3 GHz"",""Performance Core Clock"":""4.7 GHz"",""TDP"":""105 W""}",https://cdna.pcpartpicker.com/static/forever/images/product/fd6305088c9d16d59017b380fb9c408a.256p.jpg
CPU,AMD,AMD Ryzen 5 5600,142.12,192,"{""Core Count"":""6"",""Integrated Graphics"":""None"",""Microarchitecture"":""Zen 3"",""Performance Core Boost Clock"":""4.4 GHz"",""Performance Core Clock"":""3.5 GHz"",""TDP"":""65 W""}",https://cdna.pcpartpicker.com/static/forever/images/product/49fca908d8863ded4df790bd3af6bc12.256p.jpg
CPU,AMD,AMD Ryzen 7 7700X,225.36,218,"{""Core Count"":""8"",""Integrated Graphics"":""Radeon"",""Microarchitecture"":""Zen 4"",""Performance Core Boost Clock"":""5.4 GHz"",""Performance Core Clock"":""4.5 GHz"",""TDP"":""105 W""}",https://cdna.pcpartpicker.com/static/forever/images/product/6d3fb7600f26fb1e94e8b0c1a99e0bfa.256p.jpg
CPU,AMD,AMD Ryzen 5 5600X,161.0,725,"{""Core Count"":""6"",""Integrated Graphics"":""None"",""Microarchitecture"":""Zen 3"",""Performance Core Boost Clock"":""4.6 GHz"",""Performance Core Clock"":""3.7 GHz"",""TDP"":""65 W""}",https://cdna.pcpartpicker.com/static/forever/images/product/3ef757133d38ac40afe75da691ba7d60.256p.jpg
CPU,AMD,AMD Ryzen 7 9850X3D,482.0,6,"{""Core Count"":""8"",""Integrated Graphics"":""Radeon"",""Microarchitecture"":""Zen 5"",""Performance Core Boost Clock"":""5.6 GHz"",""Performance Core Clock"":""4.7 GHz"",""TDP"":""120 W""}",https://cdna.pcpartpicker.com/static/forever/images/product/26dbc0263d53e907355129f9e3131021.256p.jpg
CPU,AMD,AMD Ryzen 7 9700X,277.59,116,"{""Core Count"":""8"",""Integrated Graphics"":""Radeon"",""Microarchitecture"":""Zen 5"",""Performance Core Boost Clock"":""5.5 GHz"",""Performance Core Clock"":""3.8 GHz"",""TDP"":""65 W""}",https://cdna.pcpartpicker.com/static/forever/images/product/a0f5a161d8c7ff3c6b0827423537a029.256p.jpg
CPU,AMD,AMD Ryzen 7 5800X,204.36,360,"{""Core Count"":""8"",""Integrated Graphics"":""None"",""Microarchitecture"":""Zen 3"",""Performance Core Boost Clock"":""4.7 GHz"",""Performance Core Clock"":""3.8 GHz"",""TDP"":""105 W""}",https://cdna.pcpartpicker.com/static/forever/images/product/9b4cefb2e43f2c358f3a97a31e1be90b.256p.jpg
CPU,AMD,AMD Ryzen 7 5700X,148.66,130,"{""Core Count"":""8"",""Integrated Graphics"":""None"",""Microarchitecture"":""Zen 3"",""Performance Core Boost Clock"":""4.6 GHz"",""Performance Core Clock"":""3.4 GHz"",""TDP"":""65 W""}",https://cdna.pcpartpicker.com/static/forever/images/product/a0931f2db7bb9c37a199429c85a0d2e1.256p.jpg
CPU,AMD,AMD Ryzen 5 7500F,135.41,32,"{""Core Count"":""6"",""Integrated Graphics"":""None"",""Microarchitecture"":""Zen 4"",""Performance Core Boost Clock"":""5 GHz"",""Performance Core Clock"":""3.7 GHz"",""TDP"":""65 W""}",https://cdna.pcpartpicker.com/static/forever/images/product/521c4c2de515ace1e8bb11575e797393.256p.jpg
CPU,AMD,AMD Ryzen 9 9900X,343.9,50,"{""Core Count"":""12"",""Integrated Graphics"":""Radeon"",""Microarchitecture"":""Zen 5"",""Performance Core Boost Clock"":""5.6 GHz"",""Performance Core Clock"":""4.4 GHz"",""TDP"":""120 W""}",https://cdna.pcpartpicker.com/static/forever/images/product/8148c56c91723188e32a508682fa9854.256p.jpg
CPU,AMD,AMD Ryzen 5 3600,150.0,1194,"{""Core Count"":""6"",""Integrated Graphics"":""None"",""Microarchitecture"":""Zen 2"",""Performance Core Boost Clock"":""4.2 GHz"",""Performance Core Clock"":""3.6 GHz"",""TDP"":""65 W""}",https://cdna.pcpartpicker.com/static/forever/images/product/c7baf2c9c9cc15ae23adb24c2f4316fc.256p.jpg
CPU,AMD,AMD Ryzen 9 9950X3D2,872.0,1,"{""Core Count"":""16"",""Integrated Graphics"":""Radeon"",""Microarchitecture"":""Zen 5"",""Performance Core Boost Clock"":""5.6 GHz"",""Performance Core Clock"":""4.3 GHz"",""TDP"":""200 W""}",https://cdna.pcpartpicker.com/static/forever/images/product/c2478db9b5080594a0df3021f1064a52.256p.jpg
CPU,AMD,AMD Ryzen 5 7500X3D,222.88,0,"{""Core Count"":""6"",""Integrated Graphics"":""Radeon"",""Microarchitecture"":""Zen 4"",""Performance Core Boost Clock"":""4.5 GHz"",""Performance Core Clock"":""4 GHz"",""TDP"":""65 W""}",https://cdna.pcpartpicker.com/static/forever/images/product/c9f56052bf41c1d121d4c980e91ca6ec.256p.jpg
CPU,AMD,AMD Ryzen 7 5800XT,244.9,13,"{""Core Count"":""8"",""Integrated Graphics"":""None"",""Microarchitecture"":""Zen 3"",""Performance Core Boost Clock"":""4.8 GHz"",""Performance Core Clock"":""3.8 GHz"",""TDP"":""105 W""}",https://cdna.pcpartpicker.com/static/forever/images/product/ce5ffddc2c5a21f074f6abcc6e972249.256p.jpg
CPU,AMD,AMD Ryzen 5 7600,173.45,202,"{""Core Count"":""6"",""Integrated Graphics"":""Radeon"",""Microarchitecture"":""Zen 4"",""Performance Core Boost Clock"":""5.1 GHz"",""Performance Core Clock"":""3.8 GHz"",""TDP"":""65 W""}",https://cdna.pcpartpicker.com/static/forever/images/product/f0d757d712dd7145ecf00152653e5ec1.256p.jpg
CPU,AMD,AMD Ryzen 9 7900X,307.39,103,"{""Core Count"":""12"",""Integrated Graphics"":""Radeon"",""Microarchitecture"":""Zen 4"",""Performance Core Boost Clock"":""5.6 GHz"",""Performance Core Clock"":""4.7 GHz"",""TDP"":""170 W""}",https://cdna.pcpartpicker.com/static/forever/images/product/8de723005cfc1b85071c4abf4d76bd4e.256p.jpg
CPU,AMD,AMD Ryzen 9 9950X,498.9,24,"{""Core Count"":""16"",""Integrated Graphics"":""Radeon"",""Microarchitecture"":""Zen 5"",""Performance Core Boost Clock"":""5.7 GHz"",""Performance Core Clock"":""4.3 GHz"",""TDP"":""170 W""}",https://cdna.pcpartpicker.com/static/forever/images/product/53669af807496f1034349a25fc685672.256p.jpg
CPU,AMD,AMD Ryzen 5 5600G,154.12,149,"{""Core Count"":""6"",""Integrated Graphics"":""Radeon Vega 7"",""Microarchitecture"":""Zen 3"",""Performance Core Boost Clock"":""4.4 GHz"",""Performance Core Clock"":""3.9 GHz"",""TDP"":""65 W""}",https://cdna.pcpartpicker.com/static/forever/images/product/1dd09dfdc581be6224a323d49d714c7f.256p.jpg
CPU,AMD,AMD Ryzen 9 5950X,369.86,115,"{""Core Count"":""16"",""Integrated Graphics"":""None"",""Microarchitecture"":""Zen 3"",""Performance Core Boost Clock"":""4.9 GHz"",""Performance Core Clock"":""3.4 GHz"",""TDP"":""105 W""}",https://cdna.pcpartpicker.com/static/forever/images/product/1d7073a2deda3bd22963a7e248bbe3e4.256p.jpg
CPU,AMD,AMD Ryzen 5 8500G,146.43,3,"{""Core Count"":""6"",""Integrated Graphics"":""Radeon 740M"",""Microarchitecture"":""Zen 4"",""Performance Core Boost Clock"":""5 GHz"",""Performance Core Clock"":""4.1 GHz"",""TDP"":""65 W""}",https://cdna.pcpartpicker.com/static/forever/images/product/2a87a9a2a5a34b013ae637285470d93a.256p.jpg
CPU,AMD,AMD Ryzen 7 3700X,316.7,638,"{""Core Count"":""8"",""Integrated Graphics"":""None"",""Microarchitecture"":""Zen 2"",""Performance Core Boost Clock"":""4.4 GHz"",""Performance Core Clock"":""3.6 GHz"",""TDP"":""65 W""}",https://cdna.pcpartpicker.com/static/forever/images/product/23cd3adfd50037c1b44d6d53edb15248.256p.jpg
CPU,AMD,AMD Ryzen 7 5700G,168.5,56,"{""Core Count"":""8"",""Integrated Graphics"":""Radeon Vega 8"",""Microarchitecture"":""Zen 3"",""Performance Core Boost Clock"":""4.6 GHz"",""Performance Core Clock"":""3.8 GHz"",""TDP"":""65 W""}",https://cdna.pcpartpicker.com/static/forever/images/product/f599944d7bed683e57062447764ce9d9.256p.jpg
CPU,AMD,AMD Ryzen 7 5700,169.21,5,"{""Core Count"":""8"",""Integrated Graphics"":""None"",""Microarchitecture"":""Zen 3"",""Performance Core Boost Clock"":""4.6 GHz"",""Performance Core Clock"":""3.7 GHz"",""TDP"":""65 W""}",https://cdna.pcpartpicker.com/static/forever/images/product/5c2e33214954959b8fe3759699e29ad2.256p.jpg
CPU,AMD,AMD Ryzen 5 5600XT,148.66,4,"{""Core Count"":""6"",""Integrated Graphics"":""None"",""Microarchitecture"":""Zen 3"",""Performance Core Boost Clock"":""4.7 GHz"",""Performance Core Clock"":""3.7 GHz"",""TDP"":""65 W""}",https://cdna.pcpartpicker.com/static/forever/images/product/a010fc03fea2809af2c8fd966fbd483c.256p.jpg
CPU,AMD,AMD Ryzen 9 9900X3D,535.44,4,"{""Core Count"":""12"",""Integrated Graphics"":""Radeon"",""Microarchitecture"":""Zen 5"",""Performance Core Boost Clock"":""5.5 GHz"",""Performance Core Clock"":""4.4 GHz"",""TDP"":""120 W""}",https://cdna.pcpartpicker.com/static/forever/images/product/990c9be284c611b84c6a33e9706b1efa.256p.jpg
CPU,AMD,AMD Ryzen 7 7800X3D,314.05,4,"{""Core Count"":""8"",""Integrated Graphics"":""Radeon"",""Microarchitecture"":""Zen 4"",""Performance Core Boost Clock"":""5 GHz"",""Performance Core Clock"":""4.2 GHz"",""TDP"":""120 W""}",https://cdna.pcpartpicker.com/static/forever/images/product/e8e7d9593f6e2f60baf789cbfb94eb55.256p.jpg
CPU,AMD,AMD Ryzen 5 8400F,138.74,5,"{""Core Count"":""6"",""Integrated Graphics"":""None"",""Microarchitecture"":""Zen 4"",""Performance Core Boost Clock"":""4.7 GHz"",""Performance Core Clock"":""4.2 GHz"",""TDP"":""65 W""}",https://cdna.pcpartpicker.com/static/forever/images/product/2c2a93ae222699dace151a0f718e21c0.256p.jpg
CPU,AMD,AMD Ryzen 9 5900X,588.0,247,"{""Core Count"":""12"",""Integrated Graphics"":""None"",""Microarchitecture"":""Zen 3"",""Performance Core Boost Clock"":""4.8 GHz"",""Performance Core Clock"":""3.7 GHz"",""TDP"":""105 W""}",https://cdna.pcpartpicker.com/static/forever/images/product/1d7073a2deda3bd22963a7e248bbe3e4.256p.jpg
CPU,AMD,AMD Ryzen 9 5900XT,327.17,2,"{""Core Count"":""16"",""Integrated Graphics"":""None"",""Microarchitecture"":""Zen 3"",""Performance Core Boost Clock"":""4.8 GHz"",""Performance Core Clock"":""3.3 GHz"",""TDP"":""105 W""}",https://cdna.pcpartpicker.com/static/forever/images/product/36739b3a1511a7c493b2f987b43cd144.256p.jpg
CPU,AMD,AMD Ryzen 5 4500,69.32,24,"{""Core Count"":""6"",""Integrated Graphics"":""None"",""Microarchitecture"":""Zen 2"",""Performance Core Boost Clock"":""4.1 GHz"",""Performance Core Clock"":""3.6 GHz"",""TDP"":""65 W""}",https://cdna.pcpartpicker.com/static/forever/images/product/e1f3bf613a5651db6f394c8dd41f0f15.256p.jpg
CPU,AMD,AMD Ryzen 7 8700G,287.94,4,"{""Core Count"":""8"",""Integrated Graphics"":""Radeon 780M"",""Microarchitecture"":""Zen 4"",""Performance Core Boost Clock"":""5.1 GHz"",""Performance Core Clock"":""4.2 GHz"",""TDP"":""65 W""}",https://cdna.pcpartpicker.com/static/forever/images/product/e5ca60dc2137886fac6e13e30aad8ed9.256p.jpg
CPU,AMD,AMD Ryzen 7 7700,283.51,64,"{""Core Count"":""8"",""Integrated Graphics"":""Radeon"",""Microarchitecture"":""Zen 4"",""Performance Core Boost Clock"":""5.3 GHz"",""Performance Core Clock"":""3.6 GHz"",""TDP"":""65 W""}",https://cdna.pcpartpicker.com/static/forever/images/product/6e6bcad6744a6a7302394f2edf5a6e34.256p.jpg
CPU,AMD,AMD Ryzen 5 5600GT,139.9,4,"{""Core Count"":""6"",""Integrated Graphics"":""Radeon Vega 7"",""Microarchitecture"":""Zen 3"",""Performance Core Boost Clock"":""4.6 GHz"",""Performance Core Clock"":""3.6 GHz"",""TDP"":""65 W""}",https://cdna.pcpartpicker.com/static/forever/images/product/7a6babfed0885332f51c70772687fcd1.256p.jpg
CPU,AMD,AMD Ryzen 9 7950X3D,999.99,75,"{""Core Count"":""16"",""Integrated Graphics"":""Radeon"",""Microarchitecture"":""Zen 4"",""Performance Core Boost Clock"":""5.7 GHz"",""Performance Core Clock"":""4.2 GHz"",""TDP"":""120 W""}",https://cdna.pcpartpicker.com/static/forever/images/product/4f8b13807b9b9e2ab921ddb6e6e81afb.256p.jpg
CPU,AMD,AMD Ryzen 5 8600G,156.32,16,"{""Core Count"":""6"",""Integrated Graphics"":""Radeon 760M"",""Microarchitecture"":""Zen 4"",""Performance Core Boost Clock"":""5 GHz"",""Performance Core Clock"":""4.3 GHz"",""TDP"":""65 W""}",https://cdna.pcpartpicker.com/static/forever/images/product/d5ae2e9f000a9c994f70e092b05c80ef.256p.jpg
CPU,AMD,AMD Ryzen 7 8700F,216.15,3,"{""Core Count"":""8"",""Integrated Graphics"":""None"",""Microarchitecture"":""Zen 4"",""Performance Core Boost Clock"":""5 GHz"",""Performance Core Clock"":""4.1 GHz"",""TDP"":""65 W""}",https://cdna.pcpartpicker.com/static/forever/images/product/b6ab2ee57b91c56a92a3da6346e47627.256p.jpg
CPU,AMD,AMD Ryzen 3 3200G,67.9,63,"{""Core Count"":""4"",""Integrated Graphics"":""Radeon Vega 8"",""Microarchitecture"":""Zen+"",""Performance Core Boost Clock"":""4 GHz"",""Performance Core Clock"":""3.6 GHz"",""TDP"":""65 W""}",https://cdna.pcpartpicker.com/static/forever/images/product/3567a863156c083a7d4c8fcb7e0dbdac.256p.jpg
CPU,AMD,AMD Ryzen 7 7700,188.99,4,"{""Core Count"":""8"",""Integrated Graphics"":""Radeon"",""Microarchitecture"":""Zen 4"",""Performance Core Boost Clock"":""5.3 GHz"",""Performance Core Clock"":""3.6 GHz"",""TDP"":""65 W""}",https://cdna.pcpartpicker.com/static/forever/images/product/1f2aab4ab8e27a0ec320481944020943.256p.jpg
CPU,AMD,AMD Ryzen 9 7950X,822.95,51,"{""Core Count"":""16"",""Integrated Graphics"":""Radeon"",""Microarchitecture"":""Zen 4"",""Performance Core Boost Clock"":""5.7 GHz"",""Performance Core Clock"":""4.5 GHz"",""TDP"":""170 W""}",https://cdna.pcpartpicker.com/static/forever/images/product/8de723005cfc1b85071c4abf4d76bd4e.256p.jpg
CPU,AMD,AMD Ryzen 5 3600X,289.0,203,"{""Core Count"":""6"",""Integrated Graphics"":""None"",""Microarchitecture"":""Zen 2"",""Performance Core Boost Clock"":""4.4 GHz"",""Performance Core Clock"":""3.8 GHz"",""TDP"":""95 W""}",https://cdna.pcpartpicker.com/static/forever/images/product/c7baf2c9c9cc15ae23adb24c2f4316fc.256p.jpg
CPU,AMD,AMD Ryzen 3 4100,55.99,7,"{""Core Count"":""4"",""Integrated Graphics"":""None"",""Microarchitecture"":""Zen 2"",""Performance Core Boost Clock"":""4 GHz"",""Performance Core Clock"":""3.8 GHz"",""TDP"":""65 W""}",https://cdna.pcpartpicker.com/static/forever/images/product/43c4d752d1441ed420dd80502e718918.256p.jpg
CPU,AMD,AMD Ryzen 7 2700X,329.0,358,"{""Core Count"":""8"",""Integrated Graphics"":""None"",""Microarchitecture"":""Zen+"",""Performance Core Boost Clock"":""4.3 GHz"",""Performance Core Clock"":""3.7 GHz"",""TDP"":""105 W""}",https://cdna.pcpartpicker.com/static/forever/images/product/4e84967ef18c9b42e543b58c836d73ef.256p.jpg
CPU,AMD,AMD Ryzen 5 5500GT,180.94,6,"{""Core Count"":""6"",""Integrated Graphics"":""Radeon Vega 7"",""Microarchitecture"":""Zen 3"",""Performance Core Boost Clock"":""4.4 GHz"",""Performance Core Clock"":""3.6 GHz"",""TDP"":""65 W""}",https://cdna.pcpartpicker.com/static/forever/images/product/65f2a2e1999cd06b510b8ee145a2c14f.256p.jpg
CPU,AMD,AMD Ryzen 9 7900X3D,660.0,23,"{""Core Count"":""12"",""Integrated Graphics"":""Radeon"",""Microarchitecture"":""Zen 4"",""Performance Core Boost Clock"":""5.6 GHz"",""Performance Core Clock"":""4.4 GHz"",""TDP"":""120 W""}",https://cdna.pcpartpicker.com/static/forever/images/product/98c4874ed550e2bbcc2d29d67177ddc8.256p.jpg
CPU,AMD,AMD Ryzen 9 7900,297.42,20,"{""Core Count"":""12"",""Integrated Graphics"":""Radeon"",""Microarchitecture"":""Zen 4"",""Performance Core Boost Clock"":""5.4 GHz"",""Performance Core Clock"":""3.7 GHz"",""TDP"":""65 W""}",https://cdna.pcpartpicker.com/static/forever/images/product/119ef93ef95a60950418031082149c5b.256p.jpg
GPU,Asus,Asus ROG Astral OC,3529.9,12,"{""Boost Clock"":""2610 MHz"",""Chipset"":""GeForce RTX 5090"",""Color"":""Black \/ Silver"",""Core Clock"":""2010 MHz"",""Length"":""358 mm"",""Memory"":""32 GB""}",https://cdna.pcpartpicker.com/static/forever/images/product/0161407080353d18971dcccd15dc3722.256p.jpg
GPU,Asus,Asus DUAL OC,594.94,4,"{""Boost Clock"":""2632 MHz"",""Chipset"":""GeForce RTX 5060 Ti"",""Color"":""Black \/ Silver"",""Core Clock"":""2410 MHz"",""Length"":""229 mm"",""Memory"":""16 GB""}",https://cdna.pcpartpicker.com/static/forever/images/product/59667fe806af75adbdce293b8f5fb626.256p.jpg
GPU,Asus,Asus PRIME OC,721.88,22,"{""Boost Clock"":""3030 MHz"",""Chipset"":""Radeon RX 9070 XT"",""Color"":""Black"",""Core Clock"":""2460 MHz"",""Length"":""312 mm"",""Memory"":""16 GB""}",https://cdna.pcpartpicker.com/static/forever/images/product/a276b7c0da9743accbc0a6e0d88732df.256p.jpg
GPU,Asus,Asus PRIME OC,642.0,12,"{""Boost Clock"":"""",""Chipset"":""GeForce RTX 5070"",""Color"":""Black \/ White"",""Core Clock"":""2160 MHz"",""Length"":""306 mm"",""Memory"":""12 GB""}",https://cdna.pcpartpicker.com/static/forever/images/product/fde7ea2fd82e40a1a6acb5297de68611.256p.jpg
GPU,Asus,Asus ROG Astral OC,3889.99,2,"{""Boost Clock"":""2610 MHz"",""Chipset"":""GeForce RTX 5090"",""Color"":""White"",""Core Clock"":""2010 MHz"",""Length"":""358 mm"",""Memory"":""32 GB""}",https://cdna.pcpartpicker.com/static/forever/images/product/3029551a5188e0135f3106c0d45ddf6d.256p.jpg
GPU,Asus,Asus ROG Astral OC,1615.44,10,"{""Boost Clock"":"""",""Chipset"":""GeForce RTX 5080"",""Color"":""Black \/ Silver"",""Core Clock"":""2300 MHz"",""Length"":""358 mm"",""Memory"":""16 GB""}",https://cdna.pcpartpicker.com/static/forever/images/product/94f5fe9dfa12cf9590ae428b8ba3da53.256p.jpg
GPU,Asus,Asus TUF GAMING OC,3299.0,3,"{""Boost Clock"":"""",""Chipset"":""GeForce RTX 5090"",""Color"":""Black \/ Silver"",""Core Clock"":""2010 MHz"",""Length"":""348 mm"",""Memory"":""32 GB""}",https://cdna.pcpartpicker.com/static/forever/images/product/d85af27e38505651d2ad048fb72ee1fa.256p.jpg
GPU,Asus,Asus TUF GAMING OC,1129.99,12,"{""Boost Clock"":""2610 MHz"",""Chipset"":""GeForce RTX 5070 Ti"",""Color"":""Black \/ Silver"",""Core Clock"":""2300 MHz"",""Length"":""329 mm"",""Memory"":""16 GB""}",https://cdna.pcpartpicker.com/static/forever/images/product/a9f549d5905f54cf6f3e43c9a38643d5.256p.jpg
GPU,Asus,Asus DUAL OC,337.09,0,"{""Boost Clock"":""2565 MHz"",""Chipset"":""GeForce RTX 5060"",""Color"":""Black"",""Core Clock"":""2280 MHz"",""Length"":""228 mm"",""Memory"":""8 GB""}",https://cdna.pcpartpicker.com/static/forever/images/product/23a1e1dd2f60fa785cdb2997371feabf.256p.jpg
GPU,Asus,Asus PRIME,1288.26,9,"{""Boost Clock"":"""",""Chipset"":""GeForce RTX 5080"",""Color"":""Black \/ White"",""Core Clock"":""2300 MHz"",""Length"":""306 mm"",""Memory"":""16 GB""}",https://cdna.pcpartpicker.com/static/forever/images/product/d3b30a207c7d1f6425a742e9169a8ee0.256p.jpg
GPU,Asus,Asus ROG Astral OC,1781.72,1,"{""Boost Clock"":""2790 MHz"",""Chipset"":""GeForce RTX 5080"",""Color"":""White"",""Core Clock"":""2300 MHz"",""Length"":""358 mm"",""Memory"":""16 GB""}",https://cdna.pcpartpicker.com/static/forever/images/product/0c61adf68593e6468e8391b21dd9f9cb.256p.jpg
GPU,Asus,Asus ROG Astral LC OC,4138.09,0,"{""Boost Clock"":""2610 MHz"",""Chipset"":""GeForce RTX 5090"",""Color"":""Black \/ Silver"",""Core Clock"":""2010 MHz"",""Length"":""288 mm"",""Memory"":""32 GB""}",https://cdna.pcpartpicker.com/static/forever/images/product/adc50b2db9f548ed8e1fefbdbdc80709.256p.jpg
GPU,Asus,Asus DUAL OC,797.28,2,"{""Boost Clock"":""2595 MHz"",""Chipset"":""GeForce RTX 4060 Ti"",""Color"":""Black"",""Core Clock"":""2310 MHz"",""Length"":""227 mm"",""Memory"":""8 GB""}",https://cdna.pcpartpicker.com/static/forever/images/product/9d924ea894f7a9c206bb6cd8c71a4ced.256p.jpg
GPU,Asus,Asus TUF GAMING OC,1446.84,9,"{""Boost Clock"":"""",""Chipset"":""GeForce RTX 5080"",""Color"":""Black \/ Silver"",""Core Clock"":""2300 MHz"",""Length"":""348 mm"",""Memory"":""16 GB""}",https://cdna.pcpartpicker.com/static/forever/images/product/a5d521869c682b9b728f2a33f3c555ac.256p.jpg
GPU,Asus,Asus ROG STRIX GAMING OC,1279.0,2,"{""Boost Clock"":""2625 MHz"",""Chipset"":""GeForce RTX 5070 Ti"",""Color"":""Black \/ Silver"",""Core Clock"":""2300 MHz"",""Length"":""332 mm"",""Memory"":""16 GB""}",https://cdna.pcpartpicker.com/static/forever/images/product/b17fcb9e900098a2cc46c5fe2c2411a6.256p.jpg
GPU,Asus,Asus PRIME OC,1003.39,5,"{""Boost Clock"":""2527 MHz"",""Chipset"":""GeForce RTX 5070 Ti"",""Color"":""Black \/ White"",""Core Clock"":""2300 MHz"",""Length"":""306 mm"",""Memory"":""16 GB""}",https://cdna.pcpartpicker.com/static/forever/images/product/43191ac360269737064e20b57d60c9b6.256p.jpg
GPU,Asus,Asus DUAL,448.0,2,"{""Boost Clock"":""3250 MHz"",""Chipset"":""Radeon RX 9060 XT"",""Color"":""Black"",""Core Clock"":""2220 MHz"",""Length"":""202 mm"",""Memory"":""16 GB""}",https://cdna.pcpartpicker.com/static/forever/images/product/e049daeea6a93f7ac4473a2314c95f0b.256p.jpg
GPU,Asus,Asus DUAL OC,662.38,2,"{""Boost Clock"":""2572 MHz"",""Chipset"":""GeForce RTX 5070"",""Color"":""Black \/ Silver"",""Core Clock"":""2160 MHz"",""Length"":""249 mm"",""Memory"":""12 GB""}",https://cdna.pcpartpicker.com/static/forever/images/product/67d42e78c9d3161b95b1e8290cdd4f20.256p.jpg
GPU,Asus,Asus DUAL EVO OC,297.0,1,"{""Boost Clock"":""2715 MHz"",""Chipset"":""Radeon RX 7600"",""Color"":""Black"",""Core Clock"":""1720 MHz"",""Length"":""229 mm"",""Memory"":""8 GB""}",https://m.media-amazon.com/images/I/414SnAcfbtL.jpg
GPU,Asus,Asus PRIME OC,642.09,2,"{""Boost Clock"":""2610 MHz"",""Chipset"":""Radeon RX 9070"",""Color"":""Black"",""Core Clock"":""2120 MHz"",""Length"":""312 mm"",""Memory"":""16 GB""}",https://cdna.pcpartpicker.com/static/forever/images/product/2197955e514897b8c1ddb0c4e1b4ecbb.256p.jpg
GPU,Gigabyte,Gigabyte GAMING OC,408.9,19,"{""Boost Clock"":""3320 MHz"",""Chipset"":""Radeon RX 9060 XT"",""Color"":""Black"",""Core Clock"":""2220 MHz"",""Length"":""281 mm"",""Memory"":""16 GB""}",https://cdna.pcpartpicker.com/static/forever/images/product/867a636cde1c3c9762b06bde17acd022.256p.jpg
GPU,Gigabyte,Gigabyte WINDFORCE OC,349.99,1,"{""Boost Clock"":"""",""Chipset"":""GeForce RTX 5060"",""Color"":""Black"",""Core Clock"":""2280 MHz"",""Length"":""199 mm"",""Memory"":""8 GB""}",https://cdna.pcpartpicker.com/static/forever/images/product/b5efd683779ac37de1ac562745545713.256p.jpg
GPU,Gigabyte,Gigabyte GAMING OC,658.9,36,"{""Boost Clock"":""3060 MHz"",""Chipset"":""Radeon RX 9070 XT"",""Color"":""Black"",""Core Clock"":""2520 MHz"",""Length"":""288 mm"",""Memory"":""16 GB""}",https://cdna.pcpartpicker.com/static/forever/images/product/c667996432f428a46dd9e6286ff95b5f.256p.jpg
GPU,Gigabyte,Gigabyte WINDFORCE OC SFF,608.9,11,"{""Boost Clock"":""2542 MHz"",""Chipset"":""GeForce RTX 5070"",""Color"":""Black"",""Core Clock"":""2160 MHz"",""Length"":""282 mm"",""Memory"":""12 GB""}",https://cdna.pcpartpicker.com/static/forever/images/product/136567e8e098d881d15de177db1e9243.256p.jpg
GPU,Gigabyte,Gigabyte WINDFORCE OC SFF,1331.39,4,"{""Boost Clock"":"""",""Chipset"":""GeForce RTX 5080"",""Color"":""Black"",""Core Clock"":""2300 MHz"",""Length"":""304 mm"",""Memory"":""16 GB""}",https://cdna.pcpartpicker.com/static/forever/images/product/b593bb95ec0b9a1c2e4bf889f2a8dd32.256p.jpg
GPU,Gigabyte,Gigabyte WINDFORCE OC,284.99,2,"{""Boost Clock"":""2587 MHz"",""Chipset"":""GeForce RTX 5050"",""Color"":""Black"",""Core Clock"":""2317 MHz"",""Length"":""199 mm"",""Memory"":""8 GB""}",https://cdna.pcpartpicker.com/static/forever/images/product/4801f8a610ec271e57ce976632af40de.256p.jpg
GPU,Gigabyte,Gigabyte EAGLE OC SFF,634.61,4,"{""Boost Clock"":""2587 MHz"",""Chipset"":""GeForce RTX 5070"",""Color"":""White"",""Core Clock"":""2160 MHz"",""Length"":""290 mm"",""Memory"":""12 GB""}",https://cdna.pcpartpicker.com/static/forever/images/product/a3192df075922ee3bd6fe1e04301b624.256p.jpg
GPU,Gigabyte,Gigabyte WINDFORCE OC SFF,949.99,8,"{""Boost Clock"":"""",""Chipset"":""GeForce RTX 5070 Ti"",""Color"":""Black"",""Core Clock"":""2497 MHz"",""Length"":""304 mm"",""Memory"":""16 GB""}",https://cdna.pcpartpicker.com/static/forever/images/product/01f288f2abde496dcb1620b0da58df50.256p.jpg
GPU,Gigabyte,Gigabyte WINDFORCE OC,989.99,27,"{""Boost Clock"":""2490 MHz"",""Chipset"":""GeForce RTX 4070"",""Color"":""Black"",""Core Clock"":""1920 MHz"",""Length"":""261 mm"",""Memory"":""12 GB""}",https://cdna.pcpartpicker.com/static/forever/images/product/772cce097c55469671a0d75ea4aca83a.256p.jpg
GPU,Gigabyte,Gigabyte GAMING OC,1308.9,8,"{""Boost Clock"":"""",""Chipset"":""GeForce RTX 5080"",""Color"":""Black"",""Core Clock"":""2300 MHz"",""Length"":""340 mm"",""Memory"":""16 GB""}",https://cdna.pcpartpicker.com/static/forever/images/product/f59f755822e537a84f21ec7920a76f83.256p.jpg
GPU,Gigabyte,Gigabyte GAMING OC,610.16,4,"{""Boost Clock"":""2647 MHz"",""Chipset"":""GeForce RTX 5060 Ti"",""Color"":""Black"",""Core Clock"":""2410 MHz"",""Length"":""281 mm"",""Memory"":""16 GB""}",https://cdna.pcpartpicker.com/static/forever/images/product/cb68f30150eed43e764817cccdee7feb.256p.jpg
GPU,Gigabyte,Gigabyte GAMING OC,408.9,2,"{""Boost Clock"":""3320 MHz"",""Chipset"":""Radeon RX 9060 XT"",""Color"":""Silver"",""Core Clock"":""2220 MHz"",""Length"":""281 mm"",""Memory"":""16 GB""}",https://cdna.pcpartpicker.com/static/forever/images/product/27793ac552c557f6f45298b579d3224b.256p.jpg
GPU,Gigabyte,Gigabyte AERO OC,1119.99,14,"{""Boost Clock"":"""",""Chipset"":""GeForce RTX 5070 Ti"",""Color"":""White \/ Silver"",""Core Clock"":""2588 MHz"",""Length"":""340 mm"",""Memory"":""16 GB""}",https://cdna.pcpartpicker.com/static/forever/images/product/87996fa1877095ab8f6db8fb7b6adf34.256p.jpg
GPU,Gigabyte,Gigabyte AORUS MASTER,3955.0,10,"{""Boost Clock"":""2655 MHz"",""Chipset"":""GeForce RTX 5090"",""Color"":""White"",""Core Clock"":""2010 MHz"",""Length"":""360 mm"",""Memory"":""32 GB""}",https://cdna.pcpartpicker.com/static/forever/images/product/3b48514507cb494a63445b44ad4592ec.256p.jpg
GPU,Gigabyte,Gigabyte AORUS MASTER ICE,1549.97,8,"{""Boost Clock"":"""",""Chipset"":""GeForce RTX 5080"",""Color"":""White \/ Silver"",""Core Clock"":""2300 MHz"",""Length"":""360 mm"",""Memory"":""16 GB""}",https://cdna.pcpartpicker.com/static/forever/images/product/0d1d28281116c9f7c303f386a28f7355.256p.jpg
GPU,Gigabyte,Gigabyte GAMING OC,1018.9,11,"{""Boost Clock"":"""",""Chipset"":""GeForce RTX 5070 Ti"",""Color"":""Black"",""Core Clock"":""2588 MHz"",""Length"":""340 mm"",""Memory"":""16 GB""}",https://cdna.pcpartpicker.com/static/forever/images/product/7286e3994f72346993fa78135c86ddbe.256p.jpg
GPU,Gigabyte,Gigabyte EAGLE OC ICE,329.16,1,"{""Boost Clock"":"""",""Chipset"":""GeForce RTX 5060"",""Color"":""White"",""Core Clock"":""2280 MHz"",""Length"":""208 mm"",""Memory"":""8 GB""}",https://cdna.pcpartpicker.com/static/forever/images/product/a6bfce56e3fc8852e785b3e828bb8877.256p.jpg
GPU,Gigabyte,Gigabyte AORUS MASTER,3606.94,3,"{""Boost Clock"":""2655 MHz"",""Chipset"":""GeForce RTX 5090"",""Color"":""Black"",""Core Clock"":""2010 MHz"",""Length"":""360 mm"",""Memory"":""32 GB""}",https://cdna.pcpartpicker.com/static/forever/images/product/96ecd11ddbe5a193c95422e8e620fca6.256p.jpg
GPU,Gigabyte,Gigabyte GAMING OC,608.0,5,"{""Boost Clock"":""2700 MHz"",""Chipset"":""Radeon RX 9070"",""Color"":""Black"",""Core Clock"":""2070 MHz"",""Length"":""288 mm"",""Memory"":""16 GB""}",https://cdna.pcpartpicker.com/static/forever/images/product/5d6f201220f5ac12231606988260d075.256p.jpg
GPU,Gigabyte,Gigabyte GAMING OC ICE,699.0,0,"{""Boost Clock"":""3060 MHz"",""Chipset"":""Radeon RX 9070 XT"",""Color"":""White"",""Core Clock"":""2400 MHz"",""Length"":""288 mm"",""Memory"":""16 GB""}",https://cdna.pcpartpicker.com/static/forever/images/product/ce5fe8c1e8a90bcfb4359474dcf4f05d.256p.jpg
GPU,MSI,MSI SHADOW 3X OC,1025.3,4,"{""Boost Clock"":""2497 MHz"",""Chipset"":""GeForce RTX 5070 Ti"",""Color"":""Black"",""Core Clock"":""2300 MHz"",""Length"":""303 mm"",""Memory"":""16 GB""}",https://cdna.pcpartpicker.com/static/forever/images/product/7221b486502c1d25055ea2c4178c77c9.256p.jpg
GPU,MSI,MSI LIGHTNING Z,5319.9,0,"{""Boost Clock"":""2775 MHz"",""Chipset"":""GeForce RTX 5090"",""Color"":""Black \/ Gold"",""Core Clock"":""2010 MHz"",""Length"":""260 mm"",""Memory"":""32 GB""}",https://m.media-amazon.com/images/I/41M315GkiKL.jpg
GPU,MSI,MSI GAMING TRIO OC,1044.99,7,"{""Boost Clock"":""2580 MHz"",""Chipset"":""GeForce RTX 5070 Ti"",""Color"":""Black"",""Core Clock"":""2300 MHz"",""Length"":""338 mm"",""Memory"":""16 GB""}",https://cdna.pcpartpicker.com/static/forever/images/product/370365e652c3b14625e18aedae953a7b.256p.jpg
GPU,MSI,MSI VENTUS 2X PLUS OC,579.99,3,"{""Boost Clock"":""2617 MHz"",""Chipset"":""GeForce RTX 5060 Ti"",""Color"":""Black \/ Gray"",""Core Clock"":""2410 MHz"",""Length"":""227 mm"",""Memory"":""16 GB""}",https://cdna.pcpartpicker.com/static/forever/images/product/119d0908566b15ced62e41f53a108469.256p.jpg
GPU,MSI,MSI GAMING TRIO OC,1180.9,3,"{""Boost Clock"":""2580 MHz"",""Chipset"":""GeForce RTX 5070 Ti"",""Color"":""White"",""Core Clock"":""2300 MHz"",""Length"":""338 mm"",""Memory"":""16 GB""}",https://cdna.pcpartpicker.com/static/forever/images/product/de5537537c77534a3cc82329db036144.256p.jpg
GPU,MSI,MSI VENTUS 2X PLUS OC,356.93,2,"{""Boost Clock"":""2617 MHz"",""Chipset"":""GeForce RTX 5060 Ti"",""Color"":""Black \/ Gray"",""Core Clock"":""2410 MHz"",""Length"":""227 mm"",""Memory"":""8 GB""}",https://cdna.pcpartpicker.com/static/forever/images/product/448885cffd9a078d3cd0a6c8aa2305e6.256p.jpg
GPU,MSI,MSI VENTUS 2X XS OC,404.35,1,"{""Boost Clock"":""1807 MHz"",""Chipset"":""GeForce RTX 3050 8GB"",""Color"":""Black \/ Gray"",""Core Clock"":""1550 MHz"",""Length"":""205 mm"",""Memory"":""8 GB""}",https://cdna.pcpartpicker.com/static/forever/images/product/cd30fd761012460241548ac2a5a9f8a4.256p.jpg
GPU,MSI,MSI VENTUS 3X OC,956.9,10,"{""Boost Clock"":""2497 MHz"",""Chipset"":""GeForce RTX 5070 Ti"",""Color"":""Silver \/ Black"",""Core Clock"":""2300 MHz"",""Length"":""303 mm"",""Memory"":""16 GB""}",https://cdna.pcpartpicker.com/static/forever/images/product/39f468764f322157ce781ad2c4fa803b.256p.jpg
GPU,MSI,MSI GAMING TRIO OC,697.9,8,"{""Boost Clock"":"""",""Chipset"":""GeForce RTX 5070"",""Color"":""Black"",""Core Clock"":""2160 MHz"",""Length"":""338 mm"",""Memory"":""12 GB""}",https://cdna.pcpartpicker.com/static/forever/images/product/2fe4d7973d88d4a9d1c19f5fa3b767ca.256p.jpg
GPU,MSI,MSI GAMING TRIO OC,1398.9,6,"{""Boost Clock"":"""",""Chipset"":""GeForce RTX 5080"",""Color"":""Black \/ Silver"",""Core Clock"":""2300 MHz"",""Length"":""338 mm"",""Memory"":""16 GB""}",https://cdna.pcpartpicker.com/static/forever/images/product/b9d497b4a6cf3f7d1d475cb03ca001d3.256p.jpg
GPU,MSI,MSI VENTUS 3X OC,1439.99,0,"{""Boost Clock"":""2655 MHz"",""Chipset"":""GeForce RTX 5080"",""Color"":""White"",""Core Clock"":""2300 MHz"",""Length"":""303 mm"",""Memory"":""16 GB""}",https://cdna.pcpartpicker.com/static/forever/images/product/b3e14fb33812db4cb9829a18b6066b2c.256p.jpg
GPU,MSI,MSI GAMING TRIO OC,3499.0,9,"{""Boost Clock"":"""",""Chipset"":""GeForce RTX 5090"",""Color"":""Black \/ Silver"",""Core Clock"":""2010 MHz"",""Length"":""359 mm"",""Memory"":""32 GB""}",https://cdna.pcpartpicker.com/static/forever/images/product/95f27af65a763da39cf414b23ee93a8f.256p.jpg
GPU,MSI,MSI VENTUS 2X OC,328.9,1,"{""Boost Clock"":""2535 MHz"",""Chipset"":""GeForce RTX 5060"",""Color"":""Silver \/ Black"",""Core Clock"":""2280 MHz"",""Length"":""197 mm"",""Memory"":""8 GB""}",https://cdna.pcpartpicker.com/static/forever/images/product/9e3f74e84fe87188601bcd51e943b19a.256p.jpg
GPU,MSI,MSI LP OC,321.64,3,"{""Boost Clock"":""1492 MHz"",""Chipset"":""GeForce RTX 3050 6GB"",""Color"":""Black"",""Core Clock"":""1040 MHz"",""Length"":""174 mm"",""Memory"":""6 GB""}",https://cdna.pcpartpicker.com/static/forever/images/product/4438465b282a947c070b4758cdccfdd5.256p.jpg
GPU,MSI,MSI VENTUS 2X OC,618.0,4,"{""Boost Clock"":""2557 MHz"",""Chipset"":""GeForce RTX 5070"",""Color"":""Silver \/ Black"",""Core Clock"":""2160 MHz"",""Length"":""236 mm"",""Memory"":""12 GB""}",https://cdna.pcpartpicker.com/static/forever/images/product/3b41941b9302f7e9095a49d681a27835.256p.jpg
GPU,MSI,MSI GT 710 2GD3H LP,54.99,4,"{""Boost Clock"":""954 MHz"",""Chipset"":""GeForce GT 710"",""Color"":""Black"",""Core Clock"":""954 MHz"",""Length"":""146 mm"",""Memory"":""2 GB""}",https://cdna.pcpartpicker.com/static/forever/images/product/a01ec3b624bf22abe8f1831194c4d226.256p.jpg
GPU,MSI,MSI GAMING TRIO OC,1534.92,2,"{""Boost Clock"":"""",""Chipset"":""GeForce RTX 5080"",""Color"":""White \/ Silver"",""Core Clock"":""2300 MHz"",""Length"":""338 mm"",""Memory"":""16 GB""}",https://cdna.pcpartpicker.com/static/forever/images/product/a9f9d593f041b94d1dde18938e61854f.256p.jpg
GPU,MSI,MSI VENTUS 3X OC,3455.94,3,"{""Boost Clock"":"""",""Chipset"":""GeForce RTX 5090"",""Color"":""Silver \/ Black"",""Core Clock"":""2010 MHz"",""Length"":""325 mm"",""Memory"":""32 GB""}",https://cdna.pcpartpicker.com/static/forever/images/product/bf765d1196075d80ad077b128f0d6189.256p.jpg
GPU,MSI,MSI SUPRIM SOC,3656.94,6,"{""Boost Clock"":"""",""Chipset"":""GeForce RTX 5090"",""Color"":""Black \/ Silver"",""Core Clock"":""2010 MHz"",""Length"":""359 mm"",""Memory"":""32 GB""}",https://cdna.pcpartpicker.com/static/forever/images/product/2795d47cf28435579c736f8422232f4e.256p.jpg
GPU,MSI,MSI VENTUS 2X OC,669.99,1,"{""Boost Clock"":""2557 MHz"",""Chipset"":""GeForce RTX 5070"",""Color"":""White"",""Core Clock"":""2160 MHz"",""Length"":""236 mm"",""Memory"":""12 GB""}",https://cdna.pcpartpicker.com/static/forever/images/product/ab0a387de3c0e98e413a664df7c0a33b.256p.jpg
GPU,PNY,PNY OC,1228.9,9,"{""Boost Clock"":""2730 MHz"",""Chipset"":""GeForce RTX 5080"",""Color"":""Black"",""Core Clock"":""2300 MHz"",""Length"":""329 mm"",""Memory"":""16 GB""}",https://cdna.pcpartpicker.com/static/forever/images/product/0f3e8c7fec641072601f855e0e3f8cf2.256p.jpg
GPU,PNY,PNY VCNRTX6000ADA-PB,7970.0,1,"{""Boost Clock"":""2505 MHz"",""Chipset"":""RTX 6000 Ada Generation"",""Color"":""Black \/ Gold"",""Core Clock"":""915 MHz"",""Length"":""267 mm"",""Memory"":""48 GB""}",https://cdna.pcpartpicker.com/static/forever/images/product/6ef5b8f1b94982c71019a0d9ac2795e2.256p.jpg
GPU,PNY,PNY OC,658.98,15,"{""Boost Clock"":""2587 MHz"",""Chipset"":""GeForce RTX 5070"",""Color"":""Black"",""Core Clock"":""2325 MHz"",""Length"":""300 mm"",""Memory"":""12 GB""}",https://cdna.pcpartpicker.com/static/forever/images/product/0973dbab1cd448060518fa00a079616c.256p.jpg
GPU,PNY,PNY OC,966.9,13,"{""Boost Clock"":""2572 MHz"",""Chipset"":""GeForce RTX 5070 Ti"",""Color"":""Black"",""Core Clock"":""2295 MHz"",""Length"":""300 mm"",""Memory"":""16 GB""}",https://cdna.pcpartpicker.com/static/forever/images/product/4fbe161d8b3204734dc5c964dc5443e4.256p.jpg
GPU,PNY,PNY ARGB EPIC-X RGB OC,1258.9,4,"{""Boost Clock"":""2780 MHz"",""Chipset"":""GeForce RTX 5080"",""Color"":""Black"",""Core Clock"":""2300 MHz"",""Length"":""329 mm"",""Memory"":""16 GB""}",https://cdna.pcpartpicker.com/static/forever/images/product/a80c21ceedea8021d7b2efdade387f44.256p.jpg
GPU,PNY,PNY Dual Fan OC,379.9,1,"{""Boost Clock"":""2692 MHz"",""Chipset"":""GeForce RTX 5060 Ti"",""Color"":""Black"",""Core Clock"":""2407 MHz"",""Length"":""245 mm"",""Memory"":""8 GB""}",https://cdna.pcpartpicker.com/static/forever/images/product/3d086ea2ea25e57886cd68c49337b0fb.256p.jpg
GPU,PNY,PNY VCQP620-PB,327.77,1,"{""Boost Clock"":""1354 MHz"",""Chipset"":""Quadro P620"",""Color"":""Black"",""Core Clock"":""1266 MHz"",""Length"":""145 mm"",""Memory"":""2 GB""}",https://cdna.pcpartpicker.com/static/forever/images/product/037f1a0f5044c86068cbcfb17c498001.256p.jpg
GPU,PNY,PNY ARGB EPIC-X RGB OC,658.98,1,"{""Boost Clock"":""2685 MHz"",""Chipset"":""GeForce RTX 5070"",""Color"":""Black"",""Core Clock"":""2325 MHz"",""Length"":""300 mm"",""Memory"":""12 GB""}",https://cdna.pcpartpicker.com/static/forever/images/product/8c58045c9f646bc0150146d5287b51c4.256p.jpg
GPU,PNY,PNY OC,339.99,1,"{""Boost Clock"":""2535 MHz"",""Chipset"":""GeForce RTX 5060"",""Color"":""Black"",""Core Clock"":""2280 MHz"",""Length"":""200 mm"",""Memory"":""8 GB""}",https://cdna.pcpartpicker.com/static/forever/images/product/c7753c309f2fb35c1f6a0d2bde6f8a8e.256p.jpg
GPU,PNY,PNY VCQP600-PB,139.0,0,"{""Boost Clock"":""1455 MHz"",""Chipset"":""Quadro P600"",""Color"":""Black"",""Core Clock"":""1354 MHz"",""Length"":""145 mm"",""Memory"":""2 GB""}",https://cdna.pcpartpicker.com/static/forever/images/product/b8d11781239c8c8a202ce92d93f9f06f.256p.jpg
GPU,PNY,PNY Dual Fan OC,599.99,4,"{""Boost Clock"":""2691 MHz"",""Chipset"":""GeForce RTX 5060 Ti"",""Color"":""Black"",""Core Clock"":""2407 MHz"",""Length"":""245 mm"",""Memory"":""16 GB""}",https://cdna.pcpartpicker.com/static/forever/images/product/905c5188bfef0485bb8f9c8928f1a765.256p.jpg
GPU,PNY,PNY ARGB EPIC-X RGB OC,989.9,7,"{""Boost Clock"":""2640 MHz"",""Chipset"":""GeForce RTX 5070 Ti"",""Color"":""Black"",""Core Clock"":""2295 MHz"",""Length"":""300 mm"",""Memory"":""16 GB""}",https://cdna.pcpartpicker.com/static/forever/images/product/a2b795903159fd568ee5b02861bca7f7.256p.jpg
GPU,PNY,PNY VCG5070T16TFXPB1,936.9,0,"{""Boost Clock"":""2452 MHz"",""Chipset"":""GeForce RTX 5070 Ti"",""Color"":""Black"",""Core Clock"":""2295 MHz"",""Length"":""300 mm"",""Memory"":""16 GB""}",https://cdna.pcpartpicker.com/static/forever/images/product/f21a05ddfa7f5a189c1e150cd7881535.256p.jpg
GPU,PNY,PNY XLR8 Gaming REVEL EPIC-X RGB,633.87,4,"{""Boost Clock"":"""",""Chipset"":""GeForce RTX 3060 12GB"",""Color"":""Black"",""Core Clock"":""1320 MHz"",""Length"":""170 mm"",""Memory"":""12 GB""}",https://cdna.pcpartpicker.com/static/forever/images/product/79b987b0f4b58955c49d8c66256560de.256p.jpg
GPU,PNY,PNY VCNRTX4000ADA-PB,1875.6,0,"{""Boost Clock"":""2175 MHz"",""Chipset"":""RTX 4000 Ada Generation"",""Color"":""Black"",""Core Clock"":""1500 MHz"",""Length"":""241 mm"",""Memory"":""20 GB""}",https://cdna.pcpartpicker.com/static/forever/images/product/e99ebfb000558d16f110fed18ae6bf3b.256p.jpg
GPU,PNY,PNY EPIC-X RGB OC,402.29,1,"{""Boost Clock"":""2692 MHz"",""Chipset"":""GeForce RTX 5060 Ti"",""Color"":""Black"",""Core Clock"":""2407 MHz"",""Length"":""297 mm"",""Memory"":""8 GB""}",https://m.media-amazon.com/images/I/41QppaT9ldL.jpg
GPU,PNY,PNY VCG50508SFXPB1,289.0,0,"{""Boost Clock"":""2572 MHz"",""Chipset"":""GeForce RTX 5050"",""Color"":""Black"",""Core Clock"":""2317 MHz"",""Length"":""147 mm"",""Memory"":""8 GB""}",https://cdna.pcpartpicker.com/static/forever/images/product/844bc019910c2fe328d2579ca0140b0f.256p.jpg
GPU,PNY,PNY VCG508016TFXPB1,1208.9,2,"{""Boost Clock"":""2620 MHz"",""Chipset"":""GeForce RTX 5080"",""Color"":""Black"",""Core Clock"":""2300 MHz"",""Length"":""329 mm"",""Memory"":""16 GB""}",https://cdna.pcpartpicker.com/static/forever/images/product/0f3e8c7fec641072601f855e0e3f8cf2.256p.jpg
GPU,PNY,PNY VCG507012TFXPB1,670.0,0,"{""Boost Clock"":""2512 MHz"",""Chipset"":""GeForce RTX 5070"",""Color"":""Black"",""Core Clock"":""2325 MHz"",""Length"":""300 mm"",""Memory"":""12 GB""}",https://cdna.pcpartpicker.com/static/forever/images/product/9fbb1d0c0fa3eb6c4517d2f7947cc055.256p.jpg
GPU,PNY,PNY VCQRTX8000-PB,6139.95,0,"{""Boost Clock"":""1770 MHz"",""Chipset"":""Quadro RTX 8000"",""Color"":""Black \/ White"",""Core Clock"":""1395 MHz"",""Length"":""267 mm"",""Memory"":""48 GB""}",https://cdna.pcpartpicker.com/static/forever/images/product/89f80e5d6737ae27ffeee29c98c0924e.256p.jpg
GPU,Zotac,Zotac SOLID SFF OC,939.9,7,"{""Boost Clock"":""2482 MHz"",""Chipset"":""GeForce RTX 5070 Ti"",""Color"":""Black \/ Gold"",""Core Clock"":""2300 MHz"",""Length"":""304 mm"",""Memory"":""16 GB""}",https://cdna.pcpartpicker.com/static/forever/images/product/24498205825bda83d2141b3f02cac70c.256p.jpg
GPU,Zotac,Zotac Twin Edge OC,615.9,5,"{""Boost Clock"":""2602 MHz"",""Chipset"":""GeForce RTX 5060 Ti"",""Color"":""Black"",""Core Clock"":""2410 MHz"",""Length"":""220 mm"",""Memory"":""16 GB""}",https://cdna.pcpartpicker.com/static/forever/images/product/cd249f96382c3c81f82b829154af3c8e.256p.jpg
GPU,Zotac,Zotac GAMING SOLID CORE OC,1020.5,3,"{""Boost Clock"":""2640 MHz"",""Chipset"":""GeForce RTX 5080"",""Color"":""Black \/ Copper"",""Core Clock"":""2300 MHz"",""Length"":""304 mm"",""Memory"":""16 GB""}",https://cdna.pcpartpicker.com/static/forever/images/product/b794ec23749baeba22de8c89b40db9d3.256p.jpg
GPU,Zotac,Zotac GAMING SOLID OC,688.0,3,"{""Boost Clock"":""2542 MHz"",""Chipset"":""GeForce RTX 5070"",""Color"":""Black \/ Copper"",""Core Clock"":""2160 MHz"",""Length"":""304 mm"",""Memory"":""12 GB""}",https://cdna.pcpartpicker.com/static/forever/images/product/a983f0c45d2389cf5205289ce3d2cac4.256p.jpg
GPU,Zotac,Zotac GAMING SOLID OC,3808.99,4,"{""Boost Clock"":""2422 MHz"",""Chipset"":""GeForce RTX 5090"",""Color"":""Black \/ Copper"",""Core Clock"":""2010 MHz"",""Length"":""330 mm"",""Memory"":""32 GB""}",https://cdna.pcpartpicker.com/static/forever/images/product/c283c385446877c42e19d96630810fbf.256p.jpg
GPU,Zotac,Zotac GAMING Twin Edge OC,706.11,10,"{""Boost Clock"":""1695 MHz"",""Chipset"":""GeForce RTX 3060 Ti LHR"",""Color"":""Black"",""Core Clock"":""1410 MHz"",""Length"":""222 mm"",""Memory"":""8 GB""}",https://m.media-amazon.com/images/I/31Qfpn4jBbL.jpg
GPU,Zotac,Zotac GAMING SOLID,729.0,1,"{""Boost Clock"":""2512 MHz"",""Chipset"":""GeForce RTX 5070"",""Color"":""Black \/ Copper"",""Core Clock"":""2160 MHz"",""Length"":""304 mm"",""Memory"":""12 GB""}",https://cdna.pcpartpicker.com/static/forever/images/product/84df138058591c7d510e26a349ded378.256p.jpg
GPU,Zotac,Zotac GAMING SOLO,400.99,2,"{""Boost Clock"":""2497 MHz"",""Chipset"":""GeForce RTX 5060"",""Color"":""Black"",""Core Clock"":""2280 MHz"",""Length"":""164 mm"",""Memory"":""8 GB""}",https://cdna.pcpartpicker.com/static/forever/images/product/defa0eeccdf3b98655091f99e4b98ce4.256p.jpg
GPU,Zotac,Zotac GAMING Twin Edge OC,649.99,16,"{""Boost Clock"":""1807 MHz"",""Chipset"":""GeForce RTX 3060 12GB"",""Color"":""Black"",""Core Clock"":""1320 MHz"",""Length"":""224 mm"",""Memory"":""12 GB""}",https://m.media-amazon.com/images/I/31i7e8-EdQL.jpg
GPU,Zotac,Zotac Solid OC,1361.0,5,"{""Boost Clock"":""2640 MHz"",""Chipset"":""GeForce RTX 5080"",""Color"":""White \/ Gold"",""Core Clock"":""2300 MHz"",""Length"":""330 mm"",""Memory"":""16 GB""}",https://cdna.pcpartpicker.com/static/forever/images/product/9115f5723a3732c44b089f1460bcad4e.256p.jpg
GPU,Zotac,Zotac GAMING Twin Edge,594.05,0,"{""Boost Clock"":""2512 MHz"",""Chipset"":""GeForce RTX 5070"",""Color"":""Black \/ Silver"",""Core Clock"":""2160 MHz"",""Length"":""242 mm"",""Memory"":""12 GB""}",https://cdna.pcpartpicker.com/static/forever/images/product/12bbb78265364a6b5db1b72c3744644c.256p.jpg
GPU,Zotac,Zotac ZT-71310-10L,62.94,0,"{""Boost Clock"":"""",""Chipset"":""GeForce GT 710"",""Color"":""Black \/ Orange"",""Core Clock"":""954 MHz"",""Length"":""157 mm"",""Memory"":""2 GB""}",https://cdna.pcpartpicker.com/static/forever/images/product/7001ed5112f8b2a682faebd487a8b397.256p.jpg
GPU,Zotac,Zotac GAMING Twin Edge OC,308.9,0,"{""Boost Clock"":""2527 MHz"",""Chipset"":""GeForce RTX 5060"",""Color"":""Black"",""Core Clock"":""2280 MHz"",""Length"":""220 mm"",""Memory"":""8 GB""}",https://cdna.pcpartpicker.com/static/forever/images/product/16ce667a7e85376dcce4bacfc968e3cd.256p.jpg
GPU,Zotac,Zotac GAMING AMP Extreme INFINITY,1399.0,1,"{""Boost Clock"":""2670 MHz"",""Chipset"":""GeForce RTX 5080"",""Color"":""Black \/ Copper"",""Core Clock"":""2300 MHz"",""Length"":""332 mm"",""Memory"":""16 GB""}",https://cdna.pcpartpicker.com/static/forever/images/product/6771772a38a1b8a8488e3c5356903e7c.256p.jpg
GPU,Zotac,Zotac Solid Core OC,1016.58,1,"{""Boost Clock"":""2482 MHz"",""Chipset"":""GeForce RTX 5070 Ti"",""Color"":""White \/ Gold"",""Core Clock"":""2300 MHz"",""Length"":""304 mm"",""Memory"":""16 GB""}",https://cdna.pcpartpicker.com/static/forever/images/product/c5f602a14f96f5f8f0bdb09fd3381310.256p.jpg
GPU,Zotac,Zotac GAMING Low Profile,407.99,0,"{""Boost Clock"":""2497 MHz"",""Chipset"":""GeForce RTX 5060"",""Color"":""Black \/ Gold"",""Core Clock"":""2280 MHz"",""Length"":""182 mm"",""Memory"":""8 GB""}",https://cdna.pcpartpicker.com/static/forever/images/product/5d37983cb88bfd980265c5a1fc17d6aa.256p.jpg
GPU,Zotac,Zotac Twin Edge OC,449.98,0,"{""Boost Clock"":""2602 MHz"",""Chipset"":""GeForce RTX 5060 Ti"",""Color"":""Black"",""Core Clock"":""2410 MHz"",""Length"":""220 mm"",""Memory"":""8 GB""}",https://cdna.pcpartpicker.com/static/forever/images/product/702b88bf5b92d7ef86d5aea967499a4f.256p.jpg
GPU,Zotac,Zotac GAMING SOLO,354.99,0,"{""Boost Clock"":""2572 MHz"",""Chipset"":""GeForce RTX 5050"",""Color"":""Black \/ Copper"",""Core Clock"":""2317 MHz"",""Length"":""164 mm"",""Memory"":""8 GB""}",https://cdna.pcpartpicker.com/static/forever/images/product/a57da2975600ce2268f086fbf3d12d9c.256p.jpg
GPU,Zotac,Zotac GAMING AMP,379.83,1,"{""Boost Clock"":""2550 MHz"",""Chipset"":""GeForce RTX 5060"",""Color"":""Black"",""Core Clock"":""2280 MHz"",""Length"":""220 mm"",""Memory"":""8 GB""}",https://cdna.pcpartpicker.com/static/forever/images/product/b1fb0319fa5e141c590d6f9f493e4db1.256p.jpg
GPU,Zotac,Zotac GAMING SOLID OC,4852.0,1,"{""Boost Clock"":""2422 MHz"",""Chipset"":""GeForce RTX 5090"",""Color"":""White \/ Copper"",""Core Clock"":""2010 MHz"",""Length"":""330 mm"",""Memory"":""32 GB""}",https://cdna.pcpartpicker.com/static/forever/images/product/9115f5723a3732c44b089f1460bcad4e.256p.jpg
HDD,Western Digital,Western Digital Caviar Blue,83.0,2388,"{""Cache"":""64 MB"",""Capacity"":""1 TB"",""Form Factor"":""3.5\"""",""Interface"":""SATA 6.0 Gb\/s"",""Price \/ GB"":""\u20ac0.083"",""Type"":""7200 RPM""}",https://cdna.pcpartpicker.com/static/forever/images/product/daf819b70eccf7fec275bd65e3fe2b6a.256p.jpg
HDD,Western Digital,Western Digital Blue,123.21,37,"{""Cache"":""256 MB"",""Capacity"":""2 TB"",""Form Factor"":""3.5\"""",""Interface"":""SATA 6.0 Gb\/s"",""Price \/ GB"":""\u20ac0.062"",""Type"":""7200 RPM""}",https://cdna.pcpartpicker.com/static/forever/images/product/0b9bfd76b0d511a6eff3730d12d5f95c.256p.jpg
HDD,Western Digital,Western Digital WD_BLACK,400.33,1,"{""Cache"":""512 MB"",""Capacity"":""10 TB"",""Form Factor"":""3.5\"""",""Interface"":""SATA 6.0 Gb\/s"",""Price \/ GB"":""\u20ac0.040"",""Type"":""7200 RPM""}",https://cdna.pcpartpicker.com/static/forever/images/product/8fb58c4077beaad4862ae568730a61b6.256p.jpg
HDD,Western Digital,Western Digital Red Plus,408.31,0,"{""Cache"":""512 MB"",""Capacity"":""10 TB"",""Form Factor"":""3.5\"""",""Interface"":""SATA 6.0 Gb\/s"",""Price \/ GB"":""\u20ac0.041"",""Type"":""7200 RPM""}",https://cdna.pcpartpicker.com/static/forever/images/product/671f55c6444846cc12b2381747520883.256p.jpg
HDD,Western Digital,Western Digital WD_BLACK,234.2,33,"{""Cache"":""256 MB"",""Capacity"":""4 TB"",""Form Factor"":""3.5\"""",""Interface"":""SATA 6.0 Gb\/s"",""Price \/ GB"":""\u20ac0.059"",""Type"":""7200 RPM""}",https://cdna.pcpartpicker.com/static/forever/images/product/ec18382394ec2952a8e9d49c60848c98.256p.jpg
HDD,Western Digital,Western Digital Blue,58.99,34,"{""Cache"":""64 MB"",""Capacity"":""1 TB"",""Form Factor"":""3.5\"""",""Interface"":""SATA 6.0 Gb\/s"",""Price \/ GB"":""\u20ac0.059"",""Type"":""5400 RPM""}",https://m.media-amazon.com/images/I/41IN+RCleeL.jpg
HDD,Western Digital,Western Digital Red Plus,164.99,0,"{""Cache"":""256 MB"",""Capacity"":""4 TB"",""Form Factor"":""3.5\"""",""Interface"":""SATA 6.0 Gb\/s"",""Price \/ GB"":""\u20ac0.041"",""Type"":""5400 RPM""}",https://cdna.pcpartpicker.com/static/forever/images/product/5e351462f0fbe31fcee07125319c287c.256p.jpg
HDD,Western Digital,Western Digital WD_BLACK,339.99,0,"{""Cache"":""256 MB"",""Capacity"":""8 TB"",""Form Factor"":""3.5\"""",""Interface"":""SATA 6.0 Gb\/s"",""Price \/ GB"":""\u20ac0.042"",""Type"":""7200 RPM""}",https://cdna.pcpartpicker.com/static/forever/images/product/8540713637bbac26a7760c662ba516af.256p.jpg
HDD,Western Digital,Western Digital WD_BLACK,290.92,0,"{""Cache"":""256 MB"",""Capacity"":""6 TB"",""Form Factor"":""3.5\"""",""Interface"":""SATA 6.0 Gb\/s"",""Price \/ GB"":""\u20ac0.048"",""Type"":""7200 RPM""}",https://cdna.pcpartpicker.com/static/forever/images/product/76078fcbf0c9c219cd221db8346eab8f.256p.jpg
HDD,Western Digital,Western Digital Red Plus,338.9,3,"{""Cache"":""256 MB"",""Capacity"":""8 TB"",""Form Factor"":""3.5\"""",""Interface"":""SATA 6.0 Gb\/s"",""Price \/ GB"":""\u20ac0.042"",""Type"":""5640 RPM""}",https://cdna.pcpartpicker.com/static/forever/images/product/f29cc1dc50f8e71e20321969ea1f8713.256p.jpg
HDD,Western Digital,Western Digital RE,169.43,0,"{""Cache"":""128 MB"",""Capacity"":""2 TB"",""Form Factor"":""3.5\"""",""Interface"":""SATA 6.0 Gb\/s"",""Price \/ GB"":""\u20ac0.085"",""Type"":""7200 RPM""}",https://cdna.pcpartpicker.com/static/forever/images/product/4b14b77e276e5f16ff515d17bf01abe8.256p.jpg
HDD,Western Digital,Western Digital Green,164.0,16,"{""Cache"":""64 MB"",""Capacity"":""4 TB"",""Form Factor"":""3.5\"""",""Interface"":""SATA 6.0 Gb\/s"",""Price \/ GB"":""\u20ac0.041"",""Type"":""5900 RPM""}",https://cdna.pcpartpicker.com/static/forever/images/product/1ccf660fad92f9a049980e2c14de0bf7.256p.jpg
HDD,Western Digital,Western Digital WD Red Pro,1040.99,0,"{""Cache"":""512 MB"",""Capacity"":""26 TB"",""Form Factor"":""3.5\"""",""Interface"":""SATA 6.0 Gb\/s"",""Price \/ GB"":""\u20ac0.040"",""Type"":""7200 RPM""}",https://cdna.pcpartpicker.com/static/forever/images/product/b9f9bf06b2480ddb94519ca8b44b2845.256p.jpg
HDD,Western Digital,Western Digital Blue,149.0,30,"{""Cache"":""256 MB"",""Capacity"":""4 TB"",""Form Factor"":""3.5\"""",""Interface"":""SATA 6.0 Gb\/s"",""Price \/ GB"":""\u20ac0.037"",""Type"":""5400 RPM""}",https://cdna.pcpartpicker.com/static/forever/images/product/84d21e519b342daa8e8d2326b7c89e19.256p.jpg
HDD,Western Digital,Western Digital WD_BLACK,114.31,251,"{""Cache"":""64 MB"",""Capacity"":""1 TB"",""Form Factor"":""3.5\"""",""Interface"":""SATA 6.0 Gb\/s"",""Price \/ GB"":""\u20ac0.114"",""Type"":""7200 RPM""}",https://cdna.pcpartpicker.com/static/forever/images/product/ec18382394ec2952a8e9d49c60848c98.256p.jpg
HDD,Western Digital,Western Digital WD Red Pro,618.9,2,"{""Cache"":""256 MB"",""Capacity"":""16 TB"",""Form Factor"":""3.5\"""",""Interface"":""SATA 6.0 Gb\/s"",""Price \/ GB"":""\u20ac0.039"",""Type"":""7200 RPM""}",https://cdna.pcpartpicker.com/static/forever/images/product/798f56a8fbe536259b3dfdb2d6eafef7.256p.jpg
HDD,Western Digital,Western Digital WD Red Pro,311.99,0,"{""Cache"":""256 MB"",""Capacity"":""8 TB"",""Form Factor"":""3.5\"""",""Interface"":""SATA 6.0 Gb\/s"",""Price \/ GB"":""\u20ac0.039"",""Type"":""7200 RPM""}",https://cdna.pcpartpicker.com/static/forever/images/product/030a6f80963feb39af07d8dbe8298e1c.256p.jpg
HDD,Western Digital,Western Digital WD Red Pro,773.89,1,"{""Cache"":""512 MB"",""Capacity"":""20 TB"",""Form Factor"":""3.5\"""",""Interface"":""SATA 6.0 Gb\/s"",""Price \/ GB"":""\u20ac0.039"",""Type"":""7200 RPM""}",https://cdna.pcpartpicker.com/static/forever/images/product/c036fee6d5a58df5f186358a0edbe99a.256p.jpg
HDD,Western Digital,Western Digital Gold,959.69,0,"{""Cache"":""512 MB"",""Capacity"":""26 TB"",""Form Factor"":""3.5\"""",""Interface"":""SATA 6.0 Gb\/s"",""Price \/ GB"":""\u20ac0.037"",""Type"":""7200 RPM""}",https://cdna.pcpartpicker.com/static/forever/images/product/76e5b91927a12757f4357031fc093177.256p.jpg
HDD,Western Digital,Western Digital WD Blue,292.99,0,"{""Cache"":""256 MB"",""Capacity"":""8 TB"",""Form Factor"":""3.5\"""",""Interface"":""SATA 6.0 Gb\/s"",""Price \/ GB"":""\u20ac0.037"",""Type"":""5640 RPM""}",https://cdna.pcpartpicker.com/static/forever/images/product/ec1492b97abdb396d8434a3b62f3c920.256p.jpg
HDD,Seagate,Seagate Barracuda Compute,106.99,750,"{""Cache"":""256 MB"",""Capacity"":""2 TB"",""Form Factor"":""3.5\"""",""Interface"":""SATA 6.0 Gb\/s"",""Price \/ GB"":""\u20ac0.053"",""Type"":""7200 RPM""}",https://cdna.pcpartpicker.com/static/forever/images/product/c7b5b7dacbecdcdd0e073b761193eef6.256p.jpg
HDD,Seagate,Seagate Exos M,939.0,0,"{""Cache"":"""",""Capacity"":""30 TB"",""Form Factor"":""3.5\"""",""Interface"":""SATA 6.0 Gb\/s"",""Price \/ GB"":""\u20ac0.031"",""Type"":""7200 RPM""}",https://cdna.pcpartpicker.com/static/forever/images/product/440b6d462c8e9b8f8d3f2eba0892424a.256p.jpg
HDD,Seagate,Seagate BarraCuda,132.85,81,"{""Cache"":""256 MB"",""Capacity"":""4 TB"",""Form Factor"":""3.5\"""",""Interface"":""SATA 6.0 Gb\/s"",""Price \/ GB"":""\u20ac0.033"",""Type"":""5400 RPM""}",https://cdna.pcpartpicker.com/static/forever/images/product/f2b81ef4f53b4566edfd5a5c7c60977d.256p.jpg
HDD,Seagate,Seagate Barracuda Compute,105.35,55,"{""Cache"":""256 MB"",""Capacity"":""2 TB"",""Form Factor"":""3.5\"""",""Interface"":""SATA 6.0 Gb\/s"",""Price \/ GB"":""\u20ac0.053"",""Type"":""7200 RPM""}",https://cdna.pcpartpicker.com/static/forever/images/product/64cf1a6fe313be20a6e6a146bfb54a2c.256p.jpg
HDD,Seagate,Seagate Barracuda Compute,234.99,21,"{""Cache"":""256 MB"",""Capacity"":""8 TB"",""Form Factor"":""3.5\"""",""Interface"":""SATA 6.0 Gb\/s"",""Price \/ GB"":""\u20ac0.029"",""Type"":""5400 RPM""}",https://m.media-amazon.com/images/I/51pIb4cQHxL.jpg
HDD,Seagate,Seagate IronWolf Pro,959.0,0,"{""Cache"":""512 MB"",""Capacity"":""28 TB"",""Form Factor"":""3.5\"""",""Interface"":""SATA 6.0 Gb\/s"",""Price \/ GB"":""\u20ac0.034"",""Type"":""7200 RPM""}",https://cdna.pcpartpicker.com/static/forever/images/product/d891bcf680c6b30aad72f575e2f16611.256p.jpg
HDD,Seagate,Seagate IronWolf NAS,183.86,1,"{""Cache"":""256 MB"",""Capacity"":""4 TB"",""Form Factor"":""3.5\"""",""Interface"":""SATA 6.0 Gb\/s"",""Price \/ GB"":""\u20ac0.046"",""Type"":""5400 RPM""}",https://cdna.pcpartpicker.com/static/forever/images/product/2051a9a304e2281fca519576296b3823.256p.jpg
HDD,Seagate,Seagate IronWolf Pro,999.0,1,"{""Cache"":""512 MB"",""Capacity"":""30 TB"",""Form Factor"":""3.5\"""",""Interface"":""SATA 6.0 Gb\/s"",""Price \/ GB"":""\u20ac0.033"",""Type"":""7200 RPM""}",https://cdna.pcpartpicker.com/static/forever/images/product/e229dfd55b9560dd810a8a830995c2b8.256p.jpg
HDD,Seagate,Seagate IronWolf NAS,277.0,5,"{""Cache"":""256 MB"",""Capacity"":""8 TB"",""Form Factor"":""3.5\"""",""Interface"":""SATA 6.0 Gb\/s"",""Price \/ GB"":""\u20ac0.035"",""Type"":""7200 RPM""}",https://cdna.pcpartpicker.com/static/forever/images/product/46ed2866892f9106dd92eb39059f970a.256p.jpg
HDD,Seagate,Seagate IronWolf Pro NAS,203.7,1,"{""Cache"":""256 MB"",""Capacity"":""4 TB"",""Form Factor"":""3.5\"""",""Interface"":""SATA 6.0 Gb\/s"",""Price \/ GB"":""\u20ac0.051"",""Type"":""7200 RPM""}",https://cdna.pcpartpicker.com/static/forever/images/product/e352117b6f8a568f0bed5452b16d922e.256p.jpg
HDD,Seagate,Seagate Barracuda Compute,134.99,33,"{""Cache"":""256 MB"",""Capacity"":""4 TB"",""Form Factor"":""3.5\"""",""Interface"":""SATA 6.0 Gb\/s"",""Price \/ GB"":""\u20ac0.034"",""Type"":""5400 RPM""}",https://m.media-amazon.com/images/I/41Z-sFIFVOL.jpg
HDD,Seagate,Seagate IronWolf Pro NAS,806.9,1,"{""Cache"":""256 MB"",""Capacity"":""20 TB"",""Form Factor"":""3.5\"""",""Interface"":""SATA 6.0 Gb\/s"",""Price \/ GB"":""\u20ac0.040"",""Type"":""7200 RPM""}",https://cdna.pcpartpicker.com/static/forever/images/product/e352117b6f8a568f0bed5452b16d922e.256p.jpg
HDD,Seagate,Seagate Barracuda Compute,241.41,7,"{""Cache"":""256 MB"",""Capacity"":""8 TB"",""Form Factor"":""3.5\"""",""Interface"":""SATA 6.0 Gb\/s"",""Price \/ GB"":""\u20ac0.030"",""Type"":""5400 RPM""}",https://cdna.pcpartpicker.com/static/forever/images/product/3101c0da7b14f0ce46f724813d1f1be2.256p.jpg
HDD,Seagate,Seagate IronWolf Pro NAS,363.62,0,"{""Cache"":""256 MB"",""Capacity"":""12 TB"",""Form Factor"":""3.5\"""",""Interface"":""SATA 6.0 Gb\/s"",""Price \/ GB"":""\u20ac0.030"",""Type"":""7200 RPM""}",https://cdna.pcpartpicker.com/static/forever/images/product/e352117b6f8a568f0bed5452b16d922e.256p.jpg
HDD,Seagate,Seagate IronWolf Pro NAS,626.9,1,"{""Cache"":""256 MB"",""Capacity"":""16 TB"",""Form Factor"":""3.5\"""",""Interface"":""SATA 6.0 Gb\/s"",""Price \/ GB"":""\u20ac0.039"",""Type"":""7200 RPM""}",https://cdna.pcpartpicker.com/static/forever/images/product/e352117b6f8a568f0bed5452b16d922e.256p.jpg
HDD,Seagate,Seagate IronWolf NAS,364.99,0,"{""Cache"":""256 MB"",""Capacity"":""12 TB"",""Form Factor"":""3.5\"""",""Interface"":""SATA 6.0 Gb\/s"",""Price \/ GB"":""\u20ac0.030"",""Type"":""7200 RPM""}",https://m.media-amazon.com/images/I/414VcDPn1bL.jpg
HDD,Seagate,Seagate IronWolf Pro NAS,319.0,0,"{""Cache"":""256 MB"",""Capacity"":""8 TB"",""Form Factor"":""3.5\"""",""Interface"":""SATA 6.0 Gb\/s"",""Price \/ GB"":""\u20ac0.040"",""Type"":""7200 RPM""}",https://cdna.pcpartpicker.com/static/forever/images/product/aed3de527168c9708f6754899a62ff30.256p.jpg
HDD,Seagate,Seagate BarraCuda Pro Compute,96.6,10,"{""Cache"":""128 MB"",""Capacity"":""1 TB"",""Form Factor"":""2.5\"""",""Interface"":""SATA 6.0 Gb\/s"",""Price \/ GB"":""\u20ac0.097"",""Type"":""7200 RPM""}",https://cdna.pcpartpicker.com/static/forever/images/product/96f7f76c1bdf9af3d3532ca78278f4c5.256p.jpg
HDD,Seagate,Seagate IronWolf Pro,850.9,0,"{""Cache"":""512 MB"",""Capacity"":""24 TB"",""Form Factor"":""3.5\"""",""Interface"":""SATA 6.0 Gb\/s"",""Price \/ GB"":""\u20ac0.035"",""Type"":""7200 RPM""}",https://cdna.pcpartpicker.com/static/forever/images/product/b97c49c50fbd9d6d04b0a27444549027.256p.jpg
HDD,Seagate,Seagate BarraCuda,196.01,5,"{""Cache"":""128 MB"",""Capacity"":""5 TB"",""Form Factor"":""2.5\"""",""Interface"":""SATA 6.0 Gb\/s"",""Price \/ GB"":""\u20ac0.039"",""Type"":""5400 RPM""}",https://cdna.pcpartpicker.com/static/forever/images/product/8e28907c966c35f62d9259443502b102.256p.jpg
HDD,Toshiba,Toshiba MK3276GSX,32.0,6,"{""Cache"":""8 MB"",""Capacity"":""320 GB"",""Form Factor"":""2.5\"""",""Interface"":""SATA 3.0 Gb\/s"",""Price \/ GB"":""\u20ac0.100"",""Type"":""5400 RPM""}",https://m.media-amazon.com/images/I/51KePctFNWL.jpg
HDD,Toshiba,Toshiba MQ04ABF100,70.73,0,"{""Cache"":""128 MB"",""Capacity"":""1 TB"",""Form Factor"":""2.5\"""",""Interface"":""SATA 6.0 Gb\/s"",""Price \/ GB"":""\u20ac0.071"",""Type"":""5400 RPM""}",https://cdna.pcpartpicker.com/static/forever/images/product/be1736b244483fbf74d2ddbfa72852c5.256p.jpg
HDD,Toshiba,Toshiba MQ01ABD050,45.79,6,"{""Cache"":""8 MB"",""Capacity"":""500 GB"",""Form Factor"":""2.5\"""",""Interface"":""SATA 3.0 Gb\/s"",""Price \/ GB"":""\u20ac0.092"",""Type"":""5400 RPM""}",https://m.media-amazon.com/images/I/31kK7RD9ZYL.jpg
HDD,Toshiba,Toshiba HDKBB96,49.13,1,"{""Cache"":""8 MB"",""Capacity"":""1 TB"",""Form Factor"":""2.5\"""",""Interface"":""SATA 6.0 Gb\/s"",""Price \/ GB"":""\u20ac0.049"",""Type"":""5400 RPM""}",https://cdna.pcpartpicker.com/static/forever/images/product/fb19ec155b9d619a4912c8265ab74c3c.256p.jpg
HDD,Toshiba,Toshiba DT01ACA200,379.64,55,"{""Cache"":""64 MB"",""Capacity"":""2 TB"",""Form Factor"":""3.5\"""",""Interface"":""SATA 6.0 Gb\/s"",""Price \/ GB"":""\u20ac0.190"",""Type"":""7200 RPM""}",https://cdna.pcpartpicker.com/static/forever/images/product/0e5b51f8c3260bb7e8841b5d1d0281f1.256p.jpg
HDD,Toshiba,Toshiba N300 NAS,955.06,0,"{""Cache"":""512 MB"",""Capacity"":""10 TB"",""Form Factor"":""3.5\"""",""Interface"":""SATA 6.0 Gb\/s"",""Price \/ GB"":""\u20ac0.096"",""Type"":""7200 RPM""}",https://cdna.pcpartpicker.com/static/forever/images/product/032c73230a59b92cfc11c6b2ab28e36b.256p.jpg
HDD,Toshiba,Toshiba N300 NAS,518.0,0,"{""Cache"":""512 MB"",""Capacity"":""8 TB"",""Form Factor"":""3.5\"""",""Interface"":""SATA 6.0 Gb\/s"",""Price \/ GB"":""\u20ac0.065"",""Type"":""7200 RPM""}",https://cdna.pcpartpicker.com/static/forever/images/product/e048c20caa5415ddeccdb03c65f2c988.256p.jpg
HDD,Toshiba,Toshiba N300 NAS,456.58,0,"{""Cache"":""512 MB"",""Capacity"":""12 TB"",""Form Factor"":""3.5\"""",""Interface"":""SATA 6.0 Gb\/s"",""Price \/ GB"":""\u20ac0.038"",""Type"":""7200 RPM""}",https://cdna.pcpartpicker.com/static/forever/images/product/aff35bc905ddc2bb12f455c866ac7729.256p.jpg
HDD,Toshiba,Toshiba MG10 512e,893.95,2,"{""Cache"":""512 MB"",""Capacity"":""20 TB"",""Form Factor"":""3.5\"""",""Interface"":""SATA 6.0 Gb\/s"",""Price \/ GB"":""\u20ac0.045"",""Type"":""7200 RPM""}",https://cdna.pcpartpicker.com/static/forever/images/product/8fd6ba7c7c42c8786526bc5a6d95da8e.256p.jpg
HDD,Toshiba,Toshiba N300 NAS,244.13,0,"{""Cache"":""512 MB"",""Capacity"":""4 TB"",""Form Factor"":""3.5\"""",""Interface"":""SATA 6.0 Gb\/s"",""Price \/ GB"":""\u20ac0.061"",""Type"":""7200 RPM""}",https://m.media-amazon.com/images/I/41KeJJmrCVL.jpg
HDD,Toshiba,Toshiba HDKCC00,25.3,2,"{""Cache"":""16 MB"",""Capacity"":""500 GB"",""Form Factor"":""2.5\"""",""Interface"":""SATA 6.0 Gb\/s"",""Price \/ GB"":""\u20ac0.051"",""Type"":""7200 RPM""}",https://cdna.pcpartpicker.com/static/forever/images/product/9b1d3dd195aa5371aaa5b3a0f4eac84d.256p.jpg
HDD,Toshiba,Toshiba N300,572.33,0,"{""Cache"":""512 MB"",""Capacity"":""14 TB"",""Form Factor"":""3.5\"""",""Interface"":""SATA 6.0 Gb\/s"",""Price \/ GB"":""\u20ac0.041"",""Type"":""7200 RPM""}",https://m.media-amazon.com/images/I/41GNARBEUwL.jpg
HDD,Toshiba,Toshiba S300 Pro,389.51,0,"{""Cache"":""256 MB"",""Capacity"":""10 TB"",""Form Factor"":""3.5\"""",""Interface"":""SATA 6.0 Gb\/s"",""Price \/ GB"":""\u20ac0.039"",""Type"":""7200 RPM""}",https://cdna.pcpartpicker.com/static/forever/images/product/b5e4d30efcb4da5ae4cbd20ec2062574.256p.jpg
HDD,Toshiba,Toshiba MQ01ABD100,49.99,14,"{""Cache"":""8 MB"",""Capacity"":""1 TB"",""Form Factor"":""2.5\"""",""Interface"":""SATA 3.0 Gb\/s"",""Price \/ GB"":""\u20ac0.050"",""Type"":""5400 RPM""}",https://fr.pcpartpicker.com/static/forever/img/no-image.png
HDD,Toshiba,Toshiba N300,629.0,0,"{""Cache"":"""",""Capacity"":""18 TB"",""Form Factor"":""3.5\"""",""Interface"":""SATA 6.0 Gb\/s"",""Price \/ GB"":""\u20ac0.035"",""Type"":""7200 RPM""}",https://cdna.pcpartpicker.com/static/forever/images/product/002ce4cbd97789ec76c3f43459f03975.256p.jpg
HDD,Toshiba,Toshiba DT01ACA300,164.0,38,"{""Cache"":""64 MB"",""Capacity"":""3 TB"",""Form Factor"":""3.5\"""",""Interface"":""SATA 6.0 Gb\/s"",""Price \/ GB"":""\u20ac0.055"",""Type"":""7200 RPM""}",https://cdna.pcpartpicker.com/static/forever/images/product/cb9dd4010756df667309dd7398e9e260.256p.jpg
HDD,Toshiba,Toshiba N300 NAS,734.62,0,"{""Cache"":""512 MB"",""Capacity"":""16 TB"",""Form Factor"":""3.5\"""",""Interface"":""SATA 6.0 Gb\/s"",""Price \/ GB"":""\u20ac0.046"",""Type"":""7200 RPM""}",https://cdna.pcpartpicker.com/static/forever/images/product/b1ce56805f674d93c899f8330dc18fda.256p.jpg
HDD,Toshiba,Toshiba MG09 512e,612.42,0,"{""Cache"":""512 MB"",""Capacity"":""18 TB"",""Form Factor"":""3.5\"""",""Interface"":""SATA 6.0 Gb\/s"",""Price \/ GB"":""\u20ac0.034"",""Type"":""7200 RPM""}",https://cdna.pcpartpicker.com/static/forever/images/product/f9a311ddcc0129fb5912ca0118ab2b9d.256p.jpg
HDD,Toshiba,Toshiba N300,145.0,0,"{""Cache"":""256 MB"",""Capacity"":""4 TB"",""Form Factor"":""3.5\"""",""Interface"":""SATA 6.0 Gb\/s"",""Price \/ GB"":""\u20ac0.036"",""Type"":""7200 RPM""}",https://cdna.pcpartpicker.com/static/forever/images/product/76f8f28db725abcbbbb538e856c1ae32.256p.jpg
HDD,Toshiba,Toshiba N300 Pro,821.17,0,"{""Cache"":""512 MB"",""Capacity"":""14 TB"",""Form Factor"":""3.5\"""",""Interface"":""SATA 6.0 Gb\/s"",""Price \/ GB"":""\u20ac0.059"",""Type"":""7200 RPM""}",https://cdna.pcpartpicker.com/static/forever/images/product/a3341b0c33eea525cd8f21c3b645a67e.256p.jpg
HDD,Hitachi,Hitachi HDS723030ALA640,172.8,3,"{""Cache"":""64 MB"",""Capacity"":""3 TB"",""Form Factor"":""3.5\"""",""Interface"":""SATA 6.0 Gb\/s"",""Price \/ GB"":""\u20ac0.058"",""Type"":""7200 RPM""}",https://images-eu.ssl-images-amazon.com/images/I/41rL7e5%2B51L.jpg
HDD,Hitachi,Hitachi Ultrastar He10,549.95,1,"{""Cache"":""256 MB"",""Capacity"":""10 TB"",""Form Factor"":""3.5\"""",""Interface"":""SATA 6.0 Gb\/s"",""Price \/ GB"":""\u20ac0.055"",""Type"":""7200 RPM""}",https://cdna.pcpartpicker.com/static/forever/images/product/120013c0c7f3f0baaf70386cb317aeb9.256p.jpg
HDD,Hitachi,Hitachi Travelstar 7K1000,119.95,0,"{""Cache"":"""",""Capacity"":""1 TB"",""Form Factor"":""3.5\"""",""Interface"":""SATA 6.0 Gb\/s"",""Price \/ GB"":""\u20ac0.120"",""Type"":""7200 RPM""}",https://m.media-amazon.com/images/I/41V2euRk8bL.jpg
HDD,Hitachi,Hitachi HDS723020BLA642,329.0,0,"{""Cache"":""64 MB"",""Capacity"":""2 TB"",""Form Factor"":""3.5\"""",""Interface"":""SATA 6.0 Gb\/s"",""Price \/ GB"":""\u20ac0.164"",""Type"":""7200 RPM""}",https://images-eu.ssl-images-amazon.com/images/I/41osj5m2FZL.jpg
HDD,Hitachi,Hitachi Ultrastar,219.0,8,"{""Cache"":""32 MB"",""Capacity"":""2 TB"",""Form Factor"":""3.5\"""",""Interface"":""SATA 3.0 Gb\/s"",""Price \/ GB"":""\u20ac0.109"",""Type"":""7200 RPM""}",https://m.media-amazon.com/images/I/51j919QYb9L.jpg
HDD,Hitachi,Hitachi 7K1000.C,103.23,9,"{""Cache"":""32 MB"",""Capacity"":""1 TB"",""Form Factor"":""3.5\"""",""Interface"":""SATA 3.0 Gb\/s"",""Price \/ GB"":""\u20ac0.103"",""Type"":""7200 RPM""}",https://m.media-amazon.com/images/I/410qbMmyXCL.jpg
HDD,Hitachi,Hitachi Ultrastar 7K3000,219.95,16,"{""Cache"":""64 MB"",""Capacity"":""2 TB"",""Form Factor"":""3.5\"""",""Interface"":""SATA 6.0 Gb\/s"",""Price \/ GB"":""\u20ac0.110"",""Type"":""7200 RPM""}",https://m.media-amazon.com/images/I/41ye6fakZ2L.jpg
HDD,Hitachi,Hitachi Ultrastar 7K6000,269.95,0,"{""Cache"":""128 MB"",""Capacity"":""4 TB"",""Form Factor"":""3.5\"""",""Interface"":""SATA 6.0 Gb\/s"",""Price \/ GB"":""\u20ac0.067"",""Type"":""7200 RPM""}",https://images-fe.ssl-images-amazon.com/images/I/417QcwE6HYL.jpg
HDD,Hitachi,Hitachi Ultrastar He10,329.0,0,"{""Cache"":""256 MB"",""Capacity"":""8 TB"",""Form Factor"":""3.5\"""",""Interface"":""SATA 6.0 Gb\/s"",""Price \/ GB"":""\u20ac0.041"",""Type"":""7200 RPM""}",https://cdna.pcpartpicker.com/static/forever/images/product/2318353e16c5474df12f42af86d4ea93.256p.jpg
HDD,Hitachi,Hitachi Travelstar Z5K500,48.95,2,"{""Cache"":""8 MB"",""Capacity"":""500 GB"",""Form Factor"":""2.5\"""",""Interface"":""SATA 3.0 Gb\/s"",""Price \/ GB"":""\u20ac0.098"",""Type"":""5400 RPM""}",https://m.media-amazon.com/images/I/41WmFTeXvWL.jpg
HDD,Hitachi,Hitachi Deskstar 7K1000.C,168.04,1,"{""Cache"":"""",""Capacity"":""1 TB"",""Form Factor"":""3.5\"""",""Interface"":""SATA 6.0 Gb\/s"",""Price \/ GB"":""\u20ac0.168"",""Type"":""7200 RPM""}",https://m.media-amazon.com/images/I/51Y3oteEDML.jpg
HDD,Hitachi,Hitachi 7K2000,131.0,8,"{""Cache"":""32 MB"",""Capacity"":""2 TB"",""Form Factor"":""3.5\"""",""Interface"":""SATA 3.0 Gb\/s"",""Price \/ GB"":""\u20ac0.066"",""Type"":""7200 RPM""}",https://fr.pcpartpicker.com/static/forever/img/no-image.png
HDD,Hitachi,Hitachi Travelstar 7K500,192.08,1,"{""Cache"":""16 MB"",""Capacity"":""320 GB"",""Form Factor"":""2.5\"""",""Interface"":""SATA 3.0 Gb\/s"",""Price \/ GB"":""\u20ac0.600"",""Type"":""7200 RPM""}",https://fr.pcpartpicker.com/static/forever/img/no-image.png
HDD,Hitachi,Hitachi 0F14683,329.0,3,"{""Cache"":""64 MB"",""Capacity"":""4 TB"",""Form Factor"":""3.5\"""",""Interface"":""SATA 6.0 Gb\/s"",""Price \/ GB"":""\u20ac0.082"",""Type"":""7200 RPM""}",https://cdna.pcpartpicker.com/static/forever/images/product/d5cc53d447cab3c9396a20b53baf933c.256p.jpg
HDD,Hitachi,Hitachi Ultrastar C10K900,93.82,0,"{""Cache"":""64 MB"",""Capacity"":""600 GB"",""Form Factor"":""2.5\"""",""Interface"":""SATA 6.0 Gb\/s"",""Price \/ GB"":""\u20ac0.156"",""Type"":""10000 RPM""}",https://images-na.ssl-images-amazon.com/images/I/41CHLXl3QxL.jpg
HDD,Hitachi,Hitachi 7K1000.B,109.0,2,"{""Cache"":""16 MB"",""Capacity"":""1 TB"",""Form Factor"":""3.5\"""",""Interface"":""SATA 3.0 Gb\/s"",""Price \/ GB"":""\u20ac0.109"",""Type"":""7200 RPM""}",https://fr.pcpartpicker.com/static/forever/img/no-image.png
HDD,Hitachi,Hitachi Ultrastar 7K4000,197.0,5,"{""Cache"":""64 MB"",""Capacity"":""3 TB"",""Form Factor"":""3.5\"""",""Interface"":""SATA 6.0 Gb\/s"",""Price \/ GB"":""\u20ac0.066"",""Type"":""7200 RPM""}",https://fr.pcpartpicker.com/static/forever/img/no-image.png
HDD,Hitachi,Hitachi 7K1000.C,377.45,2,"{""Cache"":""8 MB"",""Capacity"":""250 GB"",""Form Factor"":""3.5\"""",""Interface"":""SATA 3.0 Gb\/s"",""Price \/ GB"":""\u20ac1.510"",""Type"":""7200 RPM""}",https://m.media-amazon.com/images/I/41jS5m2EDbL.jpg
HDD,Hitachi,Hitachi Ultrastar 7K4000,398.0,1,"{""Cache"":""64 MB"",""Capacity"":""2 TB"",""Form Factor"":""3.5\"""",""Interface"":""SATA 6.0 Gb\/s"",""Price \/ GB"":""\u20ac0.199"",""Type"":""7200 RPM""}",https://fr.pcpartpicker.com/static/forever/img/no-image.png
HDD,Hitachi,Hitachi Travelstar Z7K500,69.0,3,"{""Cache"":""32 MB"",""Capacity"":""500 GB"",""Form Factor"":""2.5\"""",""Interface"":""SATA 6.0 Gb\/s"",""Price \/ GB"":""\u20ac0.138"",""Type"":""7200 RPM""}",https://fr.pcpartpicker.com/static/forever/img/no-image.png
HDD,Samsung,Samsung Spinpoint F3,149.94,26,"{""Cache"":""32 MB"",""Capacity"":""1 TB"",""Form Factor"":""3.5\"""",""Interface"":""SATA 3.0 Gb\/s"",""Price \/ GB"":""\u20ac0.150"",""Type"":""7200 RPM""}",https://fr.pcpartpicker.com/static/forever/img/no-image.png
HDD,Samsung,Samsung Spinpoint F4,179.95,8,"{""Cache"":""32 MB"",""Capacity"":""2 TB"",""Form Factor"":""3.5\"""",""Interface"":""SATA 3.0 Gb\/s"",""Price \/ GB"":""\u20ac0.090"",""Type"":""5400 RPM""}",https://fr.pcpartpicker.com/static/forever/img/no-image.png
HDD,Samsung,Samsung Spinpoint F3R,102.13,1,"{""Cache"":""32 MB"",""Capacity"":""1 TB"",""Form Factor"":""3.5\"""",""Interface"":""SATA 3.0 Gb\/s"",""Price \/ GB"":""\u20ac0.102"",""Type"":""7200 RPM""}",https://m.media-amazon.com/images/I/516uKzjPYoL.jpg
HDD,Samsung,Samsung Spinpoint F2 EG,149.94,2,"{""Cache"":""32 MB"",""Capacity"":""1.5 TB"",""Form Factor"":""3.5\"""",""Interface"":""SATA 3.0 Gb\/s"",""Price \/ GB"":""\u20ac0.100"",""Type"":""5400 RPM""}",https://m.media-amazon.com/images/I/51MBdxH2UNL.jpg
HDD,Samsung,Samsung Spinpoint F2 EG,147.94,6,"{""Cache"":""32 MB"",""Capacity"":""1 TB"",""Form Factor"":""3.5\"""",""Interface"":""SATA 3.0 Gb\/s"",""Price \/ GB"":""\u20ac0.148"",""Type"":""5400 RPM""}",https://fr.pcpartpicker.com/static/forever/img/no-image.png
HDD,Samsung,Samsung Spinpoint F1 DT,199.95,2,"{""Cache"":""32 MB"",""Capacity"":""750 GB"",""Form Factor"":""3.5\"""",""Interface"":""SATA 3.0 Gb\/s"",""Price \/ GB"":""\u20ac0.267"",""Type"":""7200 RPM""}",https://fr.pcpartpicker.com/static/forever/img/no-image.png
HDD,Samsung,Samsung Spinpoint MP4,49.9,0,"{""Cache"":""16 MB"",""Capacity"":""640 GB"",""Form Factor"":""2.5\"""",""Interface"":""SATA 3.0 Gb\/s"",""Price \/ GB"":""\u20ac0.078"",""Type"":""7200 RPM""}",https://images-na.ssl-images-amazon.com/images/I/41yBU6P6VOL.jpg
HDD,Samsung,Samsung Spinpoint M7E,59.9,0,"{""Cache"":""8 MB"",""Capacity"":""640 GB"",""Form Factor"":""2.5\"""",""Interface"":""SATA 3.0 Gb\/s"",""Price \/ GB"":""\u20ac0.094"",""Type"":""5400 RPM""}",https://fr.pcpartpicker.com/static/forever/img/no-image.png
HDD,Samsung,Samsung Spinpoint M5,65.89,0,"{""Cache"":""8 MB"",""Capacity"":""160 GB"",""Form Factor"":""2.5\"""",""Interface"":""PATA 44-Pin 100"",""Price \/ GB"":""\u20ac0.412"",""Type"":""5400 RPM""}",https://fr.pcpartpicker.com/static/forever/img/no-image.png
SSD,Intel,Intel 660p,204.05,135,"{""Cache"":"""",""Capacity"":""1.02 TB"",""Form Factor"":""M.2-2280"",""Interface"":""M.2 PCIe 3.0 X4"",""Price \/ GB"":""\u20ac0.200"",""Type"":""SSD""}",https://cdna.pcpartpicker.com/static/forever/images/product/72ac6b04347d22c2592029d4a49bc5ed.256p.jpg
SSD,Intel,Intel 670p,164.87,6,"{""Cache"":"""",""Capacity"":""512 GB"",""Form Factor"":""M.2-2280"",""Interface"":""M.2 PCIe 3.0 X4"",""Price \/ GB"":""\u20ac0.322"",""Type"":""SSD""}",https://cdna.pcpartpicker.com/static/forever/images/product/f0b81eeb99c2afdb1c9b4ee48fac9657.256p.jpg
SSD,Intel,Intel 660p,299.36,35,"{""Cache"":"""",""Capacity"":""2.048 TB"",""Form Factor"":""M.2-2280"",""Interface"":""M.2 PCIe 3.0 X4"",""Price \/ GB"":""\u20ac0.146"",""Type"":""SSD""}",https://cdna.pcpartpicker.com/static/forever/images/product/72ac6b04347d22c2592029d4a49bc5ed.256p.jpg
SSD,Intel,Intel MEMPEK1J032GAXT,195.27,0,"{""Cache"":"""",""Capacity"":""32 GB"",""Form Factor"":""M.2-2280"",""Interface"":""M.2 PCIe 3.0 X2"",""Price \/ GB"":""\u20ac6.102"",""Type"":""SSD""}",https://m.media-amazon.com/images/I/41EuwhNE55L.jpg
SSD,Intel,Intel Optane 905P,4489.95,0,"{""Cache"":"""",""Capacity"":""1.5 TB"",""Form Factor"":""PCIe"",""Interface"":""PCIe x4"",""Price \/ GB"":""\u20ac2.993"",""Type"":""SSD""}",https://cdna.pcpartpicker.com/static/forever/images/product/37f86cffd9296407e5d7e62365856b0e.256p.jpg
SSD,Intel,Intel Optane P1600X,828.17,2,"{""Cache"":"""",""Capacity"":""118 GB"",""Form Factor"":""M.2-2280"",""Interface"":""M.2 PCIe 3.0 X4"",""Price \/ GB"":""\u20ac7.018"",""Type"":""SSD""}",https://cdna.pcpartpicker.com/static/forever/images/product/b6d3931fe1361d23524d20a2679eb34e.256p.jpg
SSD,Intel,Intel D3-S4520,2740.84,0,"{""Cache"":"""",""Capacity"":""7.68 TB"",""Form Factor"":""2.5\"""",""Interface"":""SATA 6.0 Gb\/s"",""Price \/ GB"":""\u20ac0.357"",""Type"":""SSD""}",https://cdna.pcpartpicker.com/static/forever/images/product/f048f162c116c66e36ddefd9792cc6df.256p.jpg
SSD,Intel,Intel 320,142.16,1,"{""Cache"":"""",""Capacity"":""40 GB"",""Form Factor"":""2.5\"""",""Interface"":""SATA 3.0 Gb\/s"",""Price \/ GB"":""\u20ac3.554"",""Type"":""SSD""}",https://images-na.ssl-images-amazon.com/images/I/31sTpwMv1JL.jpg
SSD,Intel,Intel DC S3710,307.83,0,"{""Cache"":"""",""Capacity"":""800 GB"",""Form Factor"":""2.5\"""",""Interface"":""SATA 6.0 Gb\/s"",""Price \/ GB"":""\u20ac0.385"",""Type"":""SSD""}",https://m.media-amazon.com/images/I/41WRIIWcK+L.jpg
SSD,Intel,Intel 545s,184.99,1,"{""Cache"":"""",""Capacity"":""128 GB"",""Form Factor"":""2.5\"""",""Interface"":""SATA 6.0 Gb\/s"",""Price \/ GB"":""\u20ac1.445"",""Type"":""SSD""}",https://cdna.pcpartpicker.com/static/forever/images/product/ae4bb1771c3b6b56994f59af5a584351.256p.jpg
SSD,Intel,Intel 660p,168.58,6,"{""Cache"":"""",""Capacity"":""512 GB"",""Form Factor"":""M.2-2280"",""Interface"":""M.2 PCIe 3.0 X4"",""Price \/ GB"":""\u20ac0.329"",""Type"":""SSD""}",https://cdna.pcpartpicker.com/static/forever/images/product/b464bdec5854d8124047947b82b77599.256p.jpg
SSD,Intel,Intel 730,787.53,9,"{""Cache"":"""",""Capacity"":""480 GB"",""Form Factor"":""2.5\"""",""Interface"":""SATA 6.0 Gb\/s"",""Price \/ GB"":""\u20ac1.641"",""Type"":""SSD""}",https://cdna.pcpartpicker.com/static/forever/images/product/b704d3620547b834ca8b55f199105088.256p.jpg
SSD,Intel,Intel DC P4511,858.48,0,"{""Cache"":"""",""Capacity"":""2 TB"",""Form Factor"":""M.2-22110"",""Interface"":""M.2 PCIe 3.0 X4"",""Price \/ GB"":""\u20ac0.429"",""Type"":""SSD""}",https://cdna.pcpartpicker.com/static/forever/images/product/41ad4d3888f52759f5d9a36f26e54c81.256p.jpg
SSD,Intel,Intel DC S3610,574.7,0,"{""Cache"":"""",""Capacity"":""1.6 TB"",""Form Factor"":""2.5\"""",""Interface"":""SATA 6.0 Gb\/s"",""Price \/ GB"":""\u20ac0.359"",""Type"":""SSD""}",https://cdna.pcpartpicker.com/static/forever/images/product/02731633c03bd202b4a7fb39cac5ac9a.256p.jpg
SSD,Intel,Intel 530,186.14,8,"{""Cache"":"""",""Capacity"":""180 GB"",""Form Factor"":""2.5\"""",""Interface"":""SATA 6.0 Gb\/s"",""Price \/ GB"":""\u20ac1.034"",""Type"":""SSD""}",https://m.media-amazon.com/images/I/21DRjyliWiL.jpg
SSD,Intel,Intel DC S4600,855.66,0,"{""Cache"":"""",""Capacity"":""1.9 TB"",""Form Factor"":""2.5\"""",""Interface"":""SATA 6.0 Gb\/s"",""Price \/ GB"":""\u20ac0.450"",""Type"":""SSD""}",https://cdna.pcpartpicker.com/static/forever/images/product/34fb7fc44ecd489572324b9c124129b7.256p.jpg
SSD,Intel,Intel DC S3700,245.3,1,"{""Cache"":"""",""Capacity"":""100 GB"",""Form Factor"":""2.5\"""",""Interface"":""SATA 6.0 Gb\/s"",""Price \/ GB"":""\u20ac2.453"",""Type"":""SSD""}",https://cdna.pcpartpicker.com/static/forever/images/product/4fb647de616047fc3118b22a17bd9be7.256p.jpg
SSD,Intel,Intel 760p,186.0,1,"{""Cache"":"""",""Capacity"":""512 GB"",""Form Factor"":""M.2-2280"",""Interface"":""M.2 PCIe 3.0 X4"",""Price \/ GB"":""\u20ac0.363"",""Type"":""SSD""}",https://cdna.pcpartpicker.com/static/forever/images/product/87a48432dd21089fa338cb7e0e660ea5.256p.jpg
SSD,Intel,Intel DC P3608,997.35,0,"{""Cache"":"""",""Capacity"":""1.6 TB"",""Form Factor"":""PCIe"",""Interface"":""PCIe x8"",""Price \/ GB"":""\u20ac0.623"",""Type"":""SSD""}",https://images-na.ssl-images-amazon.com/images/I/41tF43Wbj6L.jpg
SSD,Intel,Intel DC S3700,225.26,0,"{""Cache"":"""",""Capacity"":""400 GB"",""Form Factor"":""2.5\"""",""Interface"":""SATA 6.0 Gb\/s"",""Price \/ GB"":""\u20ac0.563"",""Type"":""SSD""}",https://cdna.pcpartpicker.com/static/forever/images/product/1a548a8a0a78852bc0a492d8e04fb464.256p.jpg
SSD,Western Digital,Western Digital WD_Black SN850X,344.84,247,"{""Cache"":""2048 MB"",""Capacity"":""2 TB"",""Form Factor"":""M.2-2280"",""Interface"":""M.2 PCIe 4.0 X4"",""Price \/ GB"":""\u20ac0.172"",""Type"":""SSD""}",https://cdna.pcpartpicker.com/static/forever/images/product/8e6dbae8a0f3c6572216c8758ce5a0b5.256p.jpg
SSD,Western Digital,Western Digital WD_Black SN850X,202.23,127,"{""Cache"":""1024 MB"",""Capacity"":""1 TB"",""Form Factor"":""M.2-2280"",""Interface"":""M.2 PCIe 4.0 X4"",""Price \/ GB"":""\u20ac0.202"",""Type"":""SSD""}",https://cdna.pcpartpicker.com/static/forever/images/product/8e6dbae8a0f3c6572216c8758ce5a0b5.256p.jpg
SSD,Western Digital,Western Digital WD_BLACK SN7100,214.41,10,"{""Cache"":"""",""Capacity"":""1 TB"",""Form Factor"":""M.2-2280"",""Interface"":""M.2 PCIe 4.0 X4"",""Price \/ GB"":""\u20ac0.214"",""Type"":""SSD""}",https://cdna.pcpartpicker.com/static/forever/images/product/d8008770390602cb9c369c3fb28c8f09.256p.jpg
SSD,Western Digital,Western Digital WD_Black SN850X,542.21,86,"{""Cache"":""2048 MB"",""Capacity"":""4 TB"",""Form Factor"":""M.2-2280"",""Interface"":""M.2 PCIe 4.0 X4"",""Price \/ GB"":""\u20ac0.136"",""Type"":""SSD""}",https://cdna.pcpartpicker.com/static/forever/images/product/8e6dbae8a0f3c6572216c8758ce5a0b5.256p.jpg
SSD,Western Digital,Western Digital WD_Black SN850X,2456.69,7,"{""Cache"":""2048 MB"",""Capacity"":""8 TB"",""Form Factor"":""M.2-2280"",""Interface"":""M.2 PCIe 4.0 X4"",""Price \/ GB"":""\u20ac0.307"",""Type"":""SSD""}",https://cdna.pcpartpicker.com/static/forever/images/product/0427e658396f37fc8e06723b42a4f7df.256p.jpg
SSD,Western Digital,Western Digital Black SN770,300.0,137,"{""Cache"":"""",""Capacity"":""1 TB"",""Form Factor"":""M.2-2280"",""Interface"":""M.2 PCIe 4.0 X4"",""Price \/ GB"":""\u20ac0.300"",""Type"":""SSD""}",https://cdna.pcpartpicker.com/static/forever/images/product/8fcb88c883df1ee3563538df639a08c8.256p.jpg
SSD,Western Digital,Western Digital Green SN350,167.1,12,"{""Cache"":"""",""Capacity"":""1 TB"",""Form Factor"":""M.2-2280"",""Interface"":""M.2 PCIe 3.0 X4"",""Price \/ GB"":""\u20ac0.167"",""Type"":""SSD""}",https://cdna.pcpartpicker.com/static/forever/images/product/57b87f0a167a06e77da78f9812f28367.256p.jpg
SSD,Western Digital,Western Digital WD_BLACK SN7100,309.77,16,"{""Cache"":"""",""Capacity"":""2 TB"",""Form Factor"":""M.2-2280"",""Interface"":""M.2 PCIe 4.0 X4"",""Price \/ GB"":""\u20ac0.155"",""Type"":""SSD""}",https://cdna.pcpartpicker.com/static/forever/images/product/6f0fd73f94e49659eace8db76370bc34.256p.jpg
SSD,Western Digital,Western Digital WD_BLACK SN8100,697.99,5,"{""Cache"":""2048 MB"",""Capacity"":""2 TB"",""Form Factor"":""M.2-2280"",""Interface"":""M.2 PCIe 5.0 X4"",""Price \/ GB"":""\u20ac0.349"",""Type"":""SSD""}",https://cdna.pcpartpicker.com/static/forever/images/product/1a712c4fc7eec20d6af59f2992e40962.256p.jpg
SSD,Western Digital,Western Digital WD_BLACK SN8100,1352.99,1,"{""Cache"":""4096 MB"",""Capacity"":""4 TB"",""Form Factor"":""M.2-2280"",""Interface"":""M.2 PCIe 5.0 X4"",""Price \/ GB"":""\u20ac0.338"",""Type"":""SSD""}",https://cdna.pcpartpicker.com/static/forever/images/product/1a712c4fc7eec20d6af59f2992e40962.256p.jpg
SSD,Western Digital,Western Digital WD_BLACK SN8100,348.99,3,"{""Cache"":""1024 MB"",""Capacity"":""1 TB"",""Form Factor"":""M.2-2280"",""Interface"":""M.2 PCIe 5.0 X4"",""Price \/ GB"":""\u20ac0.349"",""Type"":""SSD""}",https://cdna.pcpartpicker.com/static/forever/images/product/1a712c4fc7eec20d6af59f2992e40962.256p.jpg
SSD,Western Digital,Western Digital WD Blue SN5000,246.95,8,"{""Cache"":"""",""Capacity"":""2 TB"",""Form Factor"":""M.2-2280"",""Interface"":""M.2 PCIe 4.0 X4"",""Price \/ GB"":""\u20ac0.123"",""Type"":""SSD""}",https://cdna.pcpartpicker.com/static/forever/images/product/8b610f0ec032392a7b1007b5dbe0925d.256p.jpg
SSD,Western Digital,Western Digital Black SN770,306.77,122,"{""Cache"":"""",""Capacity"":""2 TB"",""Form Factor"":""M.2-2280"",""Interface"":""M.2 PCIe 4.0 X4"",""Price \/ GB"":""\u20ac0.153"",""Type"":""SSD""}",https://cdna.pcpartpicker.com/static/forever/images/product/5ab53f4ea70381a66686c52d0b6e05a6.256p.jpg
SSD,Western Digital,Western Digital WD Blue SN5000,187.11,5,"{""Cache"":"""",""Capacity"":""1 TB"",""Form Factor"":""M.2-2280"",""Interface"":""M.2 PCIe 4.0 X4"",""Price \/ GB"":""\u20ac0.187"",""Type"":""SSD""}",https://cdna.pcpartpicker.com/static/forever/images/product/fcf73d393a43493ce7f07fd77e50ac5b.256p.jpg
SSD,Western Digital,Western Digital WD Green SN3000,238.99,2,"{""Cache"":"""",""Capacity"":""1 TB"",""Form Factor"":""M.2-2280"",""Interface"":""M.2 PCIe 4.0 X4"",""Price \/ GB"":""\u20ac0.239"",""Type"":""SSD""}",https://cdna.pcpartpicker.com/static/forever/images/product/f7ef0967f1ceb8bb467e4a8b1344a401.256p.jpg
SSD,Western Digital,Western Digital WD_BLACK SN8100 w/Heatsink,1839.0,0,"{""Cache"":"""",""Capacity"":""8 TB"",""Form Factor"":""M.2-2280"",""Interface"":""M.2 PCIe 5.0 X4"",""Price \/ GB"":""\u20ac0.230"",""Type"":""SSD""}",https://cdna.pcpartpicker.com/static/forever/images/product/5a9ebbe0c04a953c5c5fac1e9f2987fe.256p.jpg
SSD,Western Digital,Western Digital WD_BLACK SN8100,2706.99,0,"{""Cache"":"""",""Capacity"":""8 TB"",""Form Factor"":""M.2-2280"",""Interface"":""M.2 PCIe 5.0 X4"",""Price \/ GB"":""\u20ac0.338"",""Type"":""SSD""}",https://cdna.pcpartpicker.com/static/forever/images/product/d80534121073b9abba87fdef3117873e.256p.jpg
SSD,Western Digital,Western Digital WD_Black SN850X w/Heatsink,294.14,11,"{""Cache"":""2048 MB"",""Capacity"":""2 TB"",""Form Factor"":""M.2-2280"",""Interface"":""M.2 PCIe 4.0 X4"",""Price \/ GB"":""\u20ac0.147"",""Type"":""SSD""}",https://cdna.pcpartpicker.com/static/forever/images/product/57d6e2928f2118c8f26100caf36ab606.256p.jpg
SSD,Western Digital,Western Digital Green,43.19,10,"{""Cache"":"""",""Capacity"":""120 GB"",""Form Factor"":""2.5\"""",""Interface"":""SATA 6.0 Gb\/s"",""Price \/ GB"":""\u20ac0.360"",""Type"":""SSD""}",https://cdna.pcpartpicker.com/static/forever/images/product/16e490191e3922cbc119692b49421bba.256p.jpg
SSD,Western Digital,Western Digital Blue,332.25,107,"{""Cache"":"""",""Capacity"":""1 TB"",""Form Factor"":""2.5\"""",""Interface"":""SATA 6.0 Gb\/s"",""Price \/ GB"":""\u20ac0.332"",""Type"":""SSD""}",https://cdna.pcpartpicker.com/static/forever/images/product/a3b09866e3716566572bf9a13792cc85.256p.jpg
SSD,Kingston,Kingston NV3,151.8,54,"{""Cache"":"""",""Capacity"":""1 TB"",""Form Factor"":""M.2-2280"",""Interface"":""M.2 PCIe 4.0 X4"",""Price \/ GB"":""\u20ac0.152"",""Type"":""SSD""}",https://cdna.pcpartpicker.com/static/forever/images/product/0a0b12a29d901a2fef4cd49748f3cc54.256p.jpg
SSD,Kingston,Kingston NV3,209.8,13,"{""Cache"":"""",""Capacity"":""2 TB"",""Form Factor"":""M.2-2280"",""Interface"":""M.2 PCIe 4.0 X4"",""Price \/ GB"":""\u20ac0.105"",""Type"":""SSD""}",https://cdna.pcpartpicker.com/static/forever/images/product/4ad646899fef008aa00b6b74bf72e646.256p.jpg
SSD,Kingston,Kingston NV3,109.99,8,"{""Cache"":"""",""Capacity"":""500 GB"",""Form Factor"":""M.2-2280"",""Interface"":""M.2 PCIe 4.0 X4"",""Price \/ GB"":""\u20ac0.220"",""Type"":""SSD""}",https://cdna.pcpartpicker.com/static/forever/images/product/dd209f6e731740b8c5f702e2fc673ad2.256p.jpg
SSD,Kingston,Kingston FURY Renegade G5,1901.14,0,"{""Cache"":"""",""Capacity"":""8 TB"",""Form Factor"":""M.2-2280"",""Interface"":""M.2 PCIe 5.0 X4"",""Price \/ GB"":""\u20ac0.238"",""Type"":""SSD""}",https://cdna.pcpartpicker.com/static/forever/images/product/c8443eac545855ab2ef3b11814140054.256p.jpg
SSD,Kingston,Kingston KC3000,319.99,45,"{""Cache"":"""",""Capacity"":""2.048 TB"",""Form Factor"":""M.2-2280"",""Interface"":""M.2 PCIe 4.0 X4"",""Price \/ GB"":""\u20ac0.156"",""Type"":""SSD""}",https://m.media-amazon.com/images/I/31p3IUZV+ZL.jpg
SSD,Kingston,Kingston A400,70.86,127,"{""Cache"":"""",""Capacity"":""240 GB"",""Form Factor"":""2.5\"""",""Interface"":""SATA 6.0 Gb\/s"",""Price \/ GB"":""\u20ac0.295"",""Type"":""SSD""}",https://cdna.pcpartpicker.com/static/forever/images/product/97e2bd828644767c8a80b71f8cb14743.256p.jpg
SSD,Kingston,Kingston KC3000,202.99,25,"{""Cache"":"""",""Capacity"":""1.024 TB"",""Form Factor"":""M.2-2280"",""Interface"":""M.2 PCIe 4.0 X4"",""Price \/ GB"":""\u20ac0.198"",""Type"":""SSD""}",https://cdna.pcpartpicker.com/static/forever/images/product/e66fc9e6326af9ce97e3bd50268f61a2.256p.jpg
SSD,Kingston,Kingston A400,90.38,63,"{""Cache"":"""",""Capacity"":""480 GB"",""Form Factor"":""2.5\"""",""Interface"":""SATA 6.0 Gb\/s"",""Price \/ GB"":""\u20ac0.188"",""Type"":""SSD""}",https://cdna.pcpartpicker.com/static/forever/images/product/97e2bd828644767c8a80b71f8cb14743.256p.jpg
SSD,Kingston,Kingston FURY Renegade G5,333.43,0,"{""Cache"":"""",""Capacity"":""2.048 TB"",""Form Factor"":""M.2-2280"",""Interface"":""M.2 PCIe 5.0 X4"",""Price \/ GB"":""\u20ac0.163"",""Type"":""SSD""}",https://cdna.pcpartpicker.com/static/forever/images/product/4086d776ab0debe42cb6473dab77e41d.256p.jpg
SSD,Kingston,Kingston A400,114.8,15,"{""Cache"":"""",""Capacity"":""960 GB"",""Form Factor"":""2.5\"""",""Interface"":""SATA 6.0 Gb\/s"",""Price \/ GB"":""\u20ac0.120"",""Type"":""SSD""}",https://cdna.pcpartpicker.com/static/forever/images/product/0e5f348eea062654a82c98f7f373b8ae.256p.jpg
SSD,Kingston,Kingston FURY Renegade G5,660.0,0,"{""Cache"":"""",""Capacity"":""4.096 TB"",""Form Factor"":""M.2-2280"",""Interface"":""M.2 PCIe 5.0 X4"",""Price \/ GB"":""\u20ac0.161"",""Type"":""SSD""}",https://cdna.pcpartpicker.com/static/forever/images/product/de5dd6625d5b5cb163fbf4aa3d017e46.256p.jpg
SSD,Kingston,Kingston NV2,137.88,20,"{""Cache"":"""",""Capacity"":""500 GB"",""Form Factor"":""M.2-2280"",""Interface"":""M.2 PCIe 4.0 X4"",""Price \/ GB"":""\u20ac0.276"",""Type"":""SSD""}",https://cdna.pcpartpicker.com/static/forever/images/product/b95d0c7234714c4d7bb0f246c23cd3b9.256p.jpg
SSD,Kingston,Kingston NV3,404.98,0,"{""Cache"":"""",""Capacity"":""4 TB"",""Form Factor"":""M.2-2280"",""Interface"":""M.2 PCIe 4.0 X4"",""Price \/ GB"":""\u20ac0.101"",""Type"":""SSD""}",https://cdna.pcpartpicker.com/static/forever/images/product/7514d6bc7394550857f874ca555f908a.256p.jpg
SSD,Kingston,Kingston Fury Renegade,372.68,20,"{""Cache"":"""",""Capacity"":""1 TB"",""Form Factor"":""M.2-2280"",""Interface"":""M.2 PCIe 4.0 X4"",""Price \/ GB"":""\u20ac0.373"",""Type"":""SSD""}",https://cdna.pcpartpicker.com/static/forever/images/product/4a39091cc852e56b16b02febdadeb3a7.256p.jpg
SSD,Kingston,Kingston KC3000,169.99,8,"{""Cache"":"""",""Capacity"":""512 GB"",""Form Factor"":""M.2-2280"",""Interface"":""M.2 PCIe 4.0 X4"",""Price \/ GB"":""\u20ac0.332"",""Type"":""SSD""}",https://cdna.pcpartpicker.com/static/forever/images/product/1e1b3efad45ddc8b52df665025755dce.256p.jpg
SSD,Kingston,Kingston FURY Renegade G5,249.61,0,"{""Cache"":"""",""Capacity"":""1.024 TB"",""Form Factor"":""M.2-2280"",""Interface"":""M.2 PCIe 5.0 X4"",""Price \/ GB"":""\u20ac0.244"",""Type"":""SSD""}",https://cdna.pcpartpicker.com/static/forever/images/product/4086d776ab0debe42cb6473dab77e41d.256p.jpg
SSD,Kingston,Kingston KC3000,524.0,2,"{""Cache"":"""",""Capacity"":""4.096 TB"",""Form Factor"":""M.2-2280"",""Interface"":""M.2 PCIe 4.0 X4"",""Price \/ GB"":""\u20ac0.128"",""Type"":""SSD""}",https://cdna.pcpartpicker.com/static/forever/images/product/d562dc6ffbf197abd16941e6a36271d6.256p.jpg
SSD,Kingston,Kingston A2000,187.71,47,"{""Cache"":"""",""Capacity"":""1 TB"",""Form Factor"":""M.2-2280"",""Interface"":""M.2 PCIe 3.0 X4"",""Price \/ GB"":""\u20ac0.188"",""Type"":""SSD""}",https://cdna.pcpartpicker.com/static/forever/images/product/04f2780924ad6adc22bc16609804195f.256p.jpg
SSD,Kingston,Kingston KC600,85.0,1,"{""Cache"":"""",""Capacity"":""256 GB"",""Form Factor"":""2.5\"""",""Interface"":""SATA 6.0 Gb\/s"",""Price \/ GB"":""\u20ac0.332"",""Type"":""SSD""}",https://cdna.pcpartpicker.com/static/forever/images/product/2d941d002eeba10430595867b07350ad.256p.jpg
SSD,Kingston,Kingston SSDNow V300,86.7,261,"{""Cache"":"""",""Capacity"":""120 GB"",""Form Factor"":""2.5\"""",""Interface"":""SATA 6.0 Gb\/s"",""Price \/ GB"":""\u20ac0.723"",""Type"":""SSD""}",https://cdna.pcpartpicker.com/static/forever/images/product/adc747a946f989edc13e0c8df1daedf6.256p.jpg
SSD,Crucial,Crucial P310,173.99,17,"{""Cache"":"""",""Capacity"":""1 TB"",""Form Factor"":""M.2-2280"",""Interface"":""M.2 PCIe 4.0 X4"",""Price \/ GB"":""\u20ac0.174"",""Type"":""SSD""}",https://cdna.pcpartpicker.com/static/forever/images/product/df4e2992d37f23922fb5d8d9ce743981.256p.jpg
SSD,Crucial,Crucial P310,245.9,10,"{""Cache"":"""",""Capacity"":""2 TB"",""Form Factor"":""M.2-2280"",""Interface"":""M.2 PCIe 4.0 X4"",""Price \/ GB"":""\u20ac0.123"",""Type"":""SSD""}",https://cdna.pcpartpicker.com/static/forever/images/product/df4e2992d37f23922fb5d8d9ce743981.256p.jpg
SSD,Crucial,Crucial P510,259.99,9,"{""Cache"":"""",""Capacity"":""2 TB"",""Form Factor"":""M.2-2280"",""Interface"":""M.2 PCIe 5.0 X4"",""Price \/ GB"":""\u20ac0.130"",""Type"":""SSD""}",https://cdna.pcpartpicker.com/static/forever/images/product/d54a12ece6338a1a71ecaa145f58f616.256p.jpg
SSD,Crucial,Crucial T710,314.99,4,"{""Cache"":"""",""Capacity"":""2 TB"",""Form Factor"":""M.2-2280"",""Interface"":""M.2 PCIe 5.0 X4"",""Price \/ GB"":""\u20ac0.157"",""Type"":""SSD""}",https://cdna.pcpartpicker.com/static/forever/images/product/abd724ed757ac7efff283d51c2b66cde.256p.jpg
SSD,Crucial,Crucial E100,139.9,2,"{""Cache"":"""",""Capacity"":""1 TB"",""Form Factor"":""M.2-2280"",""Interface"":""M.2 PCIe 4.0 X4"",""Price \/ GB"":""\u20ac0.140"",""Type"":""SSD""}",https://cdna.pcpartpicker.com/static/forever/images/product/72bbad5e69fa95e74103a3613c6dc1e9.256p.jpg
SSD,Crucial,Crucial P310 w/ Acronis Data Recovery,249.99,0,"{""Cache"":"""",""Capacity"":""2 TB"",""Form Factor"":""M.2-2280"",""Interface"":""M.2 PCIe 4.0 X4"",""Price \/ GB"":""\u20ac0.125"",""Type"":""SSD""}",https://m.media-amazon.com/images/I/31s-wKnYDvL.jpg
SSD,Crucial,Crucial P510,179.99,11,"{""Cache"":"""",""Capacity"":""1 TB"",""Form Factor"":""M.2-2280"",""Interface"":""M.2 PCIe 5.0 X4"",""Price \/ GB"":""\u20ac0.180"",""Type"":""SSD""}",https://cdna.pcpartpicker.com/static/forever/images/product/d54a12ece6338a1a71ecaa145f58f616.256p.jpg
SSD,Crucial,Crucial BX500,130.0,35,"{""Cache"":"""",""Capacity"":""1 TB"",""Form Factor"":""2.5\"""",""Interface"":""SATA 6.0 Gb\/s"",""Price \/ GB"":""\u20ac0.130"",""Type"":""SSD""}",https://cdna.pcpartpicker.com/static/forever/images/product/fff84afccbfab3054a5a88963c4bb271.256p.jpg
SSD,Crucial,Crucial T710,524.99,1,"{""Cache"":"""",""Capacity"":""4 TB"",""Form Factor"":""M.2-2280"",""Interface"":""M.2 PCIe 5.0 X4"",""Price \/ GB"":""\u20ac0.131"",""Type"":""SSD""}",https://cdna.pcpartpicker.com/static/forever/images/product/abd724ed757ac7efff283d51c2b66cde.256p.jpg
SSD,Crucial,Crucial E100,82.0,0,"{""Cache"":"""",""Capacity"":""480 GB"",""Form Factor"":""M.2-2280"",""Interface"":""M.2 PCIe 4.0 X4"",""Price \/ GB"":""\u20ac0.171"",""Type"":""SSD""}",https://cdna.pcpartpicker.com/static/forever/images/product/62ef9620cb99292a8f9adf9ad72c49b3.256p.jpg
SSD,Crucial,Crucial T500,310.0,32,"{""Cache"":"""",""Capacity"":""2 TB"",""Form Factor"":""M.2-2280"",""Interface"":""M.2 PCIe 4.0 X4"",""Price \/ GB"":""\u20ac0.155"",""Type"":""SSD""}",https://cdna.pcpartpicker.com/static/forever/images/product/3fd5aee2fd8854d15ef3c81dcd9599f5.256p.jpg
SSD,Crucial,Crucial P3 Plus,265.99,113,"{""Cache"":"""",""Capacity"":""2 TB"",""Form Factor"":""M.2-2280"",""Interface"":""M.2 PCIe 4.0 X4"",""Price \/ GB"":""\u20ac0.133"",""Type"":""SSD""}",https://cdna.pcpartpicker.com/static/forever/images/product/e28de633eafbdc136277c18fc2acc45f.256p.jpg
SSD,Crucial,Crucial P310,376.9,2,"{""Cache"":"""",""Capacity"":""4 TB"",""Form Factor"":""M.2-2280"",""Interface"":""M.2 PCIe 4.0 X4"",""Price \/ GB"":""\u20ac0.094"",""Type"":""SSD""}",https://cdna.pcpartpicker.com/static/forever/images/product/2691f40daa1dad84937299288269d9e2.256p.jpg
SSD,Crucial,Crucial T705,169.99,6,"{""Cache"":"""",""Capacity"":""1 TB"",""Form Factor"":""M.2-2280"",""Interface"":""M.2 PCIe 5.0 X4"",""Price \/ GB"":""\u20ac0.170"",""Type"":""SSD""}",https://cdna.pcpartpicker.com/static/forever/images/product/26411ed56b8f23776f841818083ed115.256p.jpg
SSD,Crucial,Crucial T710,199.99,2,"{""Cache"":"""",""Capacity"":""1 TB"",""Form Factor"":""M.2-2280"",""Interface"":""M.2 PCIe 5.0 X4"",""Price \/ GB"":""\u20ac0.200"",""Type"":""SSD""}",https://cdna.pcpartpicker.com/static/forever/images/product/abd724ed757ac7efff283d51c2b66cde.256p.jpg
SSD,Crucial,Crucial P310,118.0,3,"{""Cache"":"""",""Capacity"":""500 GB"",""Form Factor"":""M.2-2280"",""Interface"":""M.2 PCIe 4.0 X4"",""Price \/ GB"":""\u20ac0.236"",""Type"":""SSD""}",https://cdna.pcpartpicker.com/static/forever/images/product/c54792ba24726ba1fc089b2b6022f242.256p.jpg
SSD,Crucial,Crucial BX500,223.46,18,"{""Cache"":"""",""Capacity"":""2 TB"",""Form Factor"":""2.5\"""",""Interface"":""SATA 6.0 Gb\/s"",""Price \/ GB"":""\u20ac0.112"",""Type"":""SSD""}",https://cdna.pcpartpicker.com/static/forever/images/product/5199ded1c4bfb5c37bc41c5065650198.256p.jpg
SSD,Crucial,Crucial P310 w/ Acronis Data Recovery,169.99,0,"{""Cache"":"""",""Capacity"":""1 TB"",""Form Factor"":""M.2-2280"",""Interface"":""M.2 PCIe 4.0 X4"",""Price \/ GB"":""\u20ac0.170"",""Type"":""SSD""}",https://m.media-amazon.com/images/I/31s-wKnYDvL.jpg
SSD,Crucial,Crucial T705,381.96,14,"{""Cache"":"""",""Capacity"":""2 TB"",""Form Factor"":""M.2-2280"",""Interface"":""M.2 PCIe 5.0 X4"",""Price \/ GB"":""\u20ac0.191"",""Type"":""SSD""}",https://cdna.pcpartpicker.com/static/forever/images/product/26411ed56b8f23776f841818083ed115.256p.jpg
SSD,Crucial,Crucial T500,199.99,16,"{""Cache"":"""",""Capacity"":""1 TB"",""Form Factor"":""M.2-2280"",""Interface"":""M.2 PCIe 4.0 X4"",""Price \/ GB"":""\u20ac0.200"",""Type"":""SSD""}",https://cdna.pcpartpicker.com/static/forever/images/product/3fd5aee2fd8854d15ef3c81dcd9599f5.256p.jpg
SSD,Patriot,Patriot P300,93.99,14,"{""Cache"":"""",""Capacity"":""512 GB"",""Form Factor"":""M.2-2280"",""Interface"":""M.2 PCIe 3.0 X4"",""Price \/ GB"":""\u20ac0.184"",""Type"":""SSD""}",https://cdna.pcpartpicker.com/static/forever/images/product/bbe3d900dc2abf2a0828e4860619a58e.256p.jpg
SSD,Patriot,Patriot P400 Lite,145.9,12,"{""Cache"":"""",""Capacity"":""1 TB"",""Form Factor"":""M.2-2280"",""Interface"":""M.2 PCIe 4.0 X4"",""Price \/ GB"":""\u20ac0.146"",""Type"":""SSD""}",https://m.media-amazon.com/images/I/31xsZ-NMDBL.jpg
SSD,Patriot,Patriot P300,63.99,18,"{""Cache"":"""",""Capacity"":""256 GB"",""Form Factor"":""M.2-2280"",""Interface"":""M.2 PCIe 3.0 X4"",""Price \/ GB"":""\u20ac0.250"",""Type"":""SSD""}",https://cdna.pcpartpicker.com/static/forever/images/product/54ee0cd09005260c118e6ae0062f7f1c.256p.jpg
SSD,Patriot,Patriot P300,50.99,10,"{""Cache"":"""",""Capacity"":""128 GB"",""Form Factor"":""M.2-2280"",""Interface"":""M.2 PCIe 3.0 X4"",""Price \/ GB"":""\u20ac0.398"",""Type"":""SSD""}",https://cdna.pcpartpicker.com/static/forever/images/product/83730873ee20dac30e1dab0d836e9e6b.256p.jpg
SSD,Patriot,Patriot P320,94.99,0,"{""Cache"":"""",""Capacity"":""512 GB"",""Form Factor"":""M.2-2280"",""Interface"":""M.2 PCIe 3.0 X4"",""Price \/ GB"":""\u20ac0.186"",""Type"":""SSD""}",https://cdna.pcpartpicker.com/static/forever/images/product/728bb9e7acc313cc8ba4348f85c20314.256p.jpg
SSD,Patriot,Patriot Viper VP4300 Lite,274.0,7,"{""Cache"":"""",""Capacity"":""2 TB"",""Form Factor"":""M.2-2280"",""Interface"":""M.2 PCIe 4.0 X4"",""Price \/ GB"":""\u20ac0.137"",""Type"":""SSD""}",https://cdna.pcpartpicker.com/static/forever/images/product/69067116a0293379d79c860bd2c77651.256p.jpg
SSD,Patriot,Patriot Burst Elite,32.99,0,"{""Cache"":"""",""Capacity"":""120 GB"",""Form Factor"":""2.5\"""",""Interface"":""SATA 6.0 Gb\/s"",""Price \/ GB"":""\u20ac0.275"",""Type"":""SSD""}",https://cdna.pcpartpicker.com/static/forever/images/product/a54889ce4a2388399cf0cf168f61efaf.256p.jpg
SSD,Patriot,Patriot P400 Lite,189.8,5,"{""Cache"":"""",""Capacity"":""2 TB"",""Form Factor"":""M.2-2280"",""Interface"":""M.2 PCIe 4.0 X4"",""Price \/ GB"":""\u20ac0.095"",""Type"":""SSD""}",https://cdna.pcpartpicker.com/static/forever/images/product/0aaf750acd7697a2e0fac812b6ba7770.256p.jpg
SSD,Patriot,Patriot P410,164.99,1,"{""Cache"":"""",""Capacity"":""1 TB"",""Form Factor"":""M.2-2280"",""Interface"":""M.2 PCIe 4.0 X4"",""Price \/ GB"":""\u20ac0.165"",""Type"":""SSD""}",https://cdna.pcpartpicker.com/static/forever/images/product/d17b7bda5821d0f34be4235f17fa568c.256p.jpg
SSD,Patriot,Patriot P400 V4,175.0,0,"{""Cache"":"""",""Capacity"":""1 TB"",""Form Factor"":""M.2-2280"",""Interface"":""M.2 PCIe 4.0 X4"",""Price \/ GB"":""\u20ac0.175"",""Type"":""SSD""}",https://cdna.pcpartpicker.com/static/forever/images/product/85f9170d40e3d7fe6359a551e77a420f.256p.jpg
SSD,Patriot,Patriot Viper VP4300 Lite,163.99,3,"{""Cache"":"""",""Capacity"":""1 TB"",""Form Factor"":""M.2-2280"",""Interface"":""M.2 PCIe 4.0 X4"",""Price \/ GB"":""\u20ac0.164"",""Type"":""SSD""}",https://cdna.pcpartpicker.com/static/forever/images/product/a58cd7d7131c4300bec4e65636fbe663.256p.jpg
SSD,Patriot,Patriot P400 Lite,122.87,8,"{""Cache"":"""",""Capacity"":""500 GB"",""Form Factor"":""M.2-2280"",""Interface"":""M.2 PCIe 4.0 X4"",""Price \/ GB"":""\u20ac0.246"",""Type"":""SSD""}",https://m.media-amazon.com/images/I/31xsZ-NMDBL.jpg
SSD,Patriot,Patriot P300,149.99,5,"{""Cache"":"""",""Capacity"":""1 TB"",""Form Factor"":""M.2-2280"",""Interface"":""M.2 PCIe 3.0 X4"",""Price \/ GB"":""\u20ac0.150"",""Type"":""SSD""}",https://cdna.pcpartpicker.com/static/forever/images/product/802eda7983bb37a733ea6f9890791188.256p.jpg
SSD,Patriot,Patriot P210,83.99,4,"{""Cache"":"""",""Capacity"":""512 GB"",""Form Factor"":""2.5\"""",""Interface"":""SATA 6.0 Gb\/s"",""Price \/ GB"":""\u20ac0.164"",""Type"":""SSD""}",https://cdna.pcpartpicker.com/static/forever/images/product/0b4fa928bb9fe00b99169ee9b616d059.256p.jpg
SSD,Patriot,Patriot P410,233.9,0,"{""Cache"":"""",""Capacity"":""2 TB"",""Form Factor"":""M.2-2280"",""Interface"":""M.2 PCIe 4.0 X4"",""Price \/ GB"":""\u20ac0.117"",""Type"":""SSD""}",https://cdna.pcpartpicker.com/static/forever/images/product/b4a0b32a089a53ea8183804ec554a6b1.256p.jpg
SSD,Patriot,Patriot P210,53.99,0,"{""Cache"":"""",""Capacity"":""256 GB"",""Form Factor"":""2.5\"""",""Interface"":""SATA 6.0 Gb\/s"",""Price \/ GB"":""\u20ac0.211"",""Type"":""SSD""}",https://cdna.pcpartpicker.com/static/forever/images/product/a58d5c7d1a2206a591907696b9e16ccd.256p.jpg
SSD,Patriot,Patriot Viper VP4300 Lite,464.99,2,"{""Cache"":"""",""Capacity"":""4 TB"",""Form Factor"":""M.2-2280"",""Interface"":""M.2 PCIe 4.0 X4"",""Price \/ GB"":""\u20ac0.116"",""Type"":""SSD""}",https://cdna.pcpartpicker.com/static/forever/images/product/04c621ca288357a5c7f775795a0793a2.256p.jpg
SSD,Patriot,Patriot P210,145.0,3,"{""Cache"":"""",""Capacity"":""1 TB"",""Form Factor"":""2.5\"""",""Interface"":""SATA 6.0 Gb\/s"",""Price \/ GB"":""\u20ac0.145"",""Type"":""SSD""}",https://cdna.pcpartpicker.com/static/forever/images/product/16a874fab25ee5fce77a4c202648fb1c.256p.jpg
SSD,Patriot,Patriot P310,84.99,1,"{""Cache"":"""",""Capacity"":""480 GB"",""Form Factor"":""M.2-2280"",""Interface"":""M.2 PCIe 3.0 X4"",""Price \/ GB"":""\u20ac0.177"",""Type"":""SSD""}",https://cdna.pcpartpicker.com/static/forever/images/product/7fa472338dbb333d6922ff1894043235.256p.jpg
SSD,Patriot,Patriot P220,36.99,0,"{""Cache"":"""",""Capacity"":""128 GB"",""Form Factor"":""2.5\"""",""Interface"":""SATA 6.0 Gb\/s"",""Price \/ GB"":""\u20ac0.289"",""Type"":""SSD""}",https://cdna.pcpartpicker.com/static/forever/images/product/6ee0969eac126e58a3dc57a4a6a926a0.256p.jpg
메모리,G.Skill,G.Skill Flare X5 32 GB,358.9,120,"{""CAS Latency"":""36"",""Color"":""Black"",""First Word Latency"":""12 ns"",""Modules"":""2 x 16GB"",""Price \/ GB"":""\u20ac11.216"",""Speed"":""DDR5-6000""}",https://cdna.pcpartpicker.com/static/forever/images/product/5bfb04d855b1e501d71ef7516d5c39f7.256p.jpg
메모리,G.Skill,G.Skill Ripjaws V 16 GB,142.8,237,"{""CAS Latency"":""16"",""Color"":""Black"",""First Word Latency"":""10 ns"",""Modules"":""2 x 8GB"",""Price \/ GB"":""\u20ac8.925"",""Speed"":""DDR4-3200""}",https://cdna.pcpartpicker.com/static/forever/images/product/c75eee87606a7ee1b5f90816fc5a16ea.256p.jpg
메모리,G.Skill,G.Skill Trident Z5 Neo RGB 32 GB,499.99,134,"{""CAS Latency"":""30"",""Color"":""Black"",""First Word Latency"":""10 ns"",""Modules"":""2 x 16GB"",""Price \/ GB"":""\u20ac15.625"",""Speed"":""DDR5-6000""}",https://cdna.pcpartpicker.com/static/forever/images/product/a4cecff25f58230f3fbae1903d711e49.256p.jpg
메모리,G.Skill,G.Skill Flare X5 16 GB,225.94,3,"{""CAS Latency"":""36"",""Color"":""Black"",""First Word Latency"":""12 ns"",""Modules"":""1 x 16GB"",""Price \/ GB"":""\u20ac14.121"",""Speed"":""DDR5-6000""}",https://cdna.pcpartpicker.com/static/forever/images/product/35f2de12019955da5181b343ea10f7f8.256p.jpg
메모리,G.Skill,G.Skill Trident Z5 Neo RGB 64 GB,893.1,58,"{""CAS Latency"":""30"",""Color"":""Black \/ Silver"",""First Word Latency"":""10 ns"",""Modules"":""2 x 32GB"",""Price \/ GB"":""\u20ac13.955"",""Speed"":""DDR5-6000""}",https://cdna.pcpartpicker.com/static/forever/images/product/fa05a92bf5e27cd0ba94bb8372db2419.256p.jpg
메모리,G.Skill,G.Skill Ripjaws V 32 GB,252.8,136,"{""CAS Latency"":""16"",""Color"":""Black"",""First Word Latency"":""10 ns"",""Modules"":""2 x 16GB"",""Price \/ GB"":""\u20ac7.900"",""Speed"":""DDR4-3200""}",https://cdna.pcpartpicker.com/static/forever/images/product/f97fce0b44ff2447a790b0bffc74f9f3.256p.jpg
메모리,G.Skill,G.Skill Flare X5 64 GB,904.9,34,"{""CAS Latency"":""30"",""Color"":""Black"",""First Word Latency"":""10 ns"",""Modules"":""2 x 32GB"",""Price \/ GB"":""\u20ac14.139"",""Speed"":""DDR5-6000""}",https://cdna.pcpartpicker.com/static/forever/images/product/f7d28bd70b14a7eaef6627ce7ecc3fd6.256p.jpg
메모리,G.Skill,G.Skill Trident Z RGB 16 GB,158.99,360,"{""CAS Latency"":""16"",""Color"":""Black"",""First Word Latency"":""10 ns"",""Modules"":""2 x 8GB"",""Price \/ GB"":""\u20ac9.937"",""Speed"":""DDR4-3200""}",https://m.media-amazon.com/images/I/41W2Vvt5MoL.jpg
메모리,G.Skill,G.Skill Trident Z5 Royal Neo RGB 32 GB,649.0,17,"{""CAS Latency"":""28"",""Color"":""Silver"",""First Word Latency"":""9.333 ns"",""Modules"":""2 x 16GB"",""Price \/ GB"":""\u20ac20.281"",""Speed"":""DDR5-6000""}",https://cdna.pcpartpicker.com/static/forever/images/product/297a1bced0fdc057482d491aed331bc2.256p.jpg
메모리,G.Skill,G.Skill Ripjaws S5 32 GB,473.53,30,"{""CAS Latency"":""36"",""Color"":""Black"",""First Word Latency"":""12 ns"",""Modules"":""2 x 16GB"",""Price \/ GB"":""\u20ac14.798"",""Speed"":""DDR5-6000""}",https://cdna.pcpartpicker.com/static/forever/images/product/24d251679c92dd15d250e400ea873727.256p.jpg
메모리,G.Skill,G.Skill Trident Z5 RGB 64 GB,982.09,30,"{""CAS Latency"":""32"",""Color"":""Black \/ Silver"",""First Word Latency"":""10 ns"",""Modules"":""2 x 32GB"",""Price \/ GB"":""\u20ac15.345"",""Speed"":""DDR5-6400""}",https://cdna.pcpartpicker.com/static/forever/images/product/e5d0d71b07fa16cc1ac7eb3c676a7831.256p.jpg
메모리,G.Skill,G.Skill Flare X5 32 GB,498.0,94,"{""CAS Latency"":""30"",""Color"":""Black"",""First Word Latency"":""10 ns"",""Modules"":""2 x 16GB"",""Price \/ GB"":""\u20ac15.562"",""Speed"":""DDR5-6000""}",https://cdna.pcpartpicker.com/static/forever/images/product/2a5856ab677607ec6f3b1c25bed693ab.256p.jpg
메모리,G.Skill,G.Skill Trident Z RGB 32 GB,306.49,31,"{""CAS Latency"":""18"",""Color"":""Black"",""First Word Latency"":""10 ns"",""Modules"":""2 x 16GB"",""Price \/ GB"":""\u20ac9.578"",""Speed"":""DDR4-3600""}",https://cdna.pcpartpicker.com/static/forever/images/product/67c83cfd051636aaa95e8b00b6e95d6e.256p.jpg
메모리,G.Skill,G.Skill Trident Z5 RGB 32 GB,434.94,43,"{""CAS Latency"":""32"",""Color"":""Black"",""First Word Latency"":""10 ns"",""Modules"":""2 x 16GB"",""Price \/ GB"":""\u20ac13.592"",""Speed"":""DDR5-6400""}",https://cdna.pcpartpicker.com/static/forever/images/product/5468241c2bc267e0ebc4ed037b0d02b6.256p.jpg
메모리,G.Skill,G.Skill Ripjaws V 16 GB,197.99,199,"{""CAS Latency"":""16"",""Color"":""Black"",""First Word Latency"":""8.889 ns"",""Modules"":""2 x 8GB"",""Price \/ GB"":""\u20ac12.374"",""Speed"":""DDR4-3600""}",https://cdna.pcpartpicker.com/static/forever/images/product/a00199d12cb22ee1dc33639a754cca79.256p.jpg
메모리,G.Skill,G.Skill Trident Z5 RGB 48 GB,681.24,1,"{""CAS Latency"":""40"",""Color"":""Black"",""First Word Latency"":""9.524 ns"",""Modules"":""2 x 24GB"",""Price \/ GB"":""\u20ac14.193"",""Speed"":""DDR5-8400""}",https://cdna.pcpartpicker.com/static/forever/images/product/74ca8bc876958ab560190cae0f349c69.256p.jpg
메모리,G.Skill,G.Skill Trident Z5 Royal Neo RGB 64 GB,1105.94,4,"{""CAS Latency"":""30"",""Color"":""Silver"",""First Word Latency"":""10 ns"",""Modules"":""2 x 32GB"",""Price \/ GB"":""\u20ac17.280"",""Speed"":""DDR5-6000""}",https://cdna.pcpartpicker.com/static/forever/images/product/5b9e0d994655f13f9392b5c156af24f2.256p.jpg
메모리,G.Skill,G.Skill Trident Z5 Neo RGB 96 GB,1305.94,0,"{""CAS Latency"":""28"",""Color"":""Black"",""First Word Latency"":""9.333 ns"",""Modules"":""2 x 48GB"",""Price \/ GB"":""\u20ac13.604"",""Speed"":""DDR5-6000""}",https://m.media-amazon.com/images/I/41DxRprh6SL.jpg
메모리,G.Skill,G.Skill Aegis 16 GB,147.8,34,"{""CAS Latency"":""16"",""Color"":""Red \/ Black"",""First Word Latency"":""10 ns"",""Modules"":""2 x 8GB"",""Price \/ GB"":""\u20ac9.238"",""Speed"":""DDR4-3200""}",https://cdna.pcpartpicker.com/static/forever/images/product/9e003e10740c0e04136649de59fa2ab5.256p.jpg
메모리,G.Skill,G.Skill Ripjaws V 32 GB,266.9,21,"{""CAS Latency"":""18"",""Color"":""Black"",""First Word Latency"":""10 ns"",""Modules"":""2 x 16GB"",""Price \/ GB"":""\u20ac8.341"",""Speed"":""DDR4-3600""}",https://cdna.pcpartpicker.com/static/forever/images/product/6bd09f5257f27371c8ebf94b3a331452.256p.jpg
메모리,Corsair,Corsair Vengeance RGB 32 GB,409.49,108,"{""CAS Latency"":""36"",""Color"":""Black"",""First Word Latency"":""12 ns"",""Modules"":""2 x 16GB"",""Price \/ GB"":""\u20ac12.797"",""Speed"":""DDR5-6000""}",https://cdna.pcpartpicker.com/static/forever/images/product/894ce2f4aaaf96e8a0cc61288f9ff27d.256p.jpg
메모리,Corsair,Corsair Vengeance LPX 32 GB,199.99,78,"{""CAS Latency"":""16"",""Color"":""Black \/ Yellow"",""First Word Latency"":""10 ns"",""Modules"":""2 x 16GB"",""Price \/ GB"":""\u20ac6.250"",""Speed"":""DDR4-3200""}",https://cdna.pcpartpicker.com/static/forever/images/product/ae9c14173c768f2fa9ad4d3c957e94a0.256p.jpg
메모리,Corsair,Corsair Vengeance RGB 32 GB,449.0,23,"{""CAS Latency"":""36"",""Color"":""White \/ Silver"",""First Word Latency"":""12 ns"",""Modules"":""2 x 16GB"",""Price \/ GB"":""\u20ac14.031"",""Speed"":""DDR5-6000""}",https://cdna.pcpartpicker.com/static/forever/images/product/1574b4ca51100d42eb00a882a6481427.256p.jpg
메모리,Corsair,Corsair Vengeance RGB 16 GB,259.99,2,"{""CAS Latency"":""40"",""Color"":""Black \/ Gray"",""First Word Latency"":""15.385 ns"",""Modules"":""2 x 8GB"",""Price \/ GB"":""\u20ac16.249"",""Speed"":""DDR5-5200""}",https://cdna.pcpartpicker.com/static/forever/images/product/9c711c2e20ef4adac880e44fe9fc13fe.256p.jpg
메모리,Corsair,Corsair Vengeance LPX 16 GB,165.84,518,"{""CAS Latency"":""16"",""Color"":""Black \/ Yellow"",""First Word Latency"":""10 ns"",""Modules"":""2 x 8GB"",""Price \/ GB"":""\u20ac10.365"",""Speed"":""DDR4-3200""}",https://cdna.pcpartpicker.com/static/forever/images/product/835ab3efad1be13bbe53beef3e3c6f96.256p.jpg
메모리,Corsair,Corsair Vengeance 32 GB,399.99,9,"{""CAS Latency"":""36"",""Color"":""Black"",""First Word Latency"":""12 ns"",""Modules"":""2 x 16GB"",""Price \/ GB"":""\u20ac12.500"",""Speed"":""DDR5-6000""}",https://cdna.pcpartpicker.com/static/forever/images/product/2bd00f9c70e64226475ef438ba030157.256p.jpg
메모리,Corsair,Corsair Vengeance RGB 64 GB,1268.9,26,"{""CAS Latency"":""30"",""Color"":""Black"",""First Word Latency"":""10 ns"",""Modules"":""2 x 32GB"",""Price \/ GB"":""\u20ac19.827"",""Speed"":""DDR5-6000""}",https://cdna.pcpartpicker.com/static/forever/images/product/5cdd0dfcd25374317a12808fa7f63c19.256p.jpg
메모리,Corsair,Corsair Vengeance 16 GB,241.54,6,"{""CAS Latency"":""40"",""Color"":""Black"",""First Word Latency"":""15.385 ns"",""Modules"":""2 x 8GB"",""Price \/ GB"":""\u20ac15.096"",""Speed"":""DDR5-5200""}",https://cdna.pcpartpicker.com/static/forever/images/product/c61cf578206c7afb06eb1af27edb1f7b.256p.jpg
메모리,Corsair,Corsair Vengeance LPX 16 GB,148.71,23,"{""CAS Latency"":""16"",""Color"":""Black"",""First Word Latency"":""10 ns"",""Modules"":""2 x 8GB"",""Price \/ GB"":""\u20ac9.294"",""Speed"":""DDR4-3200""}",https://cdna.pcpartpicker.com/static/forever/images/product/ae9c14173c768f2fa9ad4d3c957e94a0.256p.jpg
메모리,Corsair,Corsair Vengeance RGB Pro 16 GB,164.99,386,"{""CAS Latency"":""16"",""Color"":""Black"",""First Word Latency"":""10 ns"",""Modules"":""2 x 8GB"",""Price \/ GB"":""\u20ac10.312"",""Speed"":""DDR4-3200""}",https://cdna.pcpartpicker.com/static/forever/images/product/87cd8e9d02ffb0997769f4a4d5969669.256p.jpg
메모리,Corsair,Corsair Vengeance RGB 32 GB,428.04,17,"{""CAS Latency"":""36"",""Color"":""Black"",""First Word Latency"":""11.25 ns"",""Modules"":""2 x 16GB"",""Price \/ GB"":""\u20ac13.376"",""Speed"":""DDR5-6400""}",https://cdna.pcpartpicker.com/static/forever/images/product/2d3753cee2dbfa61874918b8d3f9cf93.256p.jpg
메모리,Corsair,Corsair Vengeance RGB Pro 32 GB,385.0,105,"{""CAS Latency"":""18"",""Color"":""Black"",""First Word Latency"":""10 ns"",""Modules"":""2 x 16GB"",""Price \/ GB"":""\u20ac12.031"",""Speed"":""DDR4-3600""}",https://cdna.pcpartpicker.com/static/forever/images/product/5f09867b54e9ad932b4dd1bc767f6238.256p.jpg
메모리,Corsair,Corsair Vengeance 32 GB,559.99,84,"{""CAS Latency"":""30"",""Color"":""Black \/ Gray"",""First Word Latency"":""10 ns"",""Modules"":""2 x 16GB"",""Price \/ GB"":""\u20ac17.500"",""Speed"":""DDR5-6000""}",https://cdna.pcpartpicker.com/static/forever/images/product/fe414d3559a9bbb2e092ba5374f6e1ed.256p.jpg
메모리,Corsair,Corsair Vengeance 128 GB,1879.9,2,"{""CAS Latency"":""42"",""Color"":""Black"",""First Word Latency"":""13.125 ns"",""Modules"":""2 x 64GB"",""Price \/ GB"":""\u20ac14.687"",""Speed"":""DDR5-6400""}",https://cdna.pcpartpicker.com/static/forever/images/product/430bd0c0e205970df01f262dcc3ed9fa.256p.jpg
메모리,Corsair,Corsair Vengeance LPX 32 GB,327.0,12,"{""CAS Latency"":""18"",""Color"":""Black \/ Yellow"",""First Word Latency"":""10 ns"",""Modules"":""2 x 16GB"",""Price \/ GB"":""\u20ac10.219"",""Speed"":""DDR4-3600""}",https://cdna.pcpartpicker.com/static/forever/images/product/c2c7aadc344828dd821f14344606b597.256p.jpg
메모리,Corsair,Corsair Vengeance 64 GB,789.0,8,"{""CAS Latency"":""40"",""Color"":""Black"",""First Word Latency"":""15.385 ns"",""Modules"":""2 x 32GB"",""Price \/ GB"":""\u20ac12.328"",""Speed"":""DDR5-5200""}",https://cdna.pcpartpicker.com/static/forever/images/product/44511eed6b609f1979ca94fe5ed2e2ad.256p.jpg
메모리,Corsair,Corsair Vengeance RGB Pro 32 GB,287.56,45,"{""CAS Latency"":""16"",""Color"":""Black"",""First Word Latency"":""10 ns"",""Modules"":""2 x 16GB"",""Price \/ GB"":""\u20ac8.986"",""Speed"":""DDR4-3200""}",https://cdna.pcpartpicker.com/static/forever/images/product/e508c7c5a301831579045f9fda179aac.256p.jpg
메모리,Corsair,Corsair Vengeance 32 GB,419.99,11,"{""CAS Latency"":""36"",""Color"":""Black"",""First Word Latency"":""12 ns"",""Modules"":""2 x 16GB"",""Price \/ GB"":""\u20ac13.125"",""Speed"":""DDR5-6000""}",https://cdna.pcpartpicker.com/static/forever/images/product/5c1b521170c68c5440170c5f2666b17d.256p.jpg
메모리,Corsair,Corsair Vengeance RGB 32 GB,504.98,85,"{""CAS Latency"":""30"",""Color"":""Gray"",""First Word Latency"":""10 ns"",""Modules"":""2 x 16GB"",""Price \/ GB"":""\u20ac15.781"",""Speed"":""DDR5-6000""}",https://cdna.pcpartpicker.com/static/forever/images/product/1981efb68609538f2335a025f575a5dd.256p.jpg
메모리,Corsair,Corsair Dominator Titanium 64 GB,1383.99,4,"{""CAS Latency"":""30"",""Color"":""White"",""First Word Latency"":""10 ns"",""Modules"":""2 x 32GB"",""Price \/ GB"":""\u20ac21.625"",""Speed"":""DDR5-6000""}",https://cdna.pcpartpicker.com/static/forever/images/product/d031b41e8948f8b9499ec37c6b33bd91.256p.jpg
메모리,Kingston,Kingston FURY Beast 32 GB,469.99,34,"{""CAS Latency"":""30"",""Color"":""Black"",""First Word Latency"":""10 ns"",""Modules"":""2 x 16GB"",""Price \/ GB"":""\u20ac14.687"",""Speed"":""DDR5-6000""}",https://cdna.pcpartpicker.com/static/forever/images/product/ba87b0c925c292d22dca488e2296d258.256p.jpg
메모리,Kingston,Kingston FURY Beast 8 GB,79.29,0,"{""CAS Latency"":""16"",""Color"":""Black"",""First Word Latency"":""10 ns"",""Modules"":""1 x 8GB"",""Price \/ GB"":""\u20ac9.911"",""Speed"":""DDR4-3200""}",https://cdna.pcpartpicker.com/static/forever/images/product/cbff70f75b5d67c6c28fce5086628059.256p.jpg
메모리,Kingston,Kingston FURY Beast RGB 32 GB,494.98,16,"{""CAS Latency"":""30"",""Color"":""Black"",""First Word Latency"":""10 ns"",""Modules"":""2 x 16GB"",""Price \/ GB"":""\u20ac15.468"",""Speed"":""DDR5-6000""}",https://cdna.pcpartpicker.com/static/forever/images/product/54ddbd8a23594ec6f8f120d748c9e559.256p.jpg
메모리,Kingston,Kingston Server Premier 64 GB,848.9,0,"{""CAS Latency"":""22"",""Color"":"""",""First Word Latency"":""13.75 ns"",""Modules"":""1 x 64GB"",""Price \/ GB"":""\u20ac13.264"",""Speed"":""DDR4-3200""}",https://m.media-amazon.com/images/I/31Vphlem7hL.jpg
메모리,Kingston,Kingston FURY Beast 16 GB,155.65,26,"{""CAS Latency"":""16"",""Color"":""Black"",""First Word Latency"":""10 ns"",""Modules"":""2 x 8GB"",""Price \/ GB"":""\u20ac9.728"",""Speed"":""DDR4-3200""}",https://cdna.pcpartpicker.com/static/forever/images/product/f5b1674c2d725945298cd1f11d305fb7.256p.jpg
메모리,Kingston,Kingston FURY Beast 16 GB,263.45,10,"{""CAS Latency"":""40"",""Color"":""Black"",""First Word Latency"":""15.385 ns"",""Modules"":""2 x 8GB"",""Price \/ GB"":""\u20ac16.466"",""Speed"":""DDR5-5200""}",https://cdna.pcpartpicker.com/static/forever/images/product/547d30a3ba49dc763a8c23b28f7ac74b.256p.jpg
메모리,Kingston,Kingston FURY Beast 16 GB,314.9,2,"{""CAS Latency"":""30"",""Color"":""Black"",""First Word Latency"":""10 ns"",""Modules"":""2 x 8GB"",""Price \/ GB"":""\u20ac19.681"",""Speed"":""DDR5-6000""}",https://cdna.pcpartpicker.com/static/forever/images/product/ba87b0c925c292d22dca488e2296d258.256p.jpg
메모리,Kingston,Kingston FURY Beast RGB 16 GB,301.99,8,"{""CAS Latency"":""36"",""Color"":""Black"",""First Word Latency"":""12 ns"",""Modules"":""2 x 8GB"",""Price \/ GB"":""\u20ac18.874"",""Speed"":""DDR5-6000""}",https://cdna.pcpartpicker.com/static/forever/images/product/6fcbee8fe66fd26e7f295b32b7fcdcba.256p.jpg
메모리,Kingston,Kingston FURY Beast 16 GB,285.0,2,"{""CAS Latency"":""36"",""Color"":""Black \/ Silver"",""First Word Latency"":""12.857 ns"",""Modules"":""2 x 8GB"",""Price \/ GB"":""\u20ac17.812"",""Speed"":""DDR5-5600""}",https://cdna.pcpartpicker.com/static/forever/images/product/a3be96b8a0661a311ecf0e960adedbb4.256p.jpg
메모리,Kingston,Kingston FURY Beast 16 GB,208.21,2,"{""CAS Latency"":""40"",""Color"":""Black \/ Silver"",""First Word Latency"":""15.385 ns"",""Modules"":""1 x 16GB"",""Price \/ GB"":""\u20ac13.013"",""Speed"":""DDR5-5200""}",https://cdna.pcpartpicker.com/static/forever/images/product/46104a266f70d513c9f4a7d319a23e34.256p.jpg
메모리,Kingston,Kingston FURY Beast 32 GB,284.88,17,"{""CAS Latency"":""16"",""Color"":""Black"",""First Word Latency"":""10 ns"",""Modules"":""2 x 16GB"",""Price \/ GB"":""\u20ac8.902"",""Speed"":""DDR4-3200""}",https://cdna.pcpartpicker.com/static/forever/images/product/f5b1674c2d725945298cd1f11d305fb7.256p.jpg
메모리,Kingston,Kingston FURY Beast RGB 16 GB,117.78,1,"{""CAS Latency"":""30"",""Color"":""Black"",""First Word Latency"":""10 ns"",""Modules"":""1 x 16GB"",""Price \/ GB"":""\u20ac7.361"",""Speed"":""DDR5-6000""}",https://cdna.pcpartpicker.com/static/forever/images/product/6c393532a8e7ab9205dad6717bd5fd4c.256p.jpg
메모리,Kingston,Kingston FURY Beast 128 GB,1605.94,1,"{""CAS Latency"":""16"",""Color"":""Black"",""First Word Latency"":""10 ns"",""Modules"":""4 x 32GB"",""Price \/ GB"":""\u20ac12.546"",""Speed"":""DDR4-3200""}",https://cdna.pcpartpicker.com/static/forever/images/product/315e07375f481e900ace3c889f1712ec.256p.jpg
메모리,Kingston,Kingston FURY Beast 64 GB,991.69,9,"{""CAS Latency"":""30"",""Color"":""Black"",""First Word Latency"":""10 ns"",""Modules"":""2 x 32GB"",""Price \/ GB"":""\u20ac15.495"",""Speed"":""DDR5-6000""}",https://cdna.pcpartpicker.com/static/forever/images/product/ba87b0c925c292d22dca488e2296d258.256p.jpg
메모리,Kingston,Kingston FURY Beast 16 GB,290.9,3,"{""CAS Latency"":""36"",""Color"":""Black \/ Silver"",""First Word Latency"":""12 ns"",""Modules"":""2 x 8GB"",""Price \/ GB"":""\u20ac18.181"",""Speed"":""DDR5-6000""}",https://cdna.pcpartpicker.com/static/forever/images/product/a3be96b8a0661a311ecf0e960adedbb4.256p.jpg
메모리,Kingston,Kingston FURY Beast RGB 32 GB,516.9,11,"{""CAS Latency"":""30"",""Color"":""White"",""First Word Latency"":""10 ns"",""Modules"":""2 x 16GB"",""Price \/ GB"":""\u20ac16.153"",""Speed"":""DDR5-6000""}",https://cdna.pcpartpicker.com/static/forever/images/product/97232484080d76f60c340829feff8fb4.256p.jpg
메모리,Kingston,Kingston FURY Beast 32 GB,439.64,11,"{""CAS Latency"":""36"",""Color"":""Black"",""First Word Latency"":""12.857 ns"",""Modules"":""2 x 16GB"",""Price \/ GB"":""\u20ac13.739"",""Speed"":""DDR5-5600""}",https://cdna.pcpartpicker.com/static/forever/images/product/547d30a3ba49dc763a8c23b28f7ac74b.256p.jpg
메모리,Kingston,Kingston KCP426NS6/4 4 GB,53.63,0,"{""CAS Latency"":""19"",""Color"":""Green \/ Black"",""First Word Latency"":""14.254 ns"",""Modules"":""1 x 4GB"",""Price \/ GB"":""\u20ac13.408"",""Speed"":""DDR4-2666""}",https://cdna.pcpartpicker.com/static/forever/images/product/4d3423cc1bd397634b9121f6b21bd8d3.256p.jpg
메모리,Kingston,Kingston FURY Beast 16 GB,153.9,2,"{""CAS Latency"":""16"",""Color"":""Black"",""First Word Latency"":""10 ns"",""Modules"":""1 x 16GB"",""Price \/ GB"":""\u20ac9.619"",""Speed"":""DDR4-3200""}",https://cdna.pcpartpicker.com/static/forever/images/product/66b3716909c8b08574a455d277d09c37.256p.jpg
메모리,Kingston,Kingston FURY Beast RGB 8 GB,157.33,0,"{""CAS Latency"":""30"",""Color"":""Black"",""First Word Latency"":""10 ns"",""Modules"":""1 x 8GB"",""Price \/ GB"":""\u20ac19.666"",""Speed"":""DDR5-6000""}",https://cdna.pcpartpicker.com/static/forever/images/product/6c393532a8e7ab9205dad6717bd5fd4c.256p.jpg
메모리,Crucial,Crucial Pro 32 GB,409.98,2,"{""CAS Latency"":""38"",""Color"":""Black"",""First Word Latency"":""11.875 ns"",""Modules"":""2 x 16GB"",""Price \/ GB"":""\u20ac12.812"",""Speed"":""DDR5-6400""}",https://cdna.pcpartpicker.com/static/forever/images/product/749157446fcdcc5fe5abbb0e8d37ed08.256p.jpg
메모리,Crucial,Crucial Pro Overclocking 32 GB,426.4,64,"{""CAS Latency"":""36"",""Color"":""Black"",""First Word Latency"":""12 ns"",""Modules"":""2 x 16GB"",""Price \/ GB"":""\u20ac13.325"",""Speed"":""DDR5-6000""}",https://cdna.pcpartpicker.com/static/forever/images/product/9fdbfba897aab27f8669458508239fe1.256p.jpg
메모리,Crucial,Crucial Pro Overclocking 32 GB,461.0,3,"{""CAS Latency"":""32"",""Color"":""Black"",""First Word Latency"":""10 ns"",""Modules"":""2 x 16GB"",""Price \/ GB"":""\u20ac14.406"",""Speed"":""DDR5-6400""}",https://m.media-amazon.com/images/I/41lunNC6OYL.jpg
메모리,Crucial,Crucial Pro 64 GB,729.0,5,"{""CAS Latency"":""40"",""Color"":""Black"",""First Word Latency"":""13.333 ns"",""Modules"":""2 x 32GB"",""Price \/ GB"":""\u20ac11.391"",""Speed"":""DDR5-6000""}",https://cdna.pcpartpicker.com/static/forever/images/product/332fe880e8def29585f15f72927e21a2.256p.jpg
메모리,Crucial,Crucial Pro 32 GB,380.9,2,"{""CAS Latency"":""38"",""Color"":""White"",""First Word Latency"":""11.875 ns"",""Modules"":""2 x 16GB"",""Price \/ GB"":""\u20ac11.903"",""Speed"":""DDR5-6400""}",https://cdna.pcpartpicker.com/static/forever/images/product/65b14ae549adb44fc16089d1996f8462.256p.jpg
메모리,Crucial,Crucial Pro Overclocking 32 GB,399.99,13,"{""CAS Latency"":""36"",""Color"":""White"",""First Word Latency"":""12 ns"",""Modules"":""2 x 16GB"",""Price \/ GB"":""\u20ac12.500"",""Speed"":""DDR5-6000""}",https://cdna.pcpartpicker.com/static/forever/images/product/5a642e1d35082f6b11c123d939743045.256p.jpg
메모리,Crucial,Crucial CT8G4DFS824A 8 GB,94.9,4,"{""CAS Latency"":""17"",""Color"":""Green"",""First Word Latency"":""14.167 ns"",""Modules"":""1 x 8GB"",""Price \/ GB"":""\u20ac11.863"",""Speed"":""DDR4-2400""}",https://cdna.pcpartpicker.com/static/forever/images/product/a6e59e45a1d663e7daa43f2eb72c9b2b.256p.jpg
메모리,Crucial,Crucial Pro Overclocking 32 GB,431.82,0,"{""CAS Latency"":""32"",""Color"":""White"",""First Word Latency"":""10 ns"",""Modules"":""2 x 16GB"",""Price \/ GB"":""\u20ac13.494"",""Speed"":""DDR5-6400""}",https://cdna.pcpartpicker.com/static/forever/images/product/8a27b27e001fa74f74f42e9e528f762b.256p.jpg
메모리,Crucial,Crucial Pro 64 GB,455.87,6,"{""CAS Latency"":""22"",""Color"":""Black \/ Green"",""First Word Latency"":""13.75 ns"",""Modules"":""2 x 32GB"",""Price \/ GB"":""\u20ac7.123"",""Speed"":""DDR4-3200""}",https://cdna.pcpartpicker.com/static/forever/images/product/a84ec08dd217d1453dffdcbbf6319404.256p.jpg
메모리,Crucial,Crucial CT51264BD160B 4 GB,18.89,0,"{""CAS Latency"":""11"",""Color"":""Green"",""First Word Latency"":""13.75 ns"",""Modules"":""1 x 4GB"",""Price \/ GB"":""\u20ac4.723"",""Speed"":""DDR3-1600""}",https://m.media-amazon.com/images/I/31Tu0ITu5hL.jpg
메모리,Crucial,Crucial Pro 32 GB,232.8,12,"{""CAS Latency"":""22"",""Color"":""Black"",""First Word Latency"":""13.75 ns"",""Modules"":""2 x 16GB"",""Price \/ GB"":""\u20ac7.275"",""Speed"":""DDR4-3200""}",https://cdna.pcpartpicker.com/static/forever/images/product/235358800a11d646358ccb734e9efde5.256p.jpg
메모리,Crucial,Crucial Classic 16 GB,284.58,2,"{""CAS Latency"":""46"",""Color"":""Black"",""First Word Latency"":""16.429 ns"",""Modules"":""2 x 8GB"",""Price \/ GB"":""\u20ac17.786"",""Speed"":""DDR5-5600""}",https://cdna.pcpartpicker.com/static/forever/images/product/b28dc47f2e7061f2dba49b2b5bd6d335.256p.jpg
메모리,Crucial,Crucial CT16G56C46U5 16 GB,224.99,1,"{""CAS Latency"":""46"",""Color"":""Black"",""First Word Latency"":""16.429 ns"",""Modules"":""1 x 16GB"",""Price \/ GB"":""\u20ac14.062"",""Speed"":""DDR5-5600""}",https://cdna.pcpartpicker.com/static/forever/images/product/4dd4838a52e81eaa083a4603f673499a.256p.jpg
메모리,Crucial,Crucial CT16G4DFRA32A 16 GB,140.99,1,"{""CAS Latency"":""22"",""Color"":""Green"",""First Word Latency"":""13.75 ns"",""Modules"":""1 x 16GB"",""Price \/ GB"":""\u20ac8.812"",""Speed"":""DDR4-3200""}",https://cdna.pcpartpicker.com/static/forever/images/product/a375bc3b1e4a88c4a69fce0f0308ba9c.256p.jpg
메모리,Crucial,Crucial Pro 32 GB,434.0,7,"{""CAS Latency"":""46"",""Color"":""Black"",""First Word Latency"":""16.429 ns"",""Modules"":""2 x 16GB"",""Price \/ GB"":""\u20ac13.562"",""Speed"":""DDR5-5600""}",https://cdna.pcpartpicker.com/static/forever/images/product/c62f5aa1d2d902523596f383c7946a7b.256p.jpg
메모리,Crucial,Crucial Pro Overclocking 16 GB,217.0,0,"{""CAS Latency"":""36"",""Color"":""Black"",""First Word Latency"":""12 ns"",""Modules"":""1 x 16GB"",""Price \/ GB"":""\u20ac13.562"",""Speed"":""DDR5-6000""}",https://cdna.pcpartpicker.com/static/forever/images/product/f8f8823490aa90aba53773c6912d49d5.256p.jpg
메모리,Crucial,Crucial Pro 64 GB,751.32,4,"{""CAS Latency"":""46"",""Color"":""Black"",""First Word Latency"":""16.429 ns"",""Modules"":""2 x 32GB"",""Price \/ GB"":""\u20ac11.739"",""Speed"":""DDR5-5600""}",https://cdna.pcpartpicker.com/static/forever/images/product/a9b61730d893dc533badebabbefb5488.256p.jpg
메모리,Crucial,Crucial Pro 32 GB,419.42,0,"{""CAS Latency"":""48"",""Color"":""Black"",""First Word Latency"":""16 ns"",""Modules"":""2 x 16GB"",""Price \/ GB"":""\u20ac13.107"",""Speed"":""DDR5-6000""}",https://m.media-amazon.com/images/I/31nC0fIgpCL.jpg
메모리,Crucial,Crucial CT25664BA160B 2 GB,156.16,3,"{""CAS Latency"":""11"",""Color"":""Green"",""First Word Latency"":""13.75 ns"",""Modules"":""1 x 2GB"",""Price \/ GB"":""\u20ac78.080"",""Speed"":""DDR3-1600""}",https://cdna.pcpartpicker.com/static/forever/images/product/97f7665fccdf3da3b55958e385b93daa.256p.jpg
메모리,Crucial,Crucial Pro Overclocking 64 GB,707.83,4,"{""CAS Latency"":""40"",""Color"":""Black"",""First Word Latency"":""12.5 ns"",""Modules"":""2 x 32GB"",""Price \/ GB"":""\u20ac11.060"",""Speed"":""DDR5-6400""}",https://m.media-amazon.com/images/I/31AwNo-gfkL.jpg
메모리,Patriot,Patriot Viper Elite 5 16 GB,250.0,4,"{""CAS Latency"":""30"",""Color"":""White"",""First Word Latency"":""10 ns"",""Modules"":""1 x 16GB"",""Price \/ GB"":""\u20ac15.625"",""Speed"":""DDR5-6000""}",https://cdna.pcpartpicker.com/static/forever/images/product/982b9428595cdc64d19a034fcf0b7d3b.256p.jpg
메모리,Patriot,Patriot Viper Venom 16 GB,249.99,1,"{""CAS Latency"":""40"",""Color"":""Black \/ White"",""First Word Latency"":""14.286 ns"",""Modules"":""2 x 8GB"",""Price \/ GB"":""\u20ac15.624"",""Speed"":""DDR5-5600""}",https://cdna.pcpartpicker.com/static/forever/images/product/82182136c557a8b9975e956b58a558fa.256p.jpg
메모리,Patriot,Patriot Viper Venom 32 GB,411.9,29,"{""CAS Latency"":""30"",""Color"":""Black \/ White"",""First Word Latency"":""10 ns"",""Modules"":""2 x 16GB"",""Price \/ GB"":""\u20ac12.872"",""Speed"":""DDR5-6000""}",https://m.media-amazon.com/images/I/41xQi9FKIgL.jpg
메모리,Patriot,Patriot Viper Venom 16 GB,227.99,2,"{""CAS Latency"":""30"",""Color"":""Black \/ White"",""First Word Latency"":""10 ns"",""Modules"":""1 x 16GB"",""Price \/ GB"":""\u20ac14.249"",""Speed"":""DDR5-6000""}",https://cdna.pcpartpicker.com/static/forever/images/product/766c18ad6210bf330ebd5708e6d6081b.256p.jpg
메모리,Patriot,Patriot Viper Elite 5 32 GB,962.52,1,"{""CAS Latency"":""30"",""Color"":""White"",""First Word Latency"":""10 ns"",""Modules"":""2 x 16GB"",""Price \/ GB"":""\u20ac30.079"",""Speed"":""DDR5-6000""}",https://cdna.pcpartpicker.com/static/forever/images/product/57f82fbdb9d5b94c4a14be5f44f30427.256p.jpg
메모리,Patriot,Patriot Viper Venom 32 GB,424.99,8,"{""CAS Latency"":""36"",""Color"":""Black \/ White"",""First Word Latency"":""12 ns"",""Modules"":""2 x 16GB"",""Price \/ GB"":""\u20ac13.281"",""Speed"":""DDR5-6000""}",https://cdna.pcpartpicker.com/static/forever/images/product/82182136c557a8b9975e956b58a558fa.256p.jpg
메모리,Patriot,Patriot Viper Venom 32 GB,449.99,5,"{""CAS Latency"":""32"",""Color"":""Black \/ White"",""First Word Latency"":""10 ns"",""Modules"":""2 x 16GB"",""Price \/ GB"":""\u20ac14.062"",""Speed"":""DDR5-6400""}",https://m.media-amazon.com/images/I/41xQi9FKIgL.jpg
메모리,Patriot,Patriot Viper Venom RGB 32 GB,464.99,5,"{""CAS Latency"":""30"",""Color"":""Black \/ Silver"",""First Word Latency"":""10 ns"",""Modules"":""2 x 16GB"",""Price \/ GB"":""\u20ac14.531"",""Speed"":""DDR5-6000""}",https://cdna.pcpartpicker.com/static/forever/images/product/2934969ee0e47a37c6954bd3e4873340.256p.jpg
메모리,Patriot,Patriot Signature Line 16 GB,212.99,1,"{""CAS Latency"":""40"",""Color"":""Black"",""First Word Latency"":""16.667 ns"",""Modules"":""1 x 16GB"",""Price \/ GB"":""\u20ac13.312"",""Speed"":""DDR5-4800""}",https://cdna.pcpartpicker.com/static/forever/images/product/651c160abbb0b69ba892fa7b7909c9a0.256p.jpg
메모리,Patriot,Patriot Viper Steel 16 GB,154.99,20,"{""CAS Latency"":""16"",""Color"":""Silver \/ Black"",""First Word Latency"":""10 ns"",""Modules"":""2 x 8GB"",""Price \/ GB"":""\u20ac9.687"",""Speed"":""DDR4-3200""}",https://cdna.pcpartpicker.com/static/forever/images/product/a6d150a1a9e9ad94874551eee42573e4.256p.jpg
메모리,Patriot,Patriot Viper 3 16 GB,57.99,13,"{""CAS Latency"":""10"",""Color"":""Black \/ Silver"",""First Word Latency"":""10.718 ns"",""Modules"":""2 x 8GB"",""Price \/ GB"":""\u20ac3.624"",""Speed"":""DDR3-1866""}",https://m.media-amazon.com/images/I/41FTZK2Nf7L.jpg
메모리,Patriot,Patriot Viper Venom RGB 32 GB,434.99,1,"{""CAS Latency"":""36"",""Color"":""Black \/ White"",""First Word Latency"":""12.857 ns"",""Modules"":""2 x 16GB"",""Price \/ GB"":""\u20ac13.593"",""Speed"":""DDR5-5600""}",https://cdna.pcpartpicker.com/static/forever/images/product/019861a658c73749dbf8130515d30ae1.256p.jpg
메모리,Patriot,Patriot Viper Venom 64 GB,861.53,0,"{""CAS Latency"":""36"",""Color"":""Black \/ White"",""First Word Latency"":""12 ns"",""Modules"":""2 x 32GB"",""Price \/ GB"":""\u20ac13.461"",""Speed"":""DDR5-6000""}",https://cdna.pcpartpicker.com/static/forever/images/product/f872f449bc8dd16bdc142f80e9df1d88.256p.jpg
메모리,Patriot,Patriot Viper Elite 5 RGB 32 GB,439.99,7,"{""CAS Latency"":""30"",""Color"":""White"",""First Word Latency"":""10 ns"",""Modules"":""2 x 16GB"",""Price \/ GB"":""\u20ac13.750"",""Speed"":""DDR5-6000""}",https://m.media-amazon.com/images/I/31KJlo44q+L.jpg
메모리,Patriot,Patriot Viper Venom 32 GB,419.99,1,"{""CAS Latency"":""30"",""Color"":""Black \/ White"",""First Word Latency"":""10 ns"",""Modules"":""1 x 32GB"",""Price \/ GB"":""\u20ac13.125"",""Speed"":""DDR5-6000""}",https://m.media-amazon.com/images/I/31cQgq6VPtL.jpg
메모리,Patriot,Patriot Viper Steel 32 GB,264.99,10,"{""CAS Latency"":""16"",""Color"":""Silver \/ Black"",""First Word Latency"":""10 ns"",""Modules"":""2 x 16GB"",""Price \/ GB"":""\u20ac8.281"",""Speed"":""DDR4-3200""}",https://m.media-amazon.com/images/I/41iq9x3y0kL.jpg
메모리,Patriot,Patriot Signature Line 32 GB,411.12,0,"{""CAS Latency"":""19"",""Color"":""Black"",""First Word Latency"":""14.254 ns"",""Modules"":""1 x 32GB"",""Price \/ GB"":""\u20ac12.848"",""Speed"":""DDR4-2666""}",https://m.media-amazon.com/images/I/31oa0LUBh4L.jpg
메모리,Patriot,Patriot Viper Steel 32 GB,274.99,4,"{""CAS Latency"":""18"",""Color"":""Silver \/ Black"",""First Word Latency"":""10 ns"",""Modules"":""2 x 16GB"",""Price \/ GB"":""\u20ac8.593"",""Speed"":""DDR4-3600""}",https://cdna.pcpartpicker.com/static/forever/images/product/38b25be6c47d7dcb7bc402ff41e1b37a.256p.jpg
메모리,Patriot,Patriot Viper Venom RGB 16 GB,239.99,0,"{""CAS Latency"":""30"",""Color"":""Black \/ White"",""First Word Latency"":""10 ns"",""Modules"":""1 x 16GB"",""Price \/ GB"":""\u20ac14.999"",""Speed"":""DDR5-6000""}",https://m.media-amazon.com/images/I/31BHNLSo1zL.jpg
메모리,Patriot,Patriot Signature 8 GB,49.74,1,"{""CAS Latency"":""9"",""Color"":""Green"",""First Word Latency"":""13.503 ns"",""Modules"":""1 x 8GB"",""Price \/ GB"":""\u20ac6.218"",""Speed"":""DDR3-1333""}",https://m.media-amazon.com/images/I/31praPmM5aL.jpg
메인보드,Gigabyte,Gigabyte B850 AORUS ELITE WIFI7,204.88,37,"{""Color"":""Black"",""Form Factor"":""ATX"",""Memory Max"":""256 GB"",""Memory Slots"":""4"",""Socket \/ CPU"":""AM5""}",https://cdna.pcpartpicker.com/static/forever/images/product/d3a0054902d36d38a60d09d83698d7c8.256p.jpg
메인보드,Gigabyte,Gigabyte B850 EAGLE WIFI6E,154.99,10,"{""Color"":""Gray \/ Black"",""Form Factor"":""ATX"",""Memory Max"":""256 GB"",""Memory Slots"":""4"",""Socket \/ CPU"":""AM5""}",https://cdna.pcpartpicker.com/static/forever/images/product/2a9181a93dc5c38ea219e25f07ff1322.256p.jpg
메인보드,Gigabyte,Gigabyte B550M K,70.9,24,"{""Color"":""Brown \/ Silver"",""Form Factor"":""Micro ATX"",""Memory Max"":""128 GB"",""Memory Slots"":""4"",""Socket \/ CPU"":""AM4""}",https://cdna.pcpartpicker.com/static/forever/images/product/f52a9a0b2a28f096b5b1e5bf02707224.256p.jpg
메인보드,Gigabyte,Gigabyte B550 EAGLE WIFI6,108.14,4,"{""Color"":""Black"",""Form Factor"":""ATX"",""Memory Max"":""128 GB"",""Memory Slots"":""4"",""Socket \/ CPU"":""AM4""}",https://cdna.pcpartpicker.com/static/forever/images/product/9435af2197a80fcb37bc356ec9b83413.256p.jpg
메인보드,Gigabyte,Gigabyte X870E AORUS ELITE WIFI7,279.16,17,"{""Color"":""Black"",""Form Factor"":""ATX"",""Memory Max"":""256 GB"",""Memory Slots"":""4"",""Socket \/ CPU"":""AM5""}",https://cdna.pcpartpicker.com/static/forever/images/product/1e1c3a84fdb8ea01eec98abd4c40d5d8.256p.jpg
메인보드,Gigabyte,Gigabyte A520M K V2,46.62,11,"{""Color"":""Brown \/ Black"",""Form Factor"":""Micro ATX"",""Memory Max"":""64 GB"",""Memory Slots"":""2"",""Socket \/ CPU"":""AM4""}",https://cdna.pcpartpicker.com/static/forever/images/product/ad69b238cf570ec07fb8a00adda58eda.256p.jpg
메인보드,Gigabyte,Gigabyte B650 EAGLE AX,134.69,67,"{""Color"":""Gray \/ Black"",""Form Factor"":""ATX"",""Memory Max"":""192 GB"",""Memory Slots"":""4"",""Socket \/ CPU"":""AM5""}",https://m.media-amazon.com/images/I/51BdjazabVL.jpg
메인보드,Gigabyte,Gigabyte B760M GAMING PLUS WIFI DDR4,122.92,5,"{""Color"":""Black \/ Silver"",""Form Factor"":""Micro ATX"",""Memory Max"":""128 GB"",""Memory Slots"":""4"",""Socket \/ CPU"":""LGA1700""}",https://cdna.pcpartpicker.com/static/forever/images/product/6dcbd73f46d20ca37c1e80a00f3ef206.256p.jpg
메인보드,Gigabyte,Gigabyte X870 AORUS ELITE WIFI7 ICE,229.99,24,"{""Color"":""White"",""Form Factor"":""ATX"",""Memory Max"":""256 GB"",""Memory Slots"":""4"",""Socket \/ CPU"":""AM5""}",https://cdna.pcpartpicker.com/static/forever/images/product/d1f30b497f0fd6289278b33ec776f86b.256p.jpg
메인보드,Gigabyte,Gigabyte B550M GAMING X WIFI6,104.97,7,"{""Color"":""Gray \/ Black"",""Form Factor"":""Micro ATX"",""Memory Max"":""128 GB"",""Memory Slots"":""4"",""Socket \/ CPU"":""AM4""}",https://cdna.pcpartpicker.com/static/forever/images/product/cd5f3bb9add2e4123ade1d5161553326.256p.jpg
메인보드,Gigabyte,Gigabyte B650M GAMING PLUS WIFI,126.99,12,"{""Color"":""Silver \/ Black"",""Form Factor"":""Micro ATX"",""Memory Max"":""192 GB"",""Memory Slots"":""4"",""Socket \/ CPU"":""AM5""}",https://cdna.pcpartpicker.com/static/forever/images/product/dbb71bb11592fff92343d7d68db13544.256p.jpg
메인보드,Gigabyte,Gigabyte A520I AC,106.8,25,"{""Color"":""Black"",""Form Factor"":""Mini ITX"",""Memory Max"":""64 GB"",""Memory Slots"":""2"",""Socket \/ CPU"":""AM4""}",https://cdna.pcpartpicker.com/static/forever/images/product/87329029966463ec6eac31fad52fae85.256p.jpg
메인보드,Gigabyte,Gigabyte X870 EAGLE WIFI7,196.75,18,"{""Color"":""Black"",""Form Factor"":""ATX"",""Memory Max"":""256 GB"",""Memory Slots"":""4"",""Socket \/ CPU"":""AM5""}",https://cdna.pcpartpicker.com/static/forever/images/product/a06aef05389e93f5e4de5dc26d807abe.256p.jpg
메인보드,Gigabyte,Gigabyte B650 GAMING X AX V2,129.0,66,"{""Color"":""Gray \/ Black"",""Form Factor"":""ATX"",""Memory Max"":""192 GB"",""Memory Slots"":""4"",""Socket \/ CPU"":""AM5""}",https://m.media-amazon.com/images/I/51FV8n5IuGL.jpg
메인보드,Gigabyte,Gigabyte Z790 EAGLE AX,168.0,7,"{""Color"":""Gray \/ Black"",""Form Factor"":""ATX"",""Memory Max"":""256 GB"",""Memory Slots"":""4"",""Socket \/ CPU"":""LGA1700""}",https://cdna.pcpartpicker.com/static/forever/images/product/3d487ee6ea150ca534c123f409cbae68.256p.jpg
메인보드,Gigabyte,Gigabyte B550 GAMING X V2,89.99,24,"{""Color"":""Black"",""Form Factor"":""ATX"",""Memory Max"":""128 GB"",""Memory Slots"":""4"",""Socket \/ CPU"":""AM4""}",https://cdna.pcpartpicker.com/static/forever/images/product/09d3314474cf5fefa2bd5c5941bb33b5.256p.jpg
메인보드,Gigabyte,Gigabyte B550M AORUS ELITE AX,126.13,9,"{""Color"":""Black \/ Silver"",""Form Factor"":""Micro ATX"",""Memory Max"":""128 GB"",""Memory Slots"":""4"",""Socket \/ CPU"":""AM4""}",https://cdna.pcpartpicker.com/static/forever/images/product/bf6939e818d9dd155a2acf5199ef6720.256p.jpg
메인보드,Gigabyte,Gigabyte B850 AORUS ELITE WIFI7 ICE,199.06,20,"{""Color"":""White \/ Silver"",""Form Factor"":""ATX"",""Memory Max"":""256 GB"",""Memory Slots"":""4"",""Socket \/ CPU"":""AM5""}",https://cdna.pcpartpicker.com/static/forever/images/product/b0c60fa6ec041477ad48e09d4203a0da.256p.jpg
메인보드,Gigabyte,Gigabyte B850M GAMING X WIFI6E,161.38,9,"{""Color"":""Black"",""Form Factor"":""Micro ATX"",""Memory Max"":""256 GB"",""Memory Slots"":""4"",""Socket \/ CPU"":""AM5""}",https://m.media-amazon.com/images/I/51Nm-+9BkbL.jpg
메인보드,Gigabyte,Gigabyte B850M EAGLE WIFI6E ICE,150.59,4,"{""Color"":""White"",""Form Factor"":""Micro ATX"",""Memory Max"":""256 GB"",""Memory Slots"":""4"",""Socket \/ CPU"":""AM5""}",https://cdna.pcpartpicker.com/static/forever/images/product/bd78975c5fc0c5510c5293181fe77831.256p.jpg
메인보드,Asus,Asus B650E MAX GAMING WIFI W,184.9,12,"{""Color"":""White"",""Form Factor"":""ATX"",""Memory Max"":""256 GB"",""Memory Slots"":""4"",""Socket \/ CPU"":""AM5""}",https://cdna.pcpartpicker.com/static/forever/images/product/233f7973b2f73df3b3273091792a871d.256p.jpg
메인보드,Asus,Asus PRIME B550M-A WIFI II,94.12,45,"{""Color"":""Blue \/ Silver"",""Form Factor"":""Micro ATX"",""Memory Max"":""128 GB"",""Memory Slots"":""4"",""Socket \/ CPU"":""AM4""}",https://cdna.pcpartpicker.com/static/forever/images/product/ff4b4e2c7f72b014f39f1864b19e7250.256p.jpg
메인보드,Asus,Asus TUF GAMING B850-PLUS WIFI,176.43,22,"{""Color"":""Black \/ Silver"",""Form Factor"":""ATX"",""Memory Max"":""256 GB"",""Memory Slots"":""4"",""Socket \/ CPU"":""AM5""}",https://m.media-amazon.com/images/I/51FhIr30MjL.jpg
메인보드,Asus,Asus TUF GAMING B650-PLUS WIFI,138.74,44,"{""Color"":""Black"",""Form Factor"":""ATX"",""Memory Max"":""128 GB"",""Memory Slots"":""4"",""Socket \/ CPU"":""AM5""}",https://cdna.pcpartpicker.com/static/forever/images/product/d9e08ab3fe18574bdc4f01dcfecce0ea.256p.jpg
메인보드,Asus,Asus ROG STRIX B850-A GAMING WIFI,218.08,10,"{""Color"":""White"",""Form Factor"":""ATX"",""Memory Max"":""192 GB"",""Memory Slots"":""4"",""Socket \/ CPU"":""AM5""}",https://m.media-amazon.com/images/I/515foeFWRnL.jpg
메인보드,Asus,Asus ROG STRIX B550-F GAMING WIFI II,160.38,36,"{""Color"":""Black \/ Red"",""Form Factor"":""ATX"",""Memory Max"":""128 GB"",""Memory Slots"":""4"",""Socket \/ CPU"":""AM4""}",https://cdna.pcpartpicker.com/static/forever/images/product/923cae0c8159c98aaf91541a20f95dc9.256p.jpg
메인보드,Asus,Asus TUF GAMING B650E-E WIFI,170.63,18,"{""Color"":""Black"",""Form Factor"":""ATX"",""Memory Max"":""256 GB"",""Memory Slots"":""4"",""Socket \/ CPU"":""AM5""}",https://cdna.pcpartpicker.com/static/forever/images/product/6e091a3954e7ac61e63a226aced54d9b.256p.jpg
메인보드,Asus,Asus ROG CROSSHAIR X870E EXTREME,990.74,2,"{""Color"":""Black \/ Silver"",""Form Factor"":""EATX"",""Memory Max"":""256 GB"",""Memory Slots"":""4"",""Socket \/ CPU"":""AM5""}",https://cdna.pcpartpicker.com/static/forever/images/product/32edc55907aae5cb63ec877846bb73ac.256p.jpg
메인보드,Asus,Asus ROG STRIX X870E-E GAMING WIFI,447.64,21,"{""Color"":""Black"",""Form Factor"":""ATX"",""Memory Max"":""256 GB"",""Memory Slots"":""4"",""Socket \/ CPU"":""AM5""}",https://cdna.pcpartpicker.com/static/forever/images/product/e6ec6fd92a901825fcbcc79fea85c79f.256p.jpg
메인보드,Asus,Asus ROG STRIX B850-I GAMING WIFI,283.85,13,"{""Color"":""Black"",""Form Factor"":""Mini ITX"",""Memory Max"":""128 GB"",""Memory Slots"":""2"",""Socket \/ CPU"":""AM5""}",https://cdna.pcpartpicker.com/static/forever/images/product/573b392b2d5a728c3a15f84dce93449b.256p.jpg
메인보드,Asus,Asus TUF GAMING B550-PLUS WIFI II,128.83,27,"{""Color"":""Black \/ Gray"",""Form Factor"":""ATX"",""Memory Max"":""128 GB"",""Memory Slots"":""4"",""Socket \/ CPU"":""AM4""}",https://cdna.pcpartpicker.com/static/forever/images/product/6b136eab8dcdd8f78e02da5a09b96795.256p.jpg
메인보드,Asus,Asus ROG CROSSHAIR X870E GLACIAL,1129.95,0,"{""Color"":""White \/ Silver"",""Form Factor"":""EATX"",""Memory Max"":""256 GB"",""Memory Slots"":""4"",""Socket \/ CPU"":""AM5""}",https://cdna.pcpartpicker.com/static/forever/images/product/eb96890a852502233ce1cd81673d0ad6.256p.jpg
메인보드,Asus,Asus ROG CROSSHAIR X870E DARK HERO,722.71,0,"{""Color"":""Black"",""Form Factor"":""ATX"",""Memory Max"":""256 GB"",""Memory Slots"":""4"",""Socket \/ CPU"":""AM5""}",https://cdna.pcpartpicker.com/static/forever/images/product/a14b5a84c03bd229c4a6b4882da29013.256p.jpg
메인보드,Asus,Asus TUF GAMING B850-E WIFI,159.57,2,"{""Color"":""Black"",""Form Factor"":""ATX"",""Memory Max"":""256 GB"",""Memory Slots"":""4"",""Socket \/ CPU"":""AM5""}",https://m.media-amazon.com/images/I/51-fMrMoQDL.jpg
메인보드,Asus,Asus ROG STRIX B850-F GAMING WIFI,259.98,5,"{""Color"":""Black"",""Form Factor"":""ATX"",""Memory Max"":""192 GB"",""Memory Slots"":""4"",""Socket \/ CPU"":""AM5""}",https://cdna.pcpartpicker.com/static/forever/images/product/da67975baa3e2a69497334af8eee81ce.256p.jpg
메인보드,Asus,Asus TUF GAMING B850M-PLUS WIFI,207.73,13,"{""Color"":""Black"",""Form Factor"":""Micro ATX"",""Memory Max"":""256 GB"",""Memory Slots"":""4"",""Socket \/ CPU"":""AM5""}",https://cdna.pcpartpicker.com/static/forever/images/product/1d8ae56612d85a6804f4da9a9bc4c5e4.256p.jpg
메인보드,Asus,Asus ROG STRIX B650E-I GAMING WIFI,229.56,78,"{""Color"":""Black"",""Form Factor"":""Mini ITX"",""Memory Max"":""96 GB"",""Memory Slots"":""2"",""Socket \/ CPU"":""AM5""}",https://cdna.pcpartpicker.com/static/forever/images/product/bf950d502a28575d015348684bf78a37.256p.jpg
메인보드,Asus,Asus ROG STRIX X870-A GAMING WIFI,343.02,15,"{""Color"":""White"",""Form Factor"":""ATX"",""Memory Max"":""256 GB"",""Memory Slots"":""4"",""Socket \/ CPU"":""AM5""}",https://cdna.pcpartpicker.com/static/forever/images/product/8759f89d039f01404d65dcb994629292.256p.jpg
메인보드,Asus,Asus ROG STRIX B650-A GAMING WIFI,170.11,64,"{""Color"":""Black \/ Silver"",""Form Factor"":""ATX"",""Memory Max"":""192 GB"",""Memory Slots"":""4"",""Socket \/ CPU"":""AM5""}",https://cdna.pcpartpicker.com/static/forever/images/product/127cc163cf3e552499471f1908f99cfe.256p.jpg
메인보드,Asus,Asus ROG STRIX B860-I GAMING WIFI,240.94,1,"{""Color"":""Black \/ Silver"",""Form Factor"":""Mini ITX"",""Memory Max"":""128 GB"",""Memory Slots"":""2"",""Socket \/ CPU"":""LGA1851""}",https://cdna.pcpartpicker.com/static/forever/images/product/680d520ef892efb6864b638be584cc9a.256p.jpg
메인보드,ASRock,ASRock B850M Pro-A WiFi,127.99,10,"{""Color"":""Black"",""Form Factor"":""Micro ATX"",""Memory Max"":""256 GB"",""Memory Slots"":""4"",""Socket \/ CPU"":""AM5""}",https://cdna.pcpartpicker.com/static/forever/images/product/e114446516cb565272b30e82624774be.256p.jpg
메인보드,ASRock,ASRock B850I Lightning WiFi,198.8,20,"{""Color"":""Black"",""Form Factor"":""Mini ITX"",""Memory Max"":""128 GB"",""Memory Slots"":""2"",""Socket \/ CPU"":""AM5""}",https://m.media-amazon.com/images/I/41emP7K0hIL.jpg
메인보드,ASRock,ASRock B650M Pro RS,123.39,23,"{""Color"":""Black \/ Silver"",""Form Factor"":""Micro ATX"",""Memory Max"":""256 GB"",""Memory Slots"":""4"",""Socket \/ CPU"":""AM5""}",https://cdna.pcpartpicker.com/static/forever/images/product/4dc751a89c74d335cae25cbc50b4c67e.256p.jpg
메인보드,ASRock,ASRock B550M Pro4,89.8,51,"{""Color"":""Silver \/ Black"",""Form Factor"":""Micro ATX"",""Memory Max"":""128 GB"",""Memory Slots"":""4"",""Socket \/ CPU"":""AM4""}",https://cdna.pcpartpicker.com/static/forever/images/product/472d12f3f649d3c11155e02f9fd70e22.256p.jpg
메인보드,ASRock,ASRock B850M-X R2.0,96.39,2,"{""Color"":""Black \/ White"",""Form Factor"":""Micro ATX"",""Memory Max"":""128 GB"",""Memory Slots"":""2"",""Socket \/ CPU"":""AM5""}",https://cdna.pcpartpicker.com/static/forever/images/product/7d10673e332d20614128a532027ca071.256p.jpg
메인보드,ASRock,ASRock B650I Lightning Wifi,160.8,37,"{""Color"":""Black"",""Form Factor"":""Mini ITX"",""Memory Max"":""96 GB"",""Memory Slots"":""2"",""Socket \/ CPU"":""AM5""}",https://cdna.pcpartpicker.com/static/forever/images/product/40e47e0c22c38ba2269880dd81c305f3.256p.jpg
메인보드,ASRock,ASRock B550M-ITX/ac,121.17,45,"{""Color"":""Silver \/ Black"",""Form Factor"":""Mini ITX"",""Memory Max"":""64 GB"",""Memory Slots"":""2"",""Socket \/ CPU"":""AM4""}",https://cdna.pcpartpicker.com/static/forever/images/product/66aa5dd590cf1bb5fe8de0417f9ed7e6.256p.jpg
메인보드,ASRock,ASRock B650 Steel Legend WiFi,150.59,18,"{""Color"":""White \/ Silver"",""Form Factor"":""ATX"",""Memory Max"":""256 GB"",""Memory Slots"":""4"",""Socket \/ CPU"":""AM5""}",https://cdna.pcpartpicker.com/static/forever/images/product/f154f20635f7e56b180c01266156053f.256p.jpg
메인보드,ASRock,ASRock B860 Lightning WiFi,168.78,0,"{""Color"":""Black"",""Form Factor"":""ATX"",""Memory Max"":""256 GB"",""Memory Slots"":""4"",""Socket \/ CPU"":""LGA1851""}",https://cdna.pcpartpicker.com/static/forever/images/product/1ebd6134830c29b410b9f6c0f7d15957.256p.jpg
메인보드,ASRock,ASRock Phantom Gaming X870E Nova WiFi,288.9,12,"{""Color"":""Black \/ Purple"",""Form Factor"":""ATX"",""Memory Max"":""256 GB"",""Memory Slots"":""4"",""Socket \/ CPU"":""AM5""}",https://cdna.pcpartpicker.com/static/forever/images/product/eaa95c0e62803b458f2f0d163dfffa91.256p.jpg
메인보드,ASRock,ASRock H610M-ITX/eDP,107.18,0,"{""Color"":""Silver \/ Black"",""Form Factor"":""Mini ITX"",""Memory Max"":""64 GB"",""Memory Slots"":""2"",""Socket \/ CPU"":""LGA1700""}",https://cdna.pcpartpicker.com/static/forever/images/product/7a31f350898b15d320c00478dc2488cf.256p.jpg
메인보드,ASRock,ASRock A620AI WiFi,133.0,0,"{""Color"":""Black"",""Form Factor"":""Mini ITX"",""Memory Max"":""128 GB"",""Memory Slots"":""2"",""Socket \/ CPU"":""AM5""}",https://cdna.pcpartpicker.com/static/forever/images/product/c3add07e7b316b6ba9612df7157dbc1e.256p.jpg
메인보드,ASRock,ASRock A520M-HDV,53.14,7,"{""Color"":""Black \/ Silver"",""Form Factor"":""Micro ATX"",""Memory Max"":""64 GB"",""Memory Slots"":""2"",""Socket \/ CPU"":""AM4""}",https://cdna.pcpartpicker.com/static/forever/images/product/44867ec7814048eb5afc863cc9bc1de3.256p.jpg
메인보드,ASRock,ASRock B550 Phantom Gaming 4/ac,115.97,11,"{""Color"":""Silver \/ Black"",""Form Factor"":""ATX"",""Memory Max"":""128 GB"",""Memory Slots"":""4"",""Socket \/ CPU"":""AM4""}",https://cdna.pcpartpicker.com/static/forever/images/product/987495c240f254ae7314bdd8ae3c426c.256p.jpg
메인보드,ASRock,ASRock B650M-HDV/M.2,106.99,13,"{""Color"":""Silver \/ Black"",""Form Factor"":""Micro ATX"",""Memory Max"":""96 GB"",""Memory Slots"":""2"",""Socket \/ CPU"":""AM5""}",https://cdna.pcpartpicker.com/static/forever/images/product/e4a16a219fbf878e01a4beae50bbc0ef.256p.jpg
메인보드,ASRock,ASRock B650M-H/M.2+,91.8,4,"{""Color"":""Silver \/ Black"",""Form Factor"":""Micro ATX"",""Memory Max"":""96 GB"",""Memory Slots"":""2"",""Socket \/ CPU"":""AM5""}",https://cdna.pcpartpicker.com/static/forever/images/product/07c31fe938c6e8531c051bc527759992.256p.jpg
메인보드,ASRock,ASRock H610M-HDV/M.2+ D5,68.95,0,"{""Color"":""White \/ Black"",""Form Factor"":""Micro ATX"",""Memory Max"":""96 GB"",""Memory Slots"":""2"",""Socket \/ CPU"":""LGA1700""}",https://cdna.pcpartpicker.com/static/forever/images/product/c13414ccd20045deb0d2ff0e53e51c48.256p.jpg
메인보드,ASRock,ASRock B850M-X WiFi R2.0,119.99,5,"{""Color"":""Black \/ White"",""Form Factor"":""Micro ATX"",""Memory Max"":""128 GB"",""Memory Slots"":""2"",""Socket \/ CPU"":""AM5""}",https://cdna.pcpartpicker.com/static/forever/images/product/cf3d0f0524d2e319b2e8eb117d9b63ca.256p.jpg
메인보드,ASRock,ASRock X870E Taichi,448.9,7,"{""Color"":""Black"",""Form Factor"":""EATX"",""Memory Max"":""256 GB"",""Memory Slots"":""4"",""Socket \/ CPU"":""AM5""}",https://cdna.pcpartpicker.com/static/forever/images/product/23ef2a9c06fcdba69a77129c3df09ee6.256p.jpg
메인보드,ASRock,ASRock B860I WiFi,151.8,0,"{""Color"":""Black"",""Form Factor"":""Mini ITX"",""Memory Max"":""128 GB"",""Memory Slots"":""2"",""Socket \/ CPU"":""LGA1851""}",https://m.media-amazon.com/images/I/5182aV4zQIL.jpg
메인보드,MSI,MSI MAG B850 TOMAHAWK MAX WIFI,232.96,29,"{""Color"":""Black \/ Green"",""Form Factor"":""ATX"",""Memory Max"":""256 GB"",""Memory Slots"":""4"",""Socket \/ CPU"":""AM5""}",https://cdna.pcpartpicker.com/static/forever/images/product/fe0743e587416e7fa161bfd0dca8237f.256p.jpg
메인보드,MSI,MSI B650 GAMING PLUS WIFI,162.87,54,"{""Color"":""Black"",""Form Factor"":""ATX"",""Memory Max"":""192 GB"",""Memory Slots"":""4"",""Socket \/ CPU"":""AM5""}",https://cdna.pcpartpicker.com/static/forever/images/product/ff33ebb87ed9f5fa5f9c54d6d316ae82.256p.jpg
메인보드,MSI,MSI B550M PRO-VDH WIFI,102.05,145,"{""Color"":""Black"",""Form Factor"":""Micro ATX"",""Memory Max"":""128 GB"",""Memory Slots"":""4"",""Socket \/ CPU"":""AM4""}",https://cdna.pcpartpicker.com/static/forever/images/product/57b4a5399dc626e9c5786f786aeb94ac.256p.jpg
메인보드,MSI,MSI MAG B650 TOMAHAWK WIFI,179.25,146,"{""Color"":""Black"",""Form Factor"":""ATX"",""Memory Max"":""256 GB"",""Memory Slots"":""4"",""Socket \/ CPU"":""AM5""}",https://cdna.pcpartpicker.com/static/forever/images/product/dc9235e0d8052745493eb900bb9df6f6.256p.jpg
메인보드,MSI,MSI MAG X870 TOMAHAWK WIFI,264.52,39,"{""Color"":""Black"",""Form Factor"":""ATX"",""Memory Max"":""256 GB"",""Memory Slots"":""4"",""Socket \/ CPU"":""AM5""}",https://cdna.pcpartpicker.com/static/forever/images/product/ec3fc6477ed914f51a028bc29f0e20aa.256p.jpg
메인보드,MSI,MSI MAG B550 TOMAHAWK MAX WIFI,157.0,40,"{""Color"":""Silver \/ Black"",""Form Factor"":""ATX"",""Memory Max"":""128 GB"",""Memory Slots"":""4"",""Socket \/ CPU"":""AM4""}",https://cdna.pcpartpicker.com/static/forever/images/product/cf20560e7e4a9e474fcb4c88238e4ffd.256p.jpg
메인보드,MSI,MSI PRO B550M-VC WIFI,192.0,63,"{""Color"":""Black"",""Form Factor"":""Micro ATX"",""Memory Max"":""128 GB"",""Memory Slots"":""4"",""Socket \/ CPU"":""AM4""}",https://cdna.pcpartpicker.com/static/forever/images/product/3ba98d49243674bac25ebc39e6cc1fbc.256p.jpg
메인보드,MSI,MSI PRO B760-P WIFI DDR4,119.99,14,"{""Color"":""Black"",""Form Factor"":""ATX"",""Memory Max"":""128 GB"",""Memory Slots"":""4"",""Socket \/ CPU"":""LGA1700""}",https://cdna.pcpartpicker.com/static/forever/images/product/28e8ce6b41464b892862574420f45b63.256p.jpg
메인보드,MSI,MSI PRO Z790-A MAX WIFI,299.0,24,"{""Color"":""Silver \/ Black"",""Form Factor"":""ATX"",""Memory Max"":""256 GB"",""Memory Slots"":""4"",""Socket \/ CPU"":""LGA1700""}",https://cdna.pcpartpicker.com/static/forever/images/product/55e781311c4d62e83df9ac297a64c01a.256p.jpg
메인보드,MSI,MSI PRO B850-S WIFI6E,128.83,1,"{""Color"":""Black"",""Form Factor"":""ATX"",""Memory Max"":""256 GB"",""Memory Slots"":""4"",""Socket \/ CPU"":""AM5""}",https://cdna.pcpartpicker.com/static/forever/images/product/bf040b7e95e6a515f5c1fabd2a011a08.256p.jpg
메인보드,MSI,MSI MAG X870E TOMAHAWK WIFI,307.81,19,"{""Color"":""Black \/ Green"",""Form Factor"":""ATX"",""Memory Max"":""256 GB"",""Memory Slots"":""4"",""Socket \/ CPU"":""AM5""}",https://cdna.pcpartpicker.com/static/forever/images/product/d45365fc05268cf82bf9720808262049.256p.jpg
메인보드,MSI,MSI MPG B550 GAMING PLUS,109.03,92,"{""Color"":""Black"",""Form Factor"":""ATX"",""Memory Max"":""128 GB"",""Memory Slots"":""4"",""Socket \/ CPU"":""AM4""}",https://cdna.pcpartpicker.com/static/forever/images/product/607f7ca77131a0bf7dc6b75617795203.256p.jpg
메인보드,MSI,MSI B550-A PRO,106.52,119,"{""Color"":""Black \/ Silver"",""Form Factor"":""ATX"",""Memory Max"":""128 GB"",""Memory Slots"":""4"",""Socket \/ CPU"":""AM4""}",https://m.media-amazon.com/images/I/51YHWAAsu5L.jpg
메인보드,MSI,MSI Z890 GAMING PLUS WIFI,254.99,2,"{""Color"":""Black"",""Form Factor"":""ATX"",""Memory Max"":""256 GB"",""Memory Slots"":""4"",""Socket \/ CPU"":""LGA1851""}",https://cdna.pcpartpicker.com/static/forever/images/product/09616b3a79d984fcecbcc06409660931.256p.jpg
메인보드,MSI,MSI PRO X870E-P WIFI,226.21,13,"{""Color"":""Black \/ Silver"",""Form Factor"":""ATX"",""Memory Max"":""256 GB"",""Memory Slots"":""4"",""Socket \/ CPU"":""AM5""}",https://cdna.pcpartpicker.com/static/forever/images/product/818755e4ae3a17cd1e3dc208ed4017fe.256p.jpg
메인보드,MSI,MSI B850 GAMING PLUS WIFI6E,141.79,4,"{""Color"":""Silver"",""Form Factor"":""ATX"",""Memory Max"":""256 GB"",""Memory Slots"":""4"",""Socket \/ CPU"":""AM5""}",https://cdna.pcpartpicker.com/static/forever/images/product/34e776866180181de790f98268092efd.256p.jpg
메인보드,MSI,MSI PRO H610M-G DDR4,66.23,10,"{""Color"":""Black \/ Silver"",""Form Factor"":""Micro ATX"",""Memory Max"":""64 GB"",""Memory Slots"":""2"",""Socket \/ CPU"":""LGA1700""}",https://cdna.pcpartpicker.com/static/forever/images/product/8a6d9e0f04302ca47ff65d23bda24e49.256p.jpg
메인보드,MSI,MSI A520M-A PRO,52.51,6,"{""Color"":""Black"",""Form Factor"":""Micro ATX"",""Memory Max"":""64 GB"",""Memory Slots"":""2"",""Socket \/ CPU"":""AM4""}",https://m.media-amazon.com/images/I/61rBzM2fjzL.jpg
메인보드,MSI,MSI MPG X870E CARBON WIFI,472.96,18,"{""Color"":""Black"",""Form Factor"":""ATX"",""Memory Max"":""256 GB"",""Memory Slots"":""4"",""Socket \/ CPU"":""AM5""}",https://cdna.pcpartpicker.com/static/forever/images/product/fac31c8cea999908580b1081eed58c0e.256p.jpg
메인보드,MSI,MSI B850 GAMING PLUS WIFI,182.8,5,"{""Color"":""Silver \/ Black"",""Form Factor"":""ATX"",""Memory Max"":""256 GB"",""Memory Slots"":""4"",""Socket \/ CPU"":""AM5""}",https://cdna.pcpartpicker.com/static/forever/images/product/2bbb6b8dc2a1b1dbd36d70f7733677f3.256p.jpg
메인보드,Biostar,Biostar B650MT,82.69,0,"{""Color"":""Black \/ Silver"",""Form Factor"":""Micro ATX"",""Memory Max"":""128 GB"",""Memory Slots"":""2"",""Socket \/ CPU"":""AM5""}",https://cdna.pcpartpicker.com/static/forever/images/product/56bb8f2ea40127b8cc5592952667a057.256p.jpg
메인보드,Biostar,Biostar H610MT-E,75.95,0,"{""Color"":""Black"",""Form Factor"":""Micro ATX"",""Memory Max"":""64 GB"",""Memory Slots"":""2"",""Socket \/ CPU"":""LGA1700""}",https://cdna.pcpartpicker.com/static/forever/images/product/5e9d8a6c01f2576e40bdf50d529bd2ea.256p.jpg
메인보드,Biostar,Biostar A620MS,71.94,0,"{""Color"":""Black"",""Form Factor"":""Micro ATX"",""Memory Max"":""96 GB"",""Memory Slots"":""2"",""Socket \/ CPU"":""AM5""}",https://cdna.pcpartpicker.com/static/forever/images/product/ca38ebee21a3ca90c0332498fc30a98c.256p.jpg
메인보드,Biostar,Biostar A520MT,55.9,0,"{""Color"":""Black"",""Form Factor"":""Micro ATX"",""Memory Max"":""64 GB"",""Memory Slots"":""2"",""Socket \/ CPU"":""AM4""}",https://cdna.pcpartpicker.com/static/forever/images/product/d4237a69a079151399ec43cb65d3f367.256p.jpg
메인보드,Biostar,Biostar Z690MX2-E D4,97.9,0,"{""Color"":""Black"",""Form Factor"":""Micro ATX"",""Memory Max"":""64 GB"",""Memory Slots"":""2"",""Socket \/ CPU"":""LGA1700""}",https://cdna.pcpartpicker.com/static/forever/images/product/f138792158036c4128cc3de8a44f1139.256p.jpg
메인보드,Biostar,Biostar A520MHP,60.74,0,"{""Color"":""Black"",""Form Factor"":""Micro ATX"",""Memory Max"":""64 GB"",""Memory Slots"":""2"",""Socket \/ CPU"":""AM4""}",https://cdna.pcpartpicker.com/static/forever/images/product/ee6d3511b7326b268d4653445a723401.256p.jpg
메인보드,Biostar,Biostar H610MHC 2.0,62.76,0,"{""Color"":""Black"",""Form Factor"":""Micro ATX"",""Memory Max"":""64 GB"",""Memory Slots"":""2"",""Socket \/ CPU"":""LGA1700""}",https://cdna.pcpartpicker.com/static/forever/images/product/69b4f8fab16a186a46e21bb0556e1835.256p.jpg
메인보드,Biostar,Biostar H610MH D5,58.99,0,"{""Color"":""Black \/ Silver"",""Form Factor"":""Micro ATX"",""Memory Max"":""96 GB"",""Memory Slots"":""2"",""Socket \/ CPU"":""LGA1700""}",https://cdna.pcpartpicker.com/static/forever/images/product/06e632533ee7eca5cc7d12c381d7ef4b.256p.jpg
메인보드,Biostar,Biostar B650M-SILVER,174.8,0,"{""Color"":""Silver \/ Black"",""Form Factor"":""Micro ATX"",""Memory Max"":""192 GB"",""Memory Slots"":""4"",""Socket \/ CPU"":""AM5""}",https://cdna.pcpartpicker.com/static/forever/images/product/bb6aa884922447383586537f1d1d10db.256p.jpg
메인보드,Biostar,Biostar B550MX/E PRO,162.26,0,"{""Color"":""Black \/ Silver"",""Form Factor"":""Micro ATX"",""Memory Max"":""128 GB"",""Memory Slots"":""4"",""Socket \/ CPU"":""AM4""}",https://m.media-amazon.com/images/I/41ubN8o9AiL.jpg
메인보드,Biostar,Biostar A620MP-E PRO,110.39,0,"{""Color"":""Black \/ Silver"",""Form Factor"":""Micro ATX"",""Memory Max"":""192 GB"",""Memory Slots"":""4"",""Socket \/ CPU"":""AM5""}",https://m.media-amazon.com/images/I/51+1jEM4r4L.jpg
메인보드,Biostar,Biostar B760A-SILVER,158.8,0,"{""Color"":""Silver \/ Black"",""Form Factor"":""ATX"",""Memory Max"":""192 GB"",""Memory Slots"":""4"",""Socket \/ CPU"":""LGA1700""}",https://m.media-amazon.com/images/I/51r6+9tnCaL.jpg
메인보드,Biostar,Biostar B660MX-E PRO,228.0,0,"{""Color"":""Black \/ Silver"",""Form Factor"":""Micro ATX"",""Memory Max"":""128 GB"",""Memory Slots"":""4"",""Socket \/ CPU"":""LGA1700""}",https://m.media-amazon.com/images/I/41soz8OD06L.jpg
케이스,Thermaltake,Thermaltake Level 20,685.61,0,"{""Color"":""Black \/ Silver"",""External Volume"":""141.0 L"",""Internal 3.5\"" Bays"":""8"",""Power Supply"":""None"",""Side Panel"":""Tempered Glass"",""Type"":""ATX Full Tower""}",https://cdna.pcpartpicker.com/static/forever/images/product/fe7584667e240572a13c154d663a2200.256p.jpg
케이스,Thermaltake,Thermaltake View 170 ARGB,67.8,9,"{""Color"":""Black"",""External Volume"":""35.0 L"",""Internal 3.5\"" Bays"":""1"",""Power Supply"":""None"",""Side Panel"":""Tempered Glass"",""Type"":""MicroATX Mini Tower""}",https://cdna.pcpartpicker.com/static/forever/images/product/2f4f9691c180a9944c3676da2d0eced6.256p.jpg
케이스,Thermaltake,Thermaltake View 270 Plus TG ARGB,81.8,7,"{""Color"":""Black"",""External Volume"":""47.6 L"",""Internal 3.5\"" Bays"":""2"",""Power Supply"":""None"",""Side Panel"":""Tempered Glass"",""Type"":""ATX Mid Tower""}",https://cdna.pcpartpicker.com/static/forever/images/product/9e5614134f25613ad1680297287c0aea.256p.jpg
케이스,Thermaltake,Thermaltake TR100,127.8,0,"{""Color"":""Black"",""External Volume"":""20.6 L"",""Internal 3.5\"" Bays"":""0"",""Power Supply"":""None"",""Side Panel"":""Mesh"",""Type"":""Mini ITX Desktop""}",https://m.media-amazon.com/images/I/41CmLRZMWOL.jpg
케이스,Thermaltake,Thermaltake View 170 ARGB,68.8,6,"{""Color"":""White"",""External Volume"":""35.0 L"",""Internal 3.5\"" Bays"":""1"",""Power Supply"":""None"",""Side Panel"":""Tempered Glass"",""Type"":""MicroATX Mini Tower""}",https://cdna.pcpartpicker.com/static/forever/images/product/3e6ffcba7d0081049a64f9a30644e5b7.256p.jpg
케이스,Thermaltake,Thermaltake View 380 ARGB,99.98,2,"{""Color"":""Black"",""External Volume"":""51.6 L"",""Internal 3.5\"" Bays"":""1"",""Power Supply"":""None"",""Side Panel"":""Tinted Tempered Glass"",""Type"":""ATX Mid Tower""}",https://cdna.pcpartpicker.com/static/forever/images/product/fe9aedeffb10a1ad8ecd4ded7ab2c468.256p.jpg
케이스,Thermaltake,Thermaltake The Tower 300,135.33,4,"{""Color"":""Black"",""External Volume"":""53.0 L"",""Internal 3.5\"" Bays"":""3"",""Power Supply"":""None"",""Side Panel"":""Tempered Glass"",""Type"":""MicroATX Mini Tower""}",https://cdna.pcpartpicker.com/static/forever/images/product/19b7bb3f150197acc9dd2ca8652c6837.256p.jpg
케이스,Thermaltake,Thermaltake The Tower 600,150.36,2,"{""Color"":""Black"",""External Volume"":""66.2 L"",""Internal 3.5\"" Bays"":""1"",""Power Supply"":""None"",""Side Panel"":""Tempered Glass"",""Type"":""ATX Mid Tower""}",https://cdna.pcpartpicker.com/static/forever/images/product/86b3f9fc77c3172a52582729e4bbffc2.256p.jpg
케이스,Thermaltake,Thermaltake TR100,131.8,1,"{""Color"":""Green \/ Black"",""External Volume"":""20.6 L"",""Internal 3.5\"" Bays"":""0"",""Power Supply"":""None"",""Side Panel"":""Mesh"",""Type"":""Mini ITX Desktop""}",https://m.media-amazon.com/images/I/514ONc7393L.jpg
케이스,Thermaltake,Thermaltake View 380 ARGB,100.8,2,"{""Color"":""White"",""External Volume"":""51.6 L"",""Internal 3.5\"" Bays"":""1"",""Power Supply"":""None"",""Side Panel"":""Tinted Tempered Glass"",""Type"":""ATX Mid Tower""}",https://cdna.pcpartpicker.com/static/forever/images/product/8316bf757f6a28487ed9573ef6d2d505.256p.jpg
케이스,Thermaltake,Thermaltake AX700,399.34,0,"{""Color"":""Black"",""External Volume"":""141.4 L"",""Internal 3.5\"" Bays"":""18"",""Power Supply"":""None"",""Side Panel"":""Mesh"",""Type"":""ATX Full Tower""}",https://cdna.pcpartpicker.com/static/forever/images/product/45583749d56d10065dfdde85e51e8132.256p.jpg
케이스,Thermaltake,Thermaltake View 270 Plus TG ARGB,84.8,4,"{""Color"":""White"",""External Volume"":""47.6 L"",""Internal 3.5\"" Bays"":""2"",""Power Supply"":""None"",""Side Panel"":""Tempered Glass"",""Type"":""ATX Mid Tower""}",https://cdna.pcpartpicker.com/static/forever/images/product/225f396a21a52158b79108df6559578c.256p.jpg
케이스,Thermaltake,Thermaltake A500,234.4,0,"{""Color"":""Silver \/ Black"",""External Volume"":""67.4 L"",""Internal 3.5\"" Bays"":""6"",""Power Supply"":""None"",""Side Panel"":""Tempered Glass"",""Type"":""ATX Mid Tower""}",https://cdna.pcpartpicker.com/static/forever/images/product/a3668235822b8fc60fda9f65e2a259c7.256p.jpg
케이스,Thermaltake,Thermaltake The Tower 250,144.94,3,"{""Color"":""Black"",""External Volume"":""42.7 L"",""Internal 3.5\"" Bays"":""1"",""Power Supply"":""None"",""Side Panel"":""Tempered Glass"",""Type"":""Mini ITX Tower""}",https://cdna.pcpartpicker.com/static/forever/images/product/70952f65821b71bbfb604bd6d9dc88f7.256p.jpg
케이스,Thermaltake,Thermaltake Versa H17,81.56,27,"{""Color"":""Black"",""External Volume"":""30.4 L"",""Internal 3.5\"" Bays"":""2"",""Power Supply"":""None"",""Side Panel"":""None"",""Type"":""MicroATX Mini Tower""}",https://cdna.pcpartpicker.com/static/forever/images/product/629f2789011af7e733b1ae66154b1e54.256p.jpg
케이스,Thermaltake,Thermaltake Versa H16 ARGB,74.8,2,"{""Color"":""White"",""External Volume"":""33.0 L"",""Internal 3.5\"" Bays"":""2"",""Power Supply"":""None"",""Side Panel"":""Tempered Glass"",""Type"":""MicroATX Mini Tower""}",https://cdna.pcpartpicker.com/static/forever/images/product/12e176755f340d90bc019d5de6486d27.256p.jpg
케이스,Thermaltake,Thermaltake S100,50.98,6,"{""Color"":""Black"",""External Volume"":"""",""Internal 3.5\"" Bays"":""2"",""Power Supply"":""None"",""Side Panel"":""Tempered Glass"",""Type"":""MicroATX Mini Tower""}",https://cdna.pcpartpicker.com/static/forever/images/product/df69be2cf748fac40148cd6bcb32df16.256p.jpg
케이스,Thermaltake,Thermaltake View 380 XL TG ARGB,109.81,1,"{""Color"":""Black"",""External Volume"":""63.6 L"",""Internal 3.5\"" Bays"":""1"",""Power Supply"":""None"",""Side Panel"":""Tempered Glass"",""Type"":""ATX Mid Tower""}",https://cdna.pcpartpicker.com/static/forever/images/product/5f6909e7df5c275352c5efeef06d1940.256p.jpg
케이스,Thermaltake,Thermaltake TR100,122.32,3,"{""Color"":""White"",""External Volume"":""20.6 L"",""Internal 3.5\"" Bays"":""0"",""Power Supply"":""None"",""Side Panel"":""Mesh"",""Type"":""Mini ITX Desktop""}",https://m.media-amazon.com/images/I/41QJQ7WaeDL.jpg
케이스,Thermaltake,Thermaltake View 270 Plus TG ARGB,91.8,0,"{""Color"":""Blue"",""External Volume"":""47.6 L"",""Internal 3.5\"" Bays"":""2"",""Power Supply"":""None"",""Side Panel"":""Tempered Glass"",""Type"":""ATX Mid Tower""}",https://cdna.pcpartpicker.com/static/forever/images/product/d5d2549ea39fca8b21d418fb3aa0d606.256p.jpg
케이스,Fractal Design,Fractal Design North,109.8,80,"{""Color"":""Black"",""External Volume"":""45.1 L"",""Internal 3.5\"" Bays"":""2"",""Power Supply"":""None"",""Side Panel"":""Tempered Glass"",""Type"":""ATX Mid Tower""}",https://cdna.pcpartpicker.com/static/forever/images/product/1977a3a3f6f1238d12ea2a555be4d7ce.256p.jpg
케이스,Fractal Design,Fractal Design North XL,139.8,22,"{""Color"":""Black"",""External Volume"":""61.4 L"",""Internal 3.5\"" Bays"":""2"",""Power Supply"":""None"",""Side Panel"":""Tinted Tempered Glass"",""Type"":""ATX Full Tower""}",https://cdna.pcpartpicker.com/static/forever/images/product/de8d089eec0681bef6c59b47f908e2ef.256p.jpg
케이스,Fractal Design,Fractal Design Terra,175.28,27,"{""Color"":""Black \/ Brown"",""External Volume"":""11.4 L"",""Internal 3.5\"" Bays"":""0"",""Power Supply"":""None"",""Side Panel"":""Mesh"",""Type"":""Mini ITX Desktop""}",https://cdna.pcpartpicker.com/static/forever/images/product/93603f04dde2fe42335d278e66b80c4d.256p.jpg
케이스,Fractal Design,Fractal Design Pop XL Air,84.8,13,"{""Color"":""Black"",""External Volume"":""62.4 L"",""Internal 3.5\"" Bays"":""3"",""Power Supply"":""None"",""Side Panel"":""Tempered Glass"",""Type"":""ATX Full Tower""}",https://cdna.pcpartpicker.com/static/forever/images/product/048e9d2f829061df55885fb8eabd5952.256p.jpg
케이스,Fractal Design,Fractal Design Terra,176.8,27,"{""Color"":""Green \/ Brown"",""External Volume"":""11.4 L"",""Internal 3.5\"" Bays"":""0"",""Power Supply"":""None"",""Side Panel"":""Mesh"",""Type"":""Mini ITX Desktop""}",https://cdna.pcpartpicker.com/static/forever/images/product/46f3b3672c252def1f9cc56db0a11b61.256p.jpg
케이스,Fractal Design,Fractal Design Meshify C,100.8,302,"{""Color"":""Black"",""External Volume"":""40.6 L"",""Internal 3.5\"" Bays"":""2"",""Power Supply"":""None"",""Side Panel"":""Tinted Tempered Glass"",""Type"":""ATX Mid Tower""}",https://cdna.pcpartpicker.com/static/forever/images/product/5e077c6b1272ca2c11e4f7df6326370a.256p.jpg
케이스,Fractal Design,Fractal Design Ridge PCIe 4.0,129.98,4,"{""Color"":""Black"",""External Volume"":""16.3 L"",""Internal 3.5\"" Bays"":""0"",""Power Supply"":""None"",""Side Panel"":""Mesh"",""Type"":""Mini ITX Tower""}",https://m.media-amazon.com/images/I/31bjjZkjSOL.jpg
케이스,Fractal Design,Fractal Design North,119.99,49,"{""Color"":""White"",""External Volume"":""45.1 L"",""Internal 3.5\"" Bays"":""2"",""Power Supply"":""None"",""Side Panel"":""Tempered Glass"",""Type"":""ATX Mid Tower""}",https://cdna.pcpartpicker.com/static/forever/images/product/b27a7e4bc53387580b31da81c7df34ab.256p.jpg
케이스,Fractal Design,Fractal Design Terra,166.91,13,"{""Color"":""Silver \/ Brown"",""External Volume"":""11.4 L"",""Internal 3.5\"" Bays"":""0"",""Power Supply"":""None"",""Side Panel"":""Mesh"",""Type"":""Mini ITX Desktop""}",https://cdna.pcpartpicker.com/static/forever/images/product/45f93e757b99ed190cc286efeb777c1b.256p.jpg
케이스,Fractal Design,Fractal Design Pop Air,78.73,23,"{""Color"":""Black"",""External Volume"":""46.2 L"",""Internal 3.5\"" Bays"":""2"",""Power Supply"":""None"",""Side Panel"":""Tempered Glass"",""Type"":""ATX Mid Tower""}",https://cdna.pcpartpicker.com/static/forever/images/product/1d7438dfe855e147c0e8b3f235453b2b.256p.jpg
케이스,Fractal Design,Fractal Design North XL,139.8,5,"{""Color"":""Black"",""External Volume"":""61.4 L"",""Internal 3.5\"" Bays"":""2"",""Power Supply"":""None"",""Side Panel"":""Mesh"",""Type"":""ATX Full Tower""}",https://cdna.pcpartpicker.com/static/forever/images/product/5bab30acac2072bec11c308f85697dc9.256p.jpg
케이스,Fractal Design,Fractal Design North,129.94,37,"{""Color"":""Black"",""External Volume"":""45.1 L"",""Internal 3.5\"" Bays"":""2"",""Power Supply"":""None"",""Side Panel"":""Mesh"",""Type"":""ATX Mid Tower""}",https://cdna.pcpartpicker.com/static/forever/images/product/3f3fee8b3f2a98afa0703bc19dfb5663.256p.jpg
케이스,Fractal Design,Fractal Design Define R5,109.95,63,"{""Color"":""Black"",""External Volume"":""54.2 L"",""Internal 3.5\"" Bays"":""8"",""Power Supply"":""None"",""Side Panel"":""None"",""Type"":""ATX Mid Tower""}",https://cdna.pcpartpicker.com/static/forever/images/product/3803ebb09f64ddc954a86cb7b45a8ebd.256p.jpg
케이스,Fractal Design,Fractal Design Pop Air,79.98,5,"{""Color"":""Black"",""External Volume"":""46.2 L"",""Internal 3.5\"" Bays"":""2"",""Power Supply"":""None"",""Side Panel"":""None"",""Type"":""ATX Mid Tower""}",https://cdna.pcpartpicker.com/static/forever/images/product/3c204ed1b1c08f33621eac87362ced71.256p.jpg
케이스,Fractal Design,Fractal Design Meshify 3,134.98,5,"{""Color"":""Black"",""External Volume"":""50.3 L"",""Internal 3.5\"" Bays"":""2"",""Power Supply"":""None"",""Side Panel"":""Tinted Tempered Glass"",""Type"":""ATX Mid Tower""}",https://cdna.pcpartpicker.com/static/forever/images/product/9b1e032da607ec35fc75b315bbd5652f.256p.jpg
케이스,Fractal Design,Fractal Design Pop Mini Air,84.99,39,"{""Color"":""Black"",""External Volume"":""36.5 L"",""Internal 3.5\"" Bays"":""2"",""Power Supply"":""None"",""Side Panel"":""Tempered Glass"",""Type"":""MicroATX Mid Tower""}",https://cdna.pcpartpicker.com/static/forever/images/product/6bd2cbaf780aea720a3b8a53d80ce635.256p.jpg
케이스,Fractal Design,Fractal Design Meshify 2,136.8,6,"{""Color"":""Black"",""External Volume"":""61.7 L"",""Internal 3.5\"" Bays"":""6"",""Power Supply"":""None"",""Side Panel"":""None"",""Type"":""ATX Mid Tower""}",https://cdna.pcpartpicker.com/static/forever/images/product/06efb58d593b0a752b4b4968048212ce.256p.jpg
케이스,Fractal Design,Fractal Design North XL,139.8,8,"{""Color"":""White"",""External Volume"":""61.4 L"",""Internal 3.5\"" Bays"":""2"",""Power Supply"":""None"",""Side Panel"":""Tempered Glass"",""Type"":""ATX Full Tower""}",https://cdna.pcpartpicker.com/static/forever/images/product/88c164e54b94ab54322ab8c419498254.256p.jpg
케이스,Fractal Design,Fractal Design Ridge PCIe 4.0,139.75,10,"{""Color"":""White"",""External Volume"":""16.3 L"",""Internal 3.5\"" Bays"":""0"",""Power Supply"":""None"",""Side Panel"":""Mesh"",""Type"":""Mini ITX Tower""}",https://m.media-amazon.com/images/I/41LNNhTD36L.jpg
케이스,Fractal Design,Fractal Design Focus G,54.98,69,"{""Color"":""Black"",""External Volume"":""42.2 L"",""Internal 3.5\"" Bays"":""2"",""Power Supply"":""None"",""Side Panel"":""Acrylic"",""Type"":""ATX Mid Tower""}",https://cdna.pcpartpicker.com/static/forever/images/product/1ee4eb7d40aaf6bb43c86b4865407c2d.256p.jpg
케이스,Corsair,Corsair 3500X ARGB,109.99,11,"{""Color"":""White"",""External Volume"":""55.9 L"",""Internal 3.5\"" Bays"":""2"",""Power Supply"":""None"",""Side Panel"":""Tempered Glass"",""Type"":""ATX Mid Tower""}",https://cdna.pcpartpicker.com/static/forever/images/product/a740f5cb83faa73c1d8a62945833056e.256p.jpg
케이스,Corsair,Corsair FRAME 4000D RS ARGB,101.92,22,"{""Color"":""Black"",""External Volume"":""56.7 L"",""Internal 3.5\"" Bays"":""2"",""Power Supply"":""None"",""Side Panel"":""Tempered Glass"",""Type"":""ATX Mid Tower""}",https://cdna.pcpartpicker.com/static/forever/images/product/b92de105986e31796925b0c95a335fa0.256p.jpg
케이스,Corsair,Corsair 9000D RGB AIRFLOW,499.9,1,"{""Color"":""Black"",""External Volume"":""149.6 L"",""Internal 3.5\"" Bays"":""5"",""Power Supply"":""None"",""Side Panel"":""Tempered Glass"",""Type"":""ATX Full Tower""}",https://cdna.pcpartpicker.com/static/forever/images/product/31bfc270950571313482b67027c01cf2.256p.jpg
케이스,Corsair,Corsair 3500X,81.22,11,"{""Color"":""Black"",""External Volume"":""55.9 L"",""Internal 3.5\"" Bays"":""2"",""Power Supply"":""None"",""Side Panel"":""Tempered Glass"",""Type"":""ATX Mid Tower""}",https://cdna.pcpartpicker.com/static/forever/images/product/7ed7216607a1241d218bb8e18efa0264.256p.jpg
케이스,Corsair,Corsair 3500X RS-R ARGB,89.9,1,"{""Color"":""Black"",""External Volume"":""55.9 L"",""Internal 3.5\"" Bays"":""2"",""Power Supply"":""None"",""Side Panel"":""Tempered Glass"",""Type"":""ATX Mid Tower""}",https://cdna.pcpartpicker.com/static/forever/images/product/30802f7748080837c9135baf9b27f69c.256p.jpg
케이스,Corsair,Corsair FRAME 4000D,84.92,17,"{""Color"":""Black"",""External Volume"":""56.7 L"",""Internal 3.5\"" Bays"":""2"",""Power Supply"":""None"",""Side Panel"":""Tempered Glass"",""Type"":""ATX Mid Tower""}",https://cdna.pcpartpicker.com/static/forever/images/product/b86799fcc72abe55bb03359a550ccdf6.256p.jpg
케이스,Corsair,Corsair 7000D AIRFLOW,324.92,19,"{""Color"":""Black"",""External Volume"":""81.8 L"",""Internal 3.5\"" Bays"":""6"",""Power Supply"":""None"",""Side Panel"":""Tempered Glass"",""Type"":""ATX Full Tower""}",https://cdna.pcpartpicker.com/static/forever/images/product/aa86351c8df24a48c98e7a14f50631a3.256p.jpg
케이스,Corsair,Corsair FRAME 4000D RS,99.99,5,"{""Color"":""Black"",""External Volume"":""56.7 L"",""Internal 3.5\"" Bays"":""2"",""Power Supply"":""None"",""Side Panel"":""Tempered Glass"",""Type"":""ATX Mid Tower""}",https://cdna.pcpartpicker.com/static/forever/images/product/0aace4b7694fde3ec5552a640c0f95a5.256p.jpg
케이스,Corsair,Corsair 3500X ARGB,119.0,20,"{""Color"":""Black"",""External Volume"":""55.9 L"",""Internal 3.5\"" Bays"":""2"",""Power Supply"":""None"",""Side Panel"":""Tempered Glass"",""Type"":""ATX Mid Tower""}",https://cdna.pcpartpicker.com/static/forever/images/product/f488ef9e12f2c763481fa0a720647dfd.256p.jpg
케이스,Corsair,Corsair 9000D RGB AIRFLOW,499.99,0,"{""Color"":""White"",""External Volume"":""149.6 L"",""Internal 3.5\"" Bays"":""5"",""Power Supply"":""None"",""Side Panel"":""Tempered Glass"",""Type"":""ATX Full Tower""}",https://cdna.pcpartpicker.com/static/forever/images/product/1a6d1644bd0ed7316982574cbb92abde.256p.jpg
케이스,Corsair,Corsair FRAME 4000D RS ARGB,98.99,2,"{""Color"":""White"",""External Volume"":""56.7 L"",""Internal 3.5\"" Bays"":""2"",""Power Supply"":""None"",""Side Panel"":""Tempered Glass"",""Type"":""ATX Mid Tower""}",https://cdna.pcpartpicker.com/static/forever/images/product/d87286e11a12f3c2abe09ce813b3e6a0.256p.jpg
케이스,Corsair,Corsair AIR 5400 LX-R RGB iCUE LINK,274.9,1,"{""Color"":""Black"",""External Volume"":""74.6 L"",""Internal 3.5\"" Bays"":""1"",""Power Supply"":""None"",""Side Panel"":""Tempered Glass"",""Type"":""ATX Mid Tower""}",https://cdna.pcpartpicker.com/static/forever/images/product/1b68a1def6ccade80fa69194d852016f.256p.jpg
케이스,Corsair,Corsair 3500X RS-R ARGB,89.9,1,"{""Color"":""White"",""External Volume"":""55.9 L"",""Internal 3.5\"" Bays"":""2"",""Power Supply"":""None"",""Side Panel"":""Tempered Glass"",""Type"":""ATX Mid Tower""}",https://cdna.pcpartpicker.com/static/forever/images/product/974d887529968f5083dfbeae05132372.256p.jpg
케이스,Corsair,Corsair FRAME 5000D RS ARGB,159.9,1,"{""Color"":""Black"",""External Volume"":""75.3 L"",""Internal 3.5\"" Bays"":""2"",""Power Supply"":""None"",""Side Panel"":""Tempered Glass"",""Type"":""ATX Mid Tower""}",https://cdna.pcpartpicker.com/static/forever/images/product/67f2b856f20cff271b8d678759534389.256p.jpg
케이스,Corsair,Corsair 3000D AIRFLOW,79.9,9,"{""Color"":""Black"",""External Volume"":""49.5 L"",""Internal 3.5\"" Bays"":""2"",""Power Supply"":""None"",""Side Panel"":""Tempered Glass"",""Type"":""ATX Mid Tower""}",https://cdna.pcpartpicker.com/static/forever/images/product/586841ed9160739668a55d1321c9494e.256p.jpg
케이스,Corsair,Corsair 4000D Airflow,104.6,118,"{""Color"":""White"",""External Volume"":""48.6 L"",""Internal 3.5\"" Bays"":""2"",""Power Supply"":""None"",""Side Panel"":""Tinted Tempered Glass"",""Type"":""ATX Mid Tower""}",https://cdna.pcpartpicker.com/static/forever/images/product/ef83ac7b40f303152fbb47b6db45c9ca.256p.jpg
케이스,Corsair,Corsair FRAME 4500X RS-R ARGB,109.9,0,"{""Color"":""Black"",""External Volume"":""58.7 L"",""Internal 3.5\"" Bays"":""1"",""Power Supply"":""None"",""Side Panel"":""Tempered Glass"",""Type"":""ATX Mid Tower""}",https://cdna.pcpartpicker.com/static/forever/images/product/301a67cd93e133f43ded023e24455ba9.256p.jpg
케이스,Corsair,Corsair FRAME 4500X RS-R ARGB,94.98,0,"{""Color"":""White"",""External Volume"":""58.7 L"",""Internal 3.5\"" Bays"":""1"",""Power Supply"":""None"",""Side Panel"":""Tempered Glass"",""Type"":""ATX Mid Tower""}",https://cdna.pcpartpicker.com/static/forever/images/product/a5d03dab6069eb22fb19f013f88b85d5.256p.jpg
케이스,Corsair,Corsair FRAME 5000D RS,141.8,0,"{""Color"":""Black"",""External Volume"":""75.3 L"",""Internal 3.5\"" Bays"":""2"",""Power Supply"":""None"",""Side Panel"":""Tempered Glass"",""Type"":""ATX Mid Tower""}",https://cdna.pcpartpicker.com/static/forever/images/product/2bd86e808bf7aff8ee87a6011a5cc615.256p.jpg
케이스,Corsair,Corsair iCUE 5000D RGB AIRFLOW,263.99,8,"{""Color"":""Black"",""External Volume"":""66.2 L"",""Internal 3.5\"" Bays"":""2"",""Power Supply"":""None"",""Side Panel"":""Tempered Glass"",""Type"":""ATX Mid Tower""}",https://cdna.pcpartpicker.com/static/forever/images/product/5081c21e39d4649a6d853b21d775e3af.256p.jpg
케이스,Silverstone,Silverstone ALTA D1,699.95,0,"{""Color"":""Black"",""External Volume"":""78.8 L"",""Internal 3.5\"" Bays"":""4"",""Power Supply"":""None"",""Side Panel"":""Mesh"",""Type"":""ATX Full Tower""}",https://m.media-amazon.com/images/I/41iiV2BV+YL.jpg
케이스,Silverstone,Silverstone FLP02,224.8,0,"{""Color"":""White"",""External Volume"":""54.1 L"",""Internal 3.5\"" Bays"":""4"",""Power Supply"":""None"",""Side Panel"":""None"",""Type"":""ATX Mid Tower""}",https://m.media-amazon.com/images/I/41GuamGnFsL.jpg
케이스,Silverstone,Silverstone ALTA F2,916.9,0,"{""Color"":""Black"",""External Volume"":""98.9 L"",""Internal 3.5\"" Bays"":""8"",""Power Supply"":""None"",""Side Panel"":""Tempered Glass"",""Type"":""ATX Full Tower""}",https://cdna.pcpartpicker.com/static/forever/images/product/4ff42fa090d41392739d099e28baf56f.256p.jpg
케이스,Silverstone,Silverstone RM52,510.1,0,"{""Color"":""Black"",""External Volume"":""58.6 L"",""Internal 3.5\"" Bays"":""4"",""Power Supply"":""None"",""Side Panel"":""None"",""Type"":""Rackmount 5U""}",https://cdna.pcpartpicker.com/static/forever/images/product/7c3c70397dbe98efaeaa461feecdd5a4.256p.jpg
케이스,Silverstone,Silverstone SG13,65.34,45,"{""Color"":""Black"",""External Volume"":""11.5 L"",""Internal 3.5\"" Bays"":""1"",""Power Supply"":""None"",""Side Panel"":""None"",""Type"":""Mini ITX Tower""}",https://cdna.pcpartpicker.com/static/forever/images/product/13f6c2e8e313652aa764869f6acd93f5.256p.jpg
케이스,Silverstone,Silverstone FLP01,119.95,0,"{""Color"":""White"",""External Volume"":""27.1 L"",""Internal 3.5\"" Bays"":""1"",""Power Supply"":""None"",""Side Panel"":""None"",""Type"":""HTPC""}",https://cdna.pcpartpicker.com/static/forever/images/product/d2435779fa27023a2286ca88e5854c41.256p.jpg
케이스,Silverstone,Silverstone SUGO 14,85.9,2,"{""Color"":""Black \/ Yellow"",""External Volume"":""19.5 L"",""Internal 3.5\"" Bays"":""0"",""Power Supply"":""None"",""Side Panel"":""None"",""Type"":""Mini ITX Desktop""}",https://cdna.pcpartpicker.com/static/forever/images/product/d36e4a71c2ad6cdcc6c9a3a6cf72407c.256p.jpg
케이스,Silverstone,Silverstone SG05-LITE,66.84,5,"{""Color"":""Black"",""External Volume"":""10.7 L"",""Internal 3.5\"" Bays"":""1"",""Power Supply"":""None"",""Side Panel"":""None"",""Type"":""Mini ITX Desktop""}",https://m.media-amazon.com/images/I/4197dJCAlNL.jpg
케이스,Silverstone,Silverstone FARA H1M,60.69,2,"{""Color"":""Black"",""External Volume"":""30.1 L"",""Internal 3.5\"" Bays"":""2"",""Power Supply"":""None"",""Side Panel"":""Tempered Glass"",""Type"":""MicroATX Mini Tower""}",https://cdna.pcpartpicker.com/static/forever/images/product/f85bbaec4e74c8f1784515e63c67da99.256p.jpg
케이스,Silverstone,Silverstone Sugo 16,56.95,1,"{""Color"":""Black"",""External Volume"":""13.0 L"",""Internal 3.5\"" Bays"":""1"",""Power Supply"":""None"",""Side Panel"":""None"",""Type"":""Mini ITX Tower""}",https://m.media-amazon.com/images/I/41WNKBNz1CL.jpg
케이스,Silverstone,Silverstone MILO 11,90.8,0,"{""Color"":""Black \/ Silver"",""External Volume"":""10.3 L"",""Internal 3.5\"" Bays"":""1"",""Power Supply"":""None"",""Side Panel"":""None"",""Type"":""MicroATX Desktop""}",https://m.media-amazon.com/images/I/41Ly-yGe3ZL.jpg
케이스,Silverstone,Silverstone GD09 Type-C,112.69,1,"{""Color"":""Black"",""External Volume"":""26.5 L"",""Internal 3.5\"" Bays"":""2"",""Power Supply"":""None"",""Side Panel"":""Mesh"",""Type"":""HTPC""}",https://cdna.pcpartpicker.com/static/forever/images/product/06b4ebd2e29ee3b6df5e78e3f68c3d3b.256p.jpg
케이스,Silverstone,Silverstone RM51,473.28,0,"{""Color"":""Black"",""External Volume"":""51.3 L"",""Internal 3.5\"" Bays"":""2"",""Power Supply"":""None"",""Side Panel"":""None"",""Type"":""Rackmount 5U""}",https://m.media-amazon.com/images/I/41+ZbnyYPeL.jpg
케이스,Silverstone,Silverstone GD11,187.99,3,"{""Color"":""Black"",""External Volume"":""30.9 L"",""Internal 3.5\"" Bays"":""3"",""Power Supply"":""None"",""Side Panel"":""None"",""Type"":""HTPC""}",https://cdna.pcpartpicker.com/static/forever/images/product/271c5f93df7e61677a677d037e665dae.256p.jpg
케이스,Silverstone,Silverstone GD09B,111.8,21,"{""Color"":""Black"",""External Volume"":""26.5 L"",""Internal 3.5\"" Bays"":""2"",""Power Supply"":""None"",""Side Panel"":""None"",""Type"":""HTPC""}",https://m.media-amazon.com/images/I/41MQHhHkORL.jpg
케이스,Silverstone,Silverstone FARA 515XR,76.88,0,"{""Color"":""Black"",""External Volume"":""39.9 L"",""Internal 3.5\"" Bays"":""2"",""Power Supply"":""None"",""Side Panel"":""Tempered Glass"",""Type"":""ATX Mid Tower""}",https://m.media-amazon.com/images/I/41fMc3MqlVL.jpg
케이스,Silverstone,Silverstone Lucid 04,65.0,0,"{""Color"":""Black"",""External Volume"":""38.2 L"",""Internal 3.5\"" Bays"":""2"",""Power Supply"":""None"",""Side Panel"":""Tempered Glass"",""Type"":""MicroATX Mid Tower""}",https://cdna.pcpartpicker.com/static/forever/images/product/d9f516daee86173f65f23725609776bb.256p.jpg
케이스,Silverstone,Silverstone SETA H2,211.8,0,"{""Color"":""Black"",""External Volume"":""70.3 L"",""Internal 3.5\"" Bays"":""12"",""Power Supply"":""None"",""Side Panel"":""Mesh"",""Type"":""ATX Full Tower""}",https://m.media-amazon.com/images/I/418lG6AXa5L.jpg
케이스,Silverstone,Silverstone SUGO 15,193.26,2,"{""Color"":""Black"",""External Volume"":""19.1 L"",""Internal 3.5\"" Bays"":""0"",""Power Supply"":""None"",""Side Panel"":""None"",""Type"":""Mini ITX Desktop""}",https://cdna.pcpartpicker.com/static/forever/images/product/ef83d082d135664ff32d4be6b3ee42a1.256p.jpg
케이스,Silverstone,Silverstone Crown 04,514.9,0,"{""Color"":""Black"",""External Volume"":""48.2 L"",""Internal 3.5\"" Bays"":""2"",""Power Supply"":""None"",""Side Panel"":""Mesh"",""Type"":""HTPC""}",https://m.media-amazon.com/images/I/210u4WJZhxL.jpg
케이스,Antec,Antec C8,107.78,14,"{""Color"":""Black"",""External Volume"":""66.9 L"",""Internal 3.5\"" Bays"":""2"",""Power Supply"":""None"",""Side Panel"":""Tempered Glass"",""Type"":""ATX Full Tower""}",https://cdna.pcpartpicker.com/static/forever/images/product/881b5d3048a3e6c614c565698022feb6.256p.jpg
케이스,Antec,Antec FLUX PRO,192.05,8,"{""Color"":""Black \/ Brown"",""External Volume"":""70.8 L"",""Internal 3.5\"" Bays"":""4"",""Power Supply"":""None"",""Side Panel"":""Tempered Glass"",""Type"":""ATX Full Tower""}",https://cdna.pcpartpicker.com/static/forever/images/product/b76da1b61903db1a3a2ae31295d52f6f.256p.jpg
케이스,Antec,Antec C5 ARGB,114.98,35,"{""Color"":""Black"",""External Volume"":"""",""Internal 3.5\"" Bays"":""1"",""Power Supply"":""None"",""Side Panel"":""Tempered Glass"",""Type"":""ATX Mid Tower""}",https://cdna.pcpartpicker.com/static/forever/images/product/47f5f80539aa5e8cc9f4d5ebe8cd1dd2.256p.jpg
케이스,Antec,Antec FLUX,115.0,9,"{""Color"":""Black \/ Brown"",""External Volume"":""58.1 L"",""Internal 3.5\"" Bays"":""2"",""Power Supply"":""None"",""Side Panel"":""Tempered Glass"",""Type"":""ATX Mid Tower""}",https://m.media-amazon.com/images/I/51Ibc9abStL.jpg
케이스,Antec,Antec FLUX M,64.57,0,"{""Color"":""Black"",""External Volume"":""41.4 L"",""Internal 3.5\"" Bays"":""2"",""Power Supply"":""None"",""Side Panel"":""Tempered Glass"",""Type"":""MicroATX Mini Tower""}",https://cdna.pcpartpicker.com/static/forever/images/product/c4ebc70f842f54b00af1178dd558144e.256p.jpg
케이스,Antec,Antec C8 Wood,117.07,5,"{""Color"":""Black \/ Brown"",""External Volume"":""66.9 L"",""Internal 3.5\"" Bays"":""2"",""Power Supply"":""None"",""Side Panel"":""Tempered Glass"",""Type"":""ATX Full Tower""}",https://cdna.pcpartpicker.com/static/forever/images/product/733e7367fe45367fb76e6e94c306aa77.256p.jpg
케이스,Antec,Antec C5 ARGB,114.99,9,"{""Color"":""White"",""External Volume"":"""",""Internal 3.5\"" Bays"":""1"",""Power Supply"":""None"",""Side Panel"":""Tempered Glass"",""Type"":""ATX Mid Tower""}",https://cdna.pcpartpicker.com/static/forever/images/product/6a9bc88580323656f4d8355143380eda.256p.jpg
케이스,Antec,Antec C8 Curve Wood,175.63,5,"{""Color"":""Black \/ Brown"",""External Volume"":""66.9 L"",""Internal 3.5\"" Bays"":""1"",""Power Supply"":""None"",""Side Panel"":""Tempered Glass"",""Type"":""ATX Full Tower""}",https://m.media-amazon.com/images/I/51Ei0hzdY3L.jpg
케이스,Antec,Antec P30 AIR,81.02,0,"{""Color"":""Black"",""External Volume"":""49.3 L"",""Internal 3.5\"" Bays"":""2"",""Power Supply"":""None"",""Side Panel"":""Tempered Glass"",""Type"":""ATX Mid Tower""}",https://cdna.pcpartpicker.com/static/forever/images/product/092d9bb57fe2a9c55afecb2a1dd68654.256p.jpg
케이스,Antec,Antec AX61 ELITE,55.74,5,"{""Color"":""Black"",""External Volume"":""36.4 L"",""Internal 3.5\"" Bays"":""2"",""Power Supply"":""None"",""Side Panel"":""Tempered Glass"",""Type"":""ATX Mid Tower""}",https://m.media-amazon.com/images/I/51OmWC8XJuL.jpg
케이스,Antec,Antec C3 ARGB,95.54,2,"{""Color"":""Black"",""External Volume"":""47.9 L"",""Internal 3.5\"" Bays"":""1"",""Power Supply"":""None"",""Side Panel"":""Tempered Glass"",""Type"":""ATX Mid Tower""}",https://cdna.pcpartpicker.com/static/forever/images/product/8cebb5a9e40823e02d08e30ba2fa7955.256p.jpg
케이스,Antec,Antec AX20,51.75,1,"{""Color"":""Black"",""External Volume"":""33.4 L"",""Internal 3.5\"" Bays"":""2"",""Power Supply"":""None"",""Side Panel"":""Tempered Glass"",""Type"":""ATX Mid Tower""}",https://cdna.pcpartpicker.com/static/forever/images/product/2edc8b7fcee570026a45c75ca16510b0.256p.jpg
케이스,Antec,Antec CX600M ARGB,55.9,2,"{""Color"":""Black"",""External Volume"":""46.8 L"",""Internal 3.5\"" Bays"":""1"",""Power Supply"":""None"",""Side Panel"":""Tempered Glass"",""Type"":""MicroATX Mini Tower""}",https://cdna.pcpartpicker.com/static/forever/images/product/d0565d4dcc1f3579819138a7fcc2ff99.256p.jpg
케이스,Antec,Antec FLUX SE,119.99,1,"{""Color"":""Black \/ Brown"",""External Volume"":""58.1 L"",""Internal 3.5\"" Bays"":""2"",""Power Supply"":""None"",""Side Panel"":""None"",""Type"":""ATX Mid Tower""}",https://cdna.pcpartpicker.com/static/forever/images/product/c24463d9fc38da5cbfb32a9e8715d483.256p.jpg
케이스,Antec,Antec VSK3000E U3,58.21,0,"{""Color"":""Black"",""External Volume"":""24.8 L"",""Internal 3.5\"" Bays"":""2"",""Power Supply"":""None"",""Side Panel"":""None"",""Type"":""MicroATX Mini Tower""}",https://cdna.pcpartpicker.com/static/forever/images/product/68a3a8bdb4d75a743d43493a73d2dcc1.256p.jpg
케이스,Antec,Antec C8,114.79,9,"{""Color"":""White"",""External Volume"":""66.9 L"",""Internal 3.5\"" Bays"":""2"",""Power Supply"":""None"",""Side Panel"":""Tempered Glass"",""Type"":""ATX Full Tower""}",https://m.media-amazon.com/images/I/41Bmuhn0XRL.jpg
케이스,Antec,Antec C3 ARGB,102.86,2,"{""Color"":""White"",""External Volume"":""47.9 L"",""Internal 3.5\"" Bays"":""1"",""Power Supply"":""None"",""Side Panel"":""Tempered Glass"",""Type"":""ATX Mid Tower""}",https://cdna.pcpartpicker.com/static/forever/images/product/19e4873ff8c2b1971e277d0cf702dd33.256p.jpg
케이스,Antec,Antec AX67 ARGB,56.9,0,"{""Color"":"""",""External Volume"":""36.4 L"",""Internal 3.5\"" Bays"":""2"",""Power Supply"":""None"",""Side Panel"":""Tempered Glass"",""Type"":""ATX Mid Tower""}",https://cdna.pcpartpicker.com/static/forever/images/product/93187c4e675c673e8abb24830999fb21.256p.jpg
케이스,Antec,Antec P30 ARGB,84.11,0,"{""Color"":""Black"",""External Volume"":""49.3 L"",""Internal 3.5\"" Bays"":""2"",""Power Supply"":""None"",""Side Panel"":""Tempered Glass"",""Type"":""ATX Mid Tower""}",https://cdna.pcpartpicker.com/static/forever/images/product/e9050fb4209c0b6880838bec105499ab.256p.jpg
케이스,Antec,Antec C5 CURVE ARGB,114.38,0,"{""Color"":""Black"",""External Volume"":""53.0 L"",""Internal 3.5\"" Bays"":""2"",""Power Supply"":""None"",""Side Panel"":""Tempered Glass"",""Type"":""ATX Mid Tower""}",https://cdna.pcpartpicker.com/static/forever/images/product/2a8206d7453adc8fd0dc0c9e848fd2d6.256p.jpg
쿨러,Thermaltake,Thermaltake TH360 V2 ARGB Sync,97.9,0,"{""Color"":""Black"",""Fan RPM"":""500 - 2000 RPM"",""Noise Level"":""25.8 dB"",""Radiator Size"":""360 mm""}",https://cdna.pcpartpicker.com/static/forever/images/product/c386f554532842b707ad332c05a8e4e1.256p.jpg
쿨러,Thermaltake,Thermaltake Contact 9 SE,12.9,3,"{""Color"":""Black \/ Silver"",""Fan RPM"":""800 - 2000 RPM"",""Noise Level"":""24.5 dB"",""Radiator Size"":""""}",https://cdna.pcpartpicker.com/static/forever/images/product/d8d5587e5e3ae0eb755206c063c16f1f.256p.jpg
쿨러,Thermaltake,Thermaltake UX200 SE ARGB,35.78,5,"{""Color"":""Black"",""Fan RPM"":""800 - 1800 RPM"",""Noise Level"":""25 dB"",""Radiator Size"":""""}",https://m.media-amazon.com/images/I/41vxvxQ7oYL.jpg
쿨러,Thermaltake,Thermaltake TH240 V2 ARGB Sync,87.8,6,"{""Color"":""Black"",""Fan RPM"":""500 - 2000 RPM"",""Noise Level"":""25.8 dB"",""Radiator Size"":""240 mm""}",https://cdna.pcpartpicker.com/static/forever/images/product/556c18ef844e0e7296f7dd7f8010d690.256p.jpg
쿨러,Thermaltake,Thermaltake TH120 V2 ARGB Sync,107.1,2,"{""Color"":""Black"",""Fan RPM"":""500 - 2000 RPM"",""Noise Level"":""25.8 dB"",""Radiator Size"":""120 mm""}",https://cdna.pcpartpicker.com/static/forever/images/product/7ed552c92bcd8ade385387f08209575f.256p.jpg
쿨러,Thermaltake,Thermaltake UX200 SE ARGB,28.9,2,"{""Color"":""White"",""Fan RPM"":""800 - 1800 RPM"",""Noise Level"":""25 dB"",""Radiator Size"":""""}",https://cdna.pcpartpicker.com/static/forever/images/product/924a7496484ea7760c64e4c6adfa9a72.256p.jpg
쿨러,Thermaltake,Thermaltake Gravity i2,20.77,7,"{""Color"":"""",""Fan RPM"":""1800 RPM"",""Noise Level"":""21.3 dB"",""Radiator Size"":""""}",https://m.media-amazon.com/images/I/51r8krEyBZL.jpg
쿨러,Thermaltake,Thermaltake TH360 V2 ARGB Sync,119.8,0,"{""Color"":""White"",""Fan RPM"":""500 - 2000 RPM"",""Noise Level"":""25.8 dB"",""Radiator Size"":""360 mm""}",https://cdna.pcpartpicker.com/static/forever/images/product/e8d6aa303c33f4d3403326bbfb097111.256p.jpg
쿨러,Thermaltake,Thermaltake Gravity i3,17.89,1,"{""Color"":""Silver \/ Black"",""Fan RPM"":""1200 - 3500 RPM"",""Noise Level"":""36.5 dB"",""Radiator Size"":""""}",https://cdna.pcpartpicker.com/static/forever/images/product/6e93a37b1f86b26e368bf5c79ba0a0cd.256p.jpg
쿨러,Thermaltake,Thermaltake UX400,21.9,0,"{""Color"":""Black \/ Silver"",""Fan RPM"":""700 - 1800 RPM"",""Noise Level"":""25 dB"",""Radiator Size"":""""}",https://cdna.pcpartpicker.com/static/forever/images/product/43aadfa59d5c570f81c8a1c16337d031.256p.jpg
쿨러,Thermaltake,Thermaltake CL-P0503,25.44,2,"{""Color"":"""",""Fan RPM"":""2900 RPM"",""Noise Level"":""29.58 dB"",""Radiator Size"":""""}",https://cdna.pcpartpicker.com/static/forever/images/product/8807a079a0bb00794b0ffb33a1864423.256p.jpg
쿨러,Thermaltake,Thermaltake UX100,34.03,16,"{""Color"":""Black"",""Fan RPM"":""1800 RPM"",""Noise Level"":""26.92 dB"",""Radiator Size"":""""}",https://cdna.pcpartpicker.com/static/forever/images/product/80d55b70d8963a172fb456dc4e52540c.256p.jpg
쿨러,Thermaltake,Thermaltake UX400 RGB,17.16,0,"{""Color"":""White \/ Silver"",""Fan RPM"":""700 - 1800 RPM"",""Noise Level"":""25 dB"",""Radiator Size"":""""}",https://cdna.pcpartpicker.com/static/forever/images/product/4d0a32ddf5c78d9d95a2746d9842b617.256p.jpg
쿨러,Thermaltake,Thermaltake MAGFloe 420 Ultra ARGB Sync,247.8,0,"{""Color"":""White"",""Fan RPM"":""500 - 2000 RPM"",""Noise Level"":""34.5 dB"",""Radiator Size"":""420 mm""}",https://m.media-amazon.com/images/I/317lesTDU-L.jpg
쿨러,Thermaltake,Thermaltake MAGFloe 360 Ultra ARGB Sync,228.8,0,"{""Color"":""Black"",""Fan RPM"":""500 - 2000 RPM"",""Noise Level"":""30.6 dB"",""Radiator Size"":""360 mm""}",https://m.media-amazon.com/images/I/31FCaHP8eML.jpg
쿨러,Thermaltake,Thermaltake MAGFloe 420 Ultra ARGB Sync,243.8,0,"{""Color"":""Black"",""Fan RPM"":""500 - 2000 RPM"",""Noise Level"":""34.5 dB"",""Radiator Size"":""420 mm""}",https://m.media-amazon.com/images/I/31vF7il0E3L.jpg
쿨러,Thermaltake,Thermaltake ASTRIA 200 ARGB,44.9,0,"{""Color"":""Black"",""Fan RPM"":""500 - 1800 RPM"",""Noise Level"":""26.8 dB"",""Radiator Size"":""""}",https://cdna.pcpartpicker.com/static/forever/images/product/007bead7030b1933f12afbfb75c4be63.256p.jpg
쿨러,Thermaltake,Thermaltake TH360 V2 Ultra ARGB Sync,139.9,1,"{""Color"":""Black"",""Fan RPM"":""500 - 1800 RPM"",""Noise Level"":""25.8 dB"",""Radiator Size"":""360 mm""}",https://cdna.pcpartpicker.com/static/forever/images/product/5bbe33103c1f0d1233f3534b5c79c9eb.256p.jpg
쿨러,Thermaltake,Thermaltake TOUGHLIQUID Ultra RGB,289.9,0,"{""Color"":""Black"",""Fan RPM"":""500 - 2000 RPM"",""Noise Level"":""30.7 dB"",""Radiator Size"":""420 mm""}",https://cdna.pcpartpicker.com/static/forever/images/product/003e23d113f8b1ae0c20222f0dce374c.256p.jpg
쿨러,Thermaltake,Thermaltake TH360 V2 Ultra ARGB Sync,186.36,0,"{""Color"":""Blue \/ White"",""Fan RPM"":""500 - 1800 RPM"",""Noise Level"":""25.8 dB"",""Radiator Size"":""360 mm""}",https://m.media-amazon.com/images/I/41DdYctJzEL.jpg
쿨러,Thermalright,Thermalright Peerless Assassin 120 SE,46.9,159,"{""Color"":""Black \/ Silver"",""Fan RPM"":""1550 RPM"",""Noise Level"":""25.6 dB"",""Radiator Size"":""""}",https://m.media-amazon.com/images/I/41hFTmi5aUL.jpg
쿨러,Thermalright,Thermalright Aqua Elite V3,57.61,43,"{""Color"":""Black"",""Fan RPM"":""1500 RPM"",""Noise Level"":""25.6 dB"",""Radiator Size"":""360 mm""}",https://m.media-amazon.com/images/I/318f4Q17BeL.jpg
쿨러,Thermalright,Thermalright Phantom Spirit 120 SE ARGB,32.49,83,"{""Color"":""Black \/ Silver"",""Fan RPM"":""1500 RPM"",""Noise Level"":""25.6 dB"",""Radiator Size"":""""}",https://m.media-amazon.com/images/I/51KizlEeQZL.jpg
쿨러,Thermalright,Thermalright Aqua Elite V3,46.89,24,"{""Color"":""Black"",""Fan RPM"":""1500 RPM"",""Noise Level"":""25.6 dB"",""Radiator Size"":""240 mm""}",https://m.media-amazon.com/images/I/41pZVxhhiWL.jpg
쿨러,Thermalright,Thermalright Phantom Spirit 120 SE,37.36,94,"{""Color"":""Black \/ Silver"",""Fan RPM"":""1500 RPM"",""Noise Level"":""25.6 dB"",""Radiator Size"":""""}",https://m.media-amazon.com/images/I/51kJe8EOqjL.jpg
쿨러,Thermalright,Thermalright Peerless Assassin 120 SE ARGB,32.83,71,"{""Color"":""Black"",""Fan RPM"":""1550 RPM"",""Noise Level"":""25.6 dB"",""Radiator Size"":""""}",https://cdna.pcpartpicker.com/static/forever/images/product/1e057960fccae4328fbdc13bb45bf42c.256p.jpg
쿨러,Thermalright,Thermalright Assassin X SE,21.94,8,"{""Color"":""Black \/ Silver"",""Fan RPM"":""2200 RPM"",""Noise Level"":""23.85 dB"",""Radiator Size"":""""}",https://m.media-amazon.com/images/I/41aQSKl8SfL.jpg
쿨러,Thermalright,Thermalright Phantom Spirit EVO,54.68,47,"{""Color"":""Black"",""Fan RPM"":""2150 RPM"",""Noise Level"":""27 dB"",""Radiator Size"":""""}",https://cdna.pcpartpicker.com/static/forever/images/product/df16c34a7f230bb2f6848cd90c87e0fb.256p.jpg
쿨러,Thermalright,Thermalright Frozen Infinity 360 ARGB,56.06,15,"{""Color"":""White"",""Fan RPM"":""2000 RPM"",""Noise Level"":""28.2 dB"",""Radiator Size"":""360 mm""}",https://m.media-amazon.com/images/I/41m0Oop3ddL.jpg
쿨러,Thermalright,Thermalright Assassin Spirit 120 EVO,19.96,20,"{""Color"":""Black"",""Fan RPM"":""2000 RPM"",""Noise Level"":""28.2 dB"",""Radiator Size"":""""}",https://m.media-amazon.com/images/I/41595fJKAOL.jpg
쿨러,Thermalright,Thermalright Frozen Notte ARGB,44.74,33,"{""Color"":""Black"",""Fan RPM"":""2000 RPM"",""Noise Level"":""27.7 dB"",""Radiator Size"":""360 mm""}",https://cdna.pcpartpicker.com/static/forever/images/product/315dec7805c5f01538f5748620fddffa.256p.jpg
쿨러,Thermalright,Thermalright Assassin X 120 R Digital ARGB,33.9,10,"{""Color"":""Black"",""Fan RPM"":""2000 RPM"",""Noise Level"":""29.8 dB"",""Radiator Size"":""""}",https://m.media-amazon.com/images/I/41-Cw6pz6eL.jpg
쿨러,Thermalright,Thermalright AXP90-X36,41.9,6,"{""Color"":""Gray"",""Fan RPM"":""2700 RPM"",""Noise Level"":""22.4 dB"",""Radiator Size"":""""}",https://m.media-amazon.com/images/I/41Hsrx24RFL.jpg
쿨러,Thermalright,Thermalright Frozen Infinity 360 ARGB,48.75,16,"{""Color"":""Black"",""Fan RPM"":""2000 RPM"",""Noise Level"":""28.2 dB"",""Radiator Size"":""360 mm""}",https://m.media-amazon.com/images/I/41vk2A72I3L.jpg
쿨러,Thermalright,Thermalright Assassin X 120 R Digital ARGB,33.9,3,"{""Color"":""White"",""Fan RPM"":""2000 RPM"",""Noise Level"":""29.8 dB"",""Radiator Size"":""""}",https://m.media-amazon.com/images/I/41Sucqk+44L.jpg
쿨러,Thermalright,Thermalright Frozen Prism,62.9,4,"{""Color"":""Black"",""Fan RPM"":""1850 RPM"",""Noise Level"":""27 dB"",""Radiator Size"":""360 mm""}",https://m.media-amazon.com/images/I/31EaXT2Hm7L.jpg
쿨러,Thermalright,Thermalright Assassin X Refined SE ARGB,26.9,9,"{""Color"":""Black \/ Silver"",""Fan RPM"":""1550 RPM"",""Noise Level"":""25.6 dB"",""Radiator Size"":""""}",https://cdna.pcpartpicker.com/static/forever/images/product/5008fe1e42870ed35b2bf39c1a1e90c9.256p.jpg
쿨러,Thermalright,Thermalright Peerless Assassin 120 SE,34.2,14,"{""Color"":""Black"",""Fan RPM"":""1550 RPM"",""Noise Level"":""25.6 dB"",""Radiator Size"":""""}",https://cdna.pcpartpicker.com/static/forever/images/product/3afac8c21d56648a54bd054502c7eae2.256p.jpg
쿨러,Thermalright,Thermalright Peerless Assassin 120 SE V3,39.9,5,"{""Color"":""Black \/ Silver"",""Fan RPM"":""2000 RPM"",""Noise Level"":""29.8 dB"",""Radiator Size"":""""}",https://m.media-amazon.com/images/I/41FtwyZWlSL.jpg
쿨러,Thermalright,Thermalright Aqua Elite V3,34.2,2,"{""Color"":""Black"",""Fan RPM"":""1500 RPM"",""Noise Level"":""25.6 dB"",""Radiator Size"":""120 mm""}",https://m.media-amazon.com/images/I/41yi73SmCvL.jpg
쿨러,Cooler Master,Cooler Master Hyper 212 Black Edition,33.2,198,"{""Color"":""Black"",""Fan RPM"":""650 - 2000 RPM"",""Noise Level"":""6.5 - 26 dB"",""Radiator Size"":""""}",https://cdna.pcpartpicker.com/static/forever/images/product/716d4c601ae190184020710e098e7b36.256p.jpg
쿨러,Cooler Master,Cooler Master Hyper 212 Spectrum V3,24.94,17,"{""Color"":""Black \/ Silver"",""Fan RPM"":""650 - 1750 RPM"",""Noise Level"":""27.2 dB"",""Radiator Size"":""""}",https://cdna.pcpartpicker.com/static/forever/images/product/99c2387300d7c25362407dbfeef14536.256p.jpg
쿨러,Cooler Master,Cooler Master MasterLiquid 360L Core ARGB,93.38,24,"{""Color"":""Black"",""Fan RPM"":""350 - 1750 RPM"",""Noise Level"":""27.2 dB"",""Radiator Size"":""360 mm""}",https://cdna.pcpartpicker.com/static/forever/images/product/17af431eeae6b8cc280717a7f3bf3da3.256p.jpg
쿨러,Cooler Master,Cooler Master Hyper 212 RGB Black Edition,74.69,241,"{""Color"":""Black"",""Fan RPM"":""650 - 2000 RPM"",""Noise Level"":""8 - 30 dB"",""Radiator Size"":""""}",https://cdna.pcpartpicker.com/static/forever/images/product/16dca5ad82a279a9232b0cbcb6ed71bf.256p.jpg
쿨러,Cooler Master,Cooler Master MasterLiquid 240L Core ARGB,72.85,9,"{""Color"":""Black"",""Fan RPM"":""350 - 1750 RPM"",""Noise Level"":""27.2 dB"",""Radiator Size"":""240 mm""}",https://cdna.pcpartpicker.com/static/forever/images/product/6bda3e4685a8a28b5cd9d04ef76eb46b.256p.jpg
쿨러,Cooler Master,Cooler Master MASTERLIQUID ML240L RGB V2,88.5,122,"{""Color"":""Black"",""Fan RPM"":""650 - 1800 RPM"",""Noise Level"":""6 - 27 dB"",""Radiator Size"":""240 mm""}",https://cdna.pcpartpicker.com/static/forever/images/product/5b6a5e7f4cf456ccf6415235cf7adc99.256p.jpg
쿨러,Cooler Master,Cooler Master Hyper 212 Pro,31.94,1,"{""Color"":""Black"",""Fan RPM"":""690 - 2500 RPM"",""Noise Level"":""32.8 dB"",""Radiator Size"":""""}",https://m.media-amazon.com/images/I/41OSDfNYM6L.jpg
쿨러,Cooler Master,Cooler Master Hyper 212 EVO,194.01,1424,"{""Color"":"""",""Fan RPM"":""600 - 2000 RPM"",""Noise Level"":""9 - 36 dB"",""Radiator Size"":""""}",https://cdna.pcpartpicker.com/static/forever/images/product/ddea57de9797549e80d05fb3acb2e83d.med.256p.jpg
쿨러,Cooler Master,Cooler Master Hyper 212 (2023),23.99,13,"{""Color"":""Black"",""Fan RPM"":""690 - 2500 RPM"",""Noise Level"":""32.8 dB"",""Radiator Size"":""""}",https://cdna.pcpartpicker.com/static/forever/images/product/3019d492bb40655131e966a12433e19c.256p.jpg
쿨러,Cooler Master,Cooler Master MasterLiquid 240 ATMOS Stealth,98.61,1,"{""Color"":""Black"",""Fan RPM"":""1 - 2400 RPM"",""Noise Level"":""30 dB"",""Radiator Size"":""240 mm""}",https://cdna.pcpartpicker.com/static/forever/images/product/63c69817c80eecf861cfc2b24d76c75e.256p.jpg
쿨러,Cooler Master,Cooler Master MasterLiquid 360L Core ARGB,90.26,10,"{""Color"":""White"",""Fan RPM"":""350 - 1750 RPM"",""Noise Level"":""27.2 dB"",""Radiator Size"":""360 mm""}",https://cdna.pcpartpicker.com/static/forever/images/product/dec86c79e7955fc437dcc08ef38a8445.256p.jpg
쿨러,Cooler Master,Cooler Master MasterLiquid 360 Atmos,113.0,2,"{""Color"":""Black"",""Fan RPM"":""690 - 2500 RPM"",""Noise Level"":""27.2 dB"",""Radiator Size"":""360 mm""}",https://cdna.pcpartpicker.com/static/forever/images/product/1f83b39742ea2f6a259c167218439a95.256p.jpg
쿨러,Cooler Master,Cooler Master Hyper 212 Halo,43.02,17,"{""Color"":""Black"",""Fan RPM"":""650 - 2050 RPM"",""Noise Level"":""27 dB"",""Radiator Size"":""""}",https://cdna.pcpartpicker.com/static/forever/images/product/240fb0c07a7eecd84ed0582d147ea50a.256p.jpg
쿨러,Cooler Master,Cooler Master MasterLiquid ML360 Illusion,103.02,9,"{""Color"":""Black \/ Silver"",""Fan RPM"":""650 - 1800 RPM"",""Noise Level"":""6 - 30 dB"",""Radiator Size"":""360 mm""}",https://cdna.pcpartpicker.com/static/forever/images/product/973eb581b6a61a8947cce55e123949bd.256p.jpg
쿨러,Cooler Master,Cooler Master Hyper 612 APEX,57.6,3,"{""Color"":""Black"",""Fan RPM"":"""",""Noise Level"":""30 dB"",""Radiator Size"":""""}",https://cdna.pcpartpicker.com/static/forever/images/product/0e93f850d001bc32bcee54a9ea16ca9b.256p.jpg
쿨러,Cooler Master,Cooler Master Hyper 212 3DHP ARGB,34.45,1,"{""Color"":""Black"",""Fan RPM"":"""",""Noise Level"":""22.6 dB"",""Radiator Size"":""""}",https://cdna.pcpartpicker.com/static/forever/images/product/242eb36db00b711ac41471b5418ad1cd.256p.jpg
쿨러,Cooler Master,Cooler Master MasterLiquid 360 ATMOS Stealth,97.23,1,"{""Color"":""Black"",""Fan RPM"":""1 - 2400 RPM"",""Noise Level"":""30 dB"",""Radiator Size"":""360 mm""}",https://m.media-amazon.com/images/I/3141Zp4aEmL.jpg
쿨러,Cooler Master,Cooler Master MasterLiquid 240L Core ARGB,73.29,3,"{""Color"":""White"",""Fan RPM"":""350 - 1750 RPM"",""Noise Level"":""27.2 dB"",""Radiator Size"":""240 mm""}",https://cdna.pcpartpicker.com/static/forever/images/product/eded209618d7c6c5bf697c1c74dd7fe9.256p.jpg
쿨러,Cooler Master,Cooler Master Hyper 212 Halo,43.98,6,"{""Color"":""White"",""Fan RPM"":""650 - 2050 RPM"",""Noise Level"":""27 dB"",""Radiator Size"":""""}",https://cdna.pcpartpicker.com/static/forever/images/product/1ffb7433a49469d3f23aec21d63041d9.256p.jpg
쿨러,Cooler Master,Cooler Master MasterLiquid 240 Atmos,96.06,14,"{""Color"":""Black"",""Fan RPM"":""690 - 2500 RPM"",""Noise Level"":""27.2 dB"",""Radiator Size"":""240 mm""}",https://cdna.pcpartpicker.com/static/forever/images/product/7879068c05667f6e0708d626ad00fe26.256p.jpg
쿨러,Deepcool,Deepcool AK400,43.65,33,"{""Color"":""Black \/ Silver"",""Fan RPM"":""500 - 1850 RPM"",""Noise Level"":""29 dB"",""Radiator Size"":""""}",https://cdna.pcpartpicker.com/static/forever/images/product/f11e54d5a812379d28e34bc51143332b.256p.jpg
쿨러,Deepcool,Deepcool AK620 ZERO DARK,68.4,42,"{""Color"":""Black"",""Fan RPM"":""500 - 1850 RPM"",""Noise Level"":""28 dB"",""Radiator Size"":""""}",https://cdna.pcpartpicker.com/static/forever/images/product/048ee8d7e1ab67674cc0aac0e4e0e281.256p.jpg
쿨러,Deepcool,Deepcool AK620,70.0,55,"{""Color"":""Black \/ Silver"",""Fan RPM"":""500 - 1850 RPM"",""Noise Level"":""28 dB"",""Radiator Size"":""""}",https://cdna.pcpartpicker.com/static/forever/images/product/05c27ddf4caf6b0d585bc03e41b8e7ee.256p.jpg
쿨러,Deepcool,Deepcool LE360 V2,71.17,3,"{""Color"":""Black"",""Fan RPM"":""500 - 2100 RPM"",""Noise Level"":""31.6 dB"",""Radiator Size"":""360 mm""}",https://cdna.pcpartpicker.com/static/forever/images/product/cdf9116808842d19dc032e3a3a4f71fa.256p.jpg
쿨러,Deepcool,Deepcool AG400,28.69,10,"{""Color"":""Black \/ Silver"",""Fan RPM"":""500 - 2000 RPM"",""Noise Level"":""31.6 dB"",""Radiator Size"":""""}",https://cdna.pcpartpicker.com/static/forever/images/product/8542f130e5be0c87e58e7e26be7a2ccd.256p.jpg
쿨러,Deepcool,Deepcool AK620 DIGITAL,64.99,12,"{""Color"":""Black"",""Fan RPM"":""500 - 1850 RPM"",""Noise Level"":""28 dB"",""Radiator Size"":""""}",https://cdna.pcpartpicker.com/static/forever/images/product/e0f646f05ca57372374cf39b3b34a1c3.256p.jpg
쿨러,Deepcool,Deepcool AK400 DIGITAL,36.99,18,"{""Color"":""Black"",""Fan RPM"":""500 - 1850 RPM"",""Noise Level"":""28 dB"",""Radiator Size"":""""}",https://cdna.pcpartpicker.com/static/forever/images/product/cdd47d524615ffee254da2f4010c0562.256p.jpg
쿨러,Deepcool,Deepcool ASSASSIN IV,84.99,12,"{""Color"":""Black"",""Fan RPM"":""500 - 1700 RPM"",""Noise Level"":""22.6 - 29.3 dB"",""Radiator Size"":""""}",https://cdna.pcpartpicker.com/static/forever/images/product/48b85a3acc39adeb07b6acb12d1e10b6.256p.jpg
쿨러,Deepcool,Deepcool MYSTIQUE 360,79.99,5,"{""Color"":""Black"",""Fan RPM"":""500 - 2150 RPM"",""Noise Level"":""36.49 dB"",""Radiator Size"":""360 mm""}",https://cdna.pcpartpicker.com/static/forever/images/product/2ebe54999faaba93c3e8fbb919aba240.256p.jpg
쿨러,Deepcool,Deepcool LE240 V2,59.99,1,"{""Color"":""Black"",""Fan RPM"":""500 - 2100 RPM"",""Noise Level"":""31.6 dB"",""Radiator Size"":""240 mm""}",https://cdna.pcpartpicker.com/static/forever/images/product/4651f53d0608592d86058bdfa67a050f.256p.jpg
쿨러,Deepcool,Deepcool AG200,26.67,2,"{""Color"":""Black \/ Silver"",""Fan RPM"":""500 - 3050 RPM"",""Noise Level"":""30.5 dB"",""Radiator Size"":""""}",https://cdna.pcpartpicker.com/static/forever/images/product/2a3efa7e128926eada03042cf24e1e6d.256p.jpg
쿨러,Deepcool,Deepcool AK400 ZERO DARK,37.69,11,"{""Color"":""Black"",""Fan RPM"":""500 - 1850 RPM"",""Noise Level"":""29 dB"",""Radiator Size"":""""}",https://cdna.pcpartpicker.com/static/forever/images/product/0969db68c5d36df3d025d4b88993d681.256p.jpg
쿨러,Deepcool,Deepcool R-LM360-BKDMMC-1,89.99,0,"{""Color"":""Black"",""Fan RPM"":""400 - 2400 RPM"",""Noise Level"":""36.07 dB"",""Radiator Size"":""360 mm""}",https://cdna.pcpartpicker.com/static/forever/images/product/8b53788cc9bbd85b0567c571b4089c75.256p.jpg
쿨러,Deepcool,Deepcool LE360 V2,71.8,0,"{""Color"":""White"",""Fan RPM"":""500 - 2100 RPM"",""Noise Level"":""31.6 dB"",""Radiator Size"":""360 mm""}",https://cdna.pcpartpicker.com/static/forever/images/product/fad7f18aa9fe01c05df045eeb6dba348.256p.jpg
쿨러,Deepcool,Deepcool ASSASSIN IV VC VISION,121.8,0,"{""Color"":""Black"",""Fan RPM"":""500 - 1800 RPM"",""Noise Level"":""29.3 dB"",""Radiator Size"":""""}",https://cdna.pcpartpicker.com/static/forever/images/product/e0c59e3b18647c867332193eec883bed.256p.jpg
쿨러,Deepcool,Deepcool AK500 ZERO DARK,50.19,13,"{""Color"":""Black"",""Fan RPM"":""500 - 1850 RPM"",""Noise Level"":""25.9 - 31.5 dB"",""Radiator Size"":""""}",https://cdna.pcpartpicker.com/static/forever/images/product/63ca6be3a442b69d6033ca3a31231a21.256p.jpg
쿨러,Deepcool,Deepcool AK400,36.98,16,"{""Color"":""White"",""Fan RPM"":""500 - 1850 RPM"",""Noise Level"":""29 dB"",""Radiator Size"":""""}",https://cdna.pcpartpicker.com/static/forever/images/product/c7b02e065c81e7fa94dcf945c388449a.256p.jpg
쿨러,Deepcool,Deepcool MYSTIQUE 240,74.99,1,"{""Color"":""Black"",""Fan RPM"":""500 - 2150 RPM"",""Noise Level"":""36.49 dB"",""Radiator Size"":""240 mm""}",https://cdna.pcpartpicker.com/static/forever/images/product/b3b667d5bf68cf26600cd97baaa61303.256p.jpg
쿨러,Deepcool,Deepcool ASSASSIN IV,84.98,4,"{""Color"":""White"",""Fan RPM"":""500 - 1700 RPM"",""Noise Level"":""22.6 - 29.3 dB"",""Radiator Size"":""""}",https://cdna.pcpartpicker.com/static/forever/images/product/eb28066a0f31df8932207001666a2253.256p.jpg
쿨러,Deepcool,Deepcool AG300,23.69,1,"{""Color"":""Black \/ Silver"",""Fan RPM"":""500 - 3050 RPM"",""Noise Level"":""30.5 dB"",""Radiator Size"":""""}",https://cdna.pcpartpicker.com/static/forever/images/product/f081af159c0c28a944da061775f784a5.256p.jpg
쿨러,be quiet!,be quiet! Dark Rock Pro 5,92.32,22,"{""Color"":""Black"",""Fan RPM"":""1300 - 2000 RPM"",""Noise Level"":""8.9 - 23.3 dB"",""Radiator Size"":""""}",https://cdna.pcpartpicker.com/static/forever/images/product/a0191a4cb06d0077eab9a260cc759c8b.256p.jpg
쿨러,be quiet!,be quiet! Pure Rock 3,35.99,1,"{""Color"":""Black"",""Fan RPM"":""2000 RPM"",""Noise Level"":""12.4 - 31.2 dB"",""Radiator Size"":""""}",https://cdna.pcpartpicker.com/static/forever/images/product/0c15d5db66e04ad50dd39228ced3a511.256p.jpg
쿨러,be quiet!,be quiet! Silent Loop 3,127.8,8,"{""Color"":""Black"",""Fan RPM"":""2500 RPM"",""Noise Level"":""19.8 - 38.8 dB"",""Radiator Size"":""360 mm""}",https://cdna.pcpartpicker.com/static/forever/images/product/8a277ab7166d97b45d51dcd463ebdf05.256p.jpg
쿨러,be quiet!,be quiet! Pure Rock Pro 3,50.41,4,"{""Color"":""Black"",""Fan RPM"":""2000 RPM"",""Noise Level"":""14 - 34.8 dB"",""Radiator Size"":""""}",https://cdna.pcpartpicker.com/static/forever/images/product/adc1a4087a4dd593fe49b79e6373bfd4.256p.jpg
쿨러,be quiet!,be quiet! Silent Loop 3,134.8,6,"{""Color"":""Black"",""Fan RPM"":""1900 RPM"",""Noise Level"":""19.4 - 34.3 dB"",""Radiator Size"":""420 mm""}",https://cdna.pcpartpicker.com/static/forever/images/product/db396e34666ddd8c969793de517feb28.256p.jpg
쿨러,be quiet!,be quiet! Dark Rock 5,67.66,4,"{""Color"":""Black"",""Fan RPM"":""2100 RPM"",""Noise Level"":""11.9 - 29.8 dB"",""Radiator Size"":""""}",https://cdna.pcpartpicker.com/static/forever/images/product/7b7e8cf40e763260dde7362ecc53ce5c.256p.jpg
쿨러,be quiet!,be quiet! Pure Rock Slim 2,30.61,22,"{""Color"":""Black \/ Silver"",""Fan RPM"":"""",""Noise Level"":""13.1 - 25.4 dB"",""Radiator Size"":""""}",https://cdna.pcpartpicker.com/static/forever/images/product/98bb44b33e99e3c03b12d76609433d62.256p.jpg
쿨러,be quiet!,be quiet! Pure Loop 2 FX,79.06,6,"{""Color"":""Black"",""Fan RPM"":"""",""Noise Level"":""8 - 34 dB"",""Radiator Size"":""360 mm""}",https://cdna.pcpartpicker.com/static/forever/images/product/4684db93dca8ab922b9b09d0fa90ddf1.256p.jpg
쿨러,be quiet!,be quiet! Silent Loop 3,106.8,5,"{""Color"":""Black"",""Fan RPM"":""2500 RPM"",""Noise Level"":""18.7 - 36.9 dB"",""Radiator Size"":""240 mm""}",https://cdna.pcpartpicker.com/static/forever/images/product/f3cf61bb2203dc2dd900218a721f7f2f.256p.jpg
쿨러,be quiet!,be quiet! Pure Loop 3,97.8,1,"{""Color"":""Black"",""Fan RPM"":""2100 RPM"",""Noise Level"":""17.6 - 37.2 dB"",""Radiator Size"":""360 mm""}",https://cdna.pcpartpicker.com/static/forever/images/product/e3a2b8cdc55571e5e866b5f882f72597.256p.jpg
쿨러,be quiet!,be quiet! Pure Rock LP,54.41,2,"{""Color"":""Black"",""Fan RPM"":""2500 RPM"",""Noise Level"":"""",""Radiator Size"":""""}",https://cdna.pcpartpicker.com/static/forever/images/product/7023a0631b1f27739ac6d15b4d41d6db.256p.jpg
쿨러,be quiet!,be quiet! Dark Rock Elite,88.99,4,"{""Color"":""Black"",""Fan RPM"":""1500 - 2000 RPM"",""Noise Level"":""11 - 25.8 dB"",""Radiator Size"":""""}",https://cdna.pcpartpicker.com/static/forever/images/product/dc3b736cb12f53d2b02b8fd652f3172f.256p.jpg
쿨러,be quiet!,be quiet! Pure Loop 3,80.65,1,"{""Color"":""Black"",""Fan RPM"":""2100 RPM"",""Noise Level"":""15.4 - 35.2 dB"",""Radiator Size"":""240 mm""}",https://cdna.pcpartpicker.com/static/forever/images/product/17bc179555a120aa2041f254ffcfe6df.256p.jpg
쿨러,be quiet!,be quiet! Pure Rock Pro 3 LX,44.06,5,"{""Color"":""Black"",""Fan RPM"":""2000 RPM"",""Noise Level"":""14 - 34.8 dB"",""Radiator Size"":""""}",https://cdna.pcpartpicker.com/static/forever/images/product/f8e58ac8b629760758480d7cc22ad020.256p.jpg
쿨러,be quiet!,be quiet! Pure Loop 3,94.44,1,"{""Color"":""Black"",""Fan RPM"":""1800 RPM"",""Noise Level"":""16.5 - 36.6 dB"",""Radiator Size"":""280 mm""}",https://cdna.pcpartpicker.com/static/forever/images/product/9d79831f987a13299e2a2dc0ebf1fb59.256p.jpg
쿨러,be quiet!,be quiet! Light Loop,122.8,7,"{""Color"":""Black"",""Fan RPM"":""1500 - 2900 RPM"",""Noise Level"":""17.2 - 36.8 dB"",""Radiator Size"":""360 mm""}",https://cdna.pcpartpicker.com/static/forever/images/product/1099d7ff04fd6bcc7cfcfccaa12a67bb.256p.jpg
쿨러,be quiet!,be quiet! Light Loop,127.8,5,"{""Color"":""White"",""Fan RPM"":""1500 - 2900 RPM"",""Noise Level"":""17.2 - 36.8 dB"",""Radiator Size"":""360 mm""}",https://cdna.pcpartpicker.com/static/forever/images/product/59d57a4a64843e3d19b28e7903da4f0c.256p.jpg
쿨러,be quiet!,be quiet! Pure Loop 2 FX,90.2,9,"{""Color"":""Black"",""Fan RPM"":"""",""Noise Level"":""8 - 32.3 dB"",""Radiator Size"":""240 mm""}",https://cdna.pcpartpicker.com/static/forever/images/product/3bfc6ff48aa07a12ee2d30f80b687a61.256p.jpg
쿨러,be quiet!,be quiet! Pure Loop 3 LX,92.8,1,"{""Color"":""Black"",""Fan RPM"":""2100 RPM"",""Noise Level"":""17.3 - 36.9 dB"",""Radiator Size"":""360 mm""}",https://cdna.pcpartpicker.com/static/forever/images/product/252b12f2eccbe3d3b0f355020081b11e.256p.jpg
쿨러,be quiet!,be quiet! Dark Rock Slim,61.22,29,"{""Color"":""Black"",""Fan RPM"":""1500 RPM"",""Noise Level"":""11 - 23.6 dB"",""Radiator Size"":""""}",https://cdna.pcpartpicker.com/static/forever/images/product/e54422fa9f63e8876b7bf51ef19ddb13.256p.jpg
파워,Corsair,Corsair SF1000 (2024),192.98,41,"{""Color"":""Black"",""Efficiency Rating"":""80+ Platinum"",""Modular"":""Full"",""Type"":""SFX"",""Wattage"":""1000 W""}",https://cdna.pcpartpicker.com/static/forever/images/product/0dd4e1eecc238b78a3b4abfa14af9d50.256p.jpg
파워,Corsair,Corsair RM850e (2025),89.99,35,"{""Color"":""Black"",""Efficiency Rating"":"""",""Modular"":""Full"",""Type"":""ATX"",""Wattage"":""850 W""}",https://cdna.pcpartpicker.com/static/forever/images/product/3fa3c80c1defc487364f6bdaf2670b1e.256p.jpg
파워,Corsair,Corsair RM750e (2025),84.99,19,"{""Color"":""Black"",""Efficiency Rating"":"""",""Modular"":""Full"",""Type"":""ATX"",""Wattage"":""750 W""}",https://cdna.pcpartpicker.com/static/forever/images/product/8307e191cd38a81dc5dcf709432e21e0.256p.jpg
파워,Corsair,Corsair RM1000x (2024),177.8,49,"{""Color"":""Black"",""Efficiency Rating"":"""",""Modular"":""Full"",""Type"":""ATX"",""Wattage"":""1000 W""}",https://cdna.pcpartpicker.com/static/forever/images/product/8bc2cb01b2a5875aa983b4cc5be68221.256p.jpg
파워,Corsair,Corsair SF750 (2024),159.99,42,"{""Color"":""Black"",""Efficiency Rating"":""80+ Platinum"",""Modular"":""Full"",""Type"":""SFX"",""Wattage"":""750 W""}",https://cdna.pcpartpicker.com/static/forever/images/product/e297517330e5a91ec38e95b9377df1a0.256p.jpg
파워,Corsair,Corsair RM850x (2024),136.02,54,"{""Color"":""Black"",""Efficiency Rating"":"""",""Modular"":""Full"",""Type"":""ATX"",""Wattage"":""850 W""}",https://cdna.pcpartpicker.com/static/forever/images/product/1e3308cded9a7c92a8dba6b2be976bcc.256p.jpg
파워,Corsair,Corsair RM1000e (2025),119.9,12,"{""Color"":""Black"",""Efficiency Rating"":"""",""Modular"":""Full"",""Type"":""ATX"",""Wattage"":""1000 W""}",https://cdna.pcpartpicker.com/static/forever/images/product/e1a0bb0ca24bc0c2d95fea57a8c2019d.256p.jpg
파워,Corsair,Corsair SF850 (2024),159.22,33,"{""Color"":""Black"",""Efficiency Rating"":""80+ Platinum"",""Modular"":""Full"",""Type"":""SFX"",""Wattage"":""850 W""}",https://cdna.pcpartpicker.com/static/forever/images/product/016556184725a9604ae50e789f12b12c.256p.jpg
파워,Corsair,Corsair RM650e (2025),83.26,11,"{""Color"":""Black"",""Efficiency Rating"":"""",""Modular"":""Full"",""Type"":""ATX"",""Wattage"":""650 W""}",https://m.media-amazon.com/images/I/41G0n8yq8CL.jpg
파워,Corsair,Corsair HX1500i (2025),270.73,3,"{""Color"":""Black"",""Efficiency Rating"":""80+ Platinum"",""Modular"":""Full"",""Type"":""ATX"",""Wattage"":""1500 W""}",https://m.media-amazon.com/images/I/419zV-+pQ+L.jpg
파워,Corsair,Corsair RM1000e (2025),139.9,6,"{""Color"":""White"",""Efficiency Rating"":"""",""Modular"":""Full"",""Type"":""ATX"",""Wattage"":""1000 W""}",https://cdna.pcpartpicker.com/static/forever/images/product/9fc6cb597b8f13a08550ae7d3eba25bf.256p.jpg
파워,Corsair,Corsair RM850e (2025),99.0,7,"{""Color"":""White"",""Efficiency Rating"":"""",""Modular"":""Full"",""Type"":""ATX"",""Wattage"":""850 W""}",https://cdna.pcpartpicker.com/static/forever/images/product/7d68ac724aae3cabe95f98de8df643ae.256p.jpg
파워,Corsair,Corsair RM750e (2025),99.9,5,"{""Color"":""White"",""Efficiency Rating"":"""",""Modular"":""Full"",""Type"":""ATX"",""Wattage"":""750 W""}",https://cdna.pcpartpicker.com/static/forever/images/product/3b9e84b0c082af2c8d1beed2698c3a69.256p.jpg
파워,Corsair,Corsair HX1200i (2025),239.9,4,"{""Color"":""Black"",""Efficiency Rating"":""80+ Platinum"",""Modular"":""Full"",""Type"":""ATX"",""Wattage"":""1200 W""}",https://m.media-amazon.com/images/I/41639Z5b2tL.jpg
파워,Corsair,Corsair CX (2023),58.12,18,"{""Color"":""Black"",""Efficiency Rating"":""80+ Bronze"",""Modular"":""No"",""Type"":""ATX"",""Wattage"":""650 W""}",https://cdna.pcpartpicker.com/static/forever/images/product/c058ff0ffb542302d5b1c75cf8658ecd.256p.jpg
파워,Corsair,Corsair CX (2023),52.24,9,"{""Color"":""Black"",""Efficiency Rating"":""80+ Bronze"",""Modular"":""No"",""Type"":""ATX"",""Wattage"":""550 W""}",https://cdna.pcpartpicker.com/static/forever/images/product/5c9986f2ca555182c65ca3541ec840ed.256p.jpg
파워,Corsair,Corsair RM750e (2023),123.7,162,"{""Color"":""Black"",""Efficiency Rating"":""80+ Gold"",""Modular"":""Full"",""Type"":""ATX"",""Wattage"":""750 W""}",https://cdna.pcpartpicker.com/static/forever/images/product/336c7955df0312d04655dd3a13973c95.256p.jpg
파워,Corsair,Corsair RM750x (2024),128.07,9,"{""Color"":""Black"",""Efficiency Rating"":"""",""Modular"":""Full"",""Type"":""ATX"",""Wattage"":""750 W""}",https://cdna.pcpartpicker.com/static/forever/images/product/e78e01bbb56c5608fe37fc45d2fcb2b5.256p.jpg
파워,Corsair,Corsair RM850e (2023),112.9,115,"{""Color"":""Black"",""Efficiency Rating"":""80+ Gold"",""Modular"":""Full"",""Type"":""ATX"",""Wattage"":""850 W""}",https://cdna.pcpartpicker.com/static/forever/images/product/74e6caafd69bcc53d6e5060a3249248d.256p.jpg
파워,Corsair,Corsair RM1000x SHIFT,175.35,10,"{""Color"":""Black"",""Efficiency Rating"":""80+ Gold"",""Modular"":""Full \/ Side"",""Type"":""ATX"",""Wattage"":""1000 W""}",https://cdna.pcpartpicker.com/static/forever/images/product/38942a1637e7445c59b8a274492115a5.256p.jpg
파워,Thermaltake,Thermaltake Toughpower GX2,123.04,29,"{""Color"":""Black"",""Efficiency Rating"":""80+ Gold"",""Modular"":""No"",""Type"":""ATX"",""Wattage"":""600 W""}",https://cdna.pcpartpicker.com/static/forever/images/product/56f77032e78c9af99041786b5196fe91.256p.jpg
파워,Thermaltake,Thermaltake Toughpower GT,87.33,2,"{""Color"":""Black"",""Efficiency Rating"":""80+ Gold"",""Modular"":""Full"",""Type"":""ATX"",""Wattage"":""850 W""}",https://cdna.pcpartpicker.com/static/forever/images/product/35f7ab309f09ad2adf51a3971ec77948.256p.jpg
파워,Thermaltake,Thermaltake Toughpower GT,79.8,5,"{""Color"":""Black"",""Efficiency Rating"":""80+ Gold"",""Modular"":""Full"",""Type"":""ATX"",""Wattage"":""750 W""}",https://cdna.pcpartpicker.com/static/forever/images/product/6914f8a3ed878aae940965c45a0799d4.256p.jpg
파워,Thermaltake,Thermaltake Smart BM3,62.9,5,"{""Color"":""Black"",""Efficiency Rating"":""80+ Bronze"",""Modular"":""Semi"",""Type"":""ATX"",""Wattage"":""650 W""}",https://cdna.pcpartpicker.com/static/forever/images/product/4f3b7e2fa6212bc5d7addadf36fa2b1b.256p.jpg
파워,Thermaltake,Thermaltake Toughpower GF1 (2024),226.76,8,"{""Color"":""Black"",""Efficiency Rating"":""80+ Gold"",""Modular"":""Full"",""Type"":""ATX"",""Wattage"":""750 W""}",https://cdna.pcpartpicker.com/static/forever/images/product/6ee215a762a575aaa7d2df86c919eb95.256p.jpg
파워,Thermaltake,Thermaltake Toughpower GF3 TT Premium,340.05,2,"{""Color"":""Black"",""Efficiency Rating"":""80+ Gold"",""Modular"":""Full"",""Type"":""ATX"",""Wattage"":""1650 W""}",https://cdna.pcpartpicker.com/static/forever/images/product/b61e2d3e03344a41e574c2b58322d8e0.256p.jpg
파워,Thermaltake,Thermaltake Smart BM3,84.15,3,"{""Color"":""Black"",""Efficiency Rating"":""80+ Bronze"",""Modular"":""Semi"",""Type"":""ATX"",""Wattage"":""750 W""}",https://cdna.pcpartpicker.com/static/forever/images/product/59a8ac87b700bbb5773a2740925f47c1.256p.jpg
파워,Thermaltake,Thermaltake Toughpower GT,119.68,0,"{""Color"":""White"",""Efficiency Rating"":""80+ Gold"",""Modular"":""Full"",""Type"":""ATX"",""Wattage"":""750 W""}",https://cdna.pcpartpicker.com/static/forever/images/product/7c333e74cf2f01f437cd209ebe91e846.256p.jpg
파워,Thermaltake,Thermaltake Smart BM3,99.8,4,"{""Color"":""Black"",""Efficiency Rating"":""80+ Bronze"",""Modular"":""Semi"",""Type"":""ATX"",""Wattage"":""850 W""}",https://cdna.pcpartpicker.com/static/forever/images/product/4035fc9d7848a95867f6b82bb2606417.256p.jpg
파워,Thermaltake,Thermaltake Toughpower GF A3 - TT Premium Edition,153.47,3,"{""Color"":""Black"",""Efficiency Rating"":""80+ Gold"",""Modular"":""Full"",""Type"":""ATX"",""Wattage"":""850 W""}",https://cdna.pcpartpicker.com/static/forever/images/product/3ef3786cf13096d367d314e5498fffc2.256p.jpg
파워,Thermaltake,Thermaltake Toughpower GF A3 - TT Premium Edition,119.9,3,"{""Color"":""Black"",""Efficiency Rating"":""80+ Gold"",""Modular"":""Full"",""Type"":""ATX"",""Wattage"":""1050 W""}",https://cdna.pcpartpicker.com/static/forever/images/product/fde35fc1c95bec77a83fb6bebf236edb.256p.jpg
파워,Thermaltake,Thermaltake Toughpower GF A3 Snow,143.66,7,"{""Color"":""White"",""Efficiency Rating"":""80+ Gold"",""Modular"":""Full"",""Type"":""ATX"",""Wattage"":""850 W""}",https://cdna.pcpartpicker.com/static/forever/images/product/f9f65f8de59f21fde47414034b68536c.256p.jpg
파워,Thermaltake,Thermaltake Toughpower GF1 ARGB,69.9,1,"{""Color"":"""",""Efficiency Rating"":""80+ Gold"",""Modular"":""Full"",""Type"":""ATX"",""Wattage"":""650 W""}",https://cdna.pcpartpicker.com/static/forever/images/product/1c8de6a74ea9a52f3ad7f11dfad34751.256p.jpg
파워,Thermaltake,Thermaltake Toughpower GT,182.8,0,"{""Color"":""Black"",""Efficiency Rating"":""80+ Gold"",""Modular"":""Full"",""Type"":""ATX"",""Wattage"":""1000 W""}",https://cdna.pcpartpicker.com/static/forever/images/product/60e35be62356f8c736ed5ffcca6ba836.256p.jpg
파워,Thermaltake,Thermaltake Toughpower GF3 Snow,244.9,3,"{""Color"":""White"",""Efficiency Rating"":""80+ Gold"",""Modular"":""Full"",""Type"":""ATX"",""Wattage"":""1200 W""}",https://m.media-amazon.com/images/I/41qanwg0rvL.jpg
파워,Thermaltake,Thermaltake Toughpower GF3 TT Premium,166.8,10,"{""Color"":""Black"",""Efficiency Rating"":""80+ Gold"",""Modular"":""Full"",""Type"":""ATX"",""Wattage"":""1000 W""}",https://cdna.pcpartpicker.com/static/forever/images/product/6d48de719caa79176caf445a9f7ecc85.256p.jpg
파워,Thermaltake,Thermaltake Toughpower GF3 TT Premium,160.57,1,"{""Color"":""Black"",""Efficiency Rating"":""80+ Gold"",""Modular"":""Full"",""Type"":""ATX"",""Wattage"":""1350 W""}",https://cdna.pcpartpicker.com/static/forever/images/product/b422e4dfe6da14ae8eff69a9dc7cbc9c.256p.jpg
파워,Thermaltake,Thermaltake Toughpower GF A3 Snow,119.9,15,"{""Color"":""White"",""Efficiency Rating"":""80+ Gold"",""Modular"":""Full"",""Type"":""ATX"",""Wattage"":""1050 W""}",https://cdna.pcpartpicker.com/static/forever/images/product/f8517a9b576c3320af532ce509a9efc3.256p.jpg
파워,Thermaltake,Thermaltake Toughpower GX3,101.8,0,"{""Color"":""Black"",""Efficiency Rating"":""80+ Gold"",""Modular"":""No"",""Type"":""ATX"",""Wattage"":""850 W""}",https://cdna.pcpartpicker.com/static/forever/images/product/03cee934ee7fb2e5a45fe58adb3772f3.256p.jpg
파워,Thermaltake,Thermaltake Smart W3,77.34,0,"{""Color"":""Black"",""Efficiency Rating"":""80+"",""Modular"":""No"",""Type"":""ATX"",""Wattage"":""700 W""}",https://cdna.pcpartpicker.com/static/forever/images/product/cd64e71ae0902ee715c7d695b32eb0aa.256p.jpg
파워,Cooler Master,Cooler Master V850 SFX GOLD,162.61,55,"{""Color"":""Black"",""Efficiency Rating"":""80+ Gold"",""Modular"":""Full"",""Type"":""SFX"",""Wattage"":""850 W""}",https://cdna.pcpartpicker.com/static/forever/images/product/bd2577c6ecabce9f78526a09410351e0.256p.jpg
파워,Cooler Master,Cooler Master MWE Gold 850 V3,115.36,3,"{""Color"":""Black"",""Efficiency Rating"":""80+ Gold"",""Modular"":""Full"",""Type"":""ATX"",""Wattage"":""850 W""}",https://cdna.pcpartpicker.com/static/forever/images/product/ba3f1ee18ce6535b90116201b175bbef.256p.jpg
파워,Cooler Master,Cooler Master MWE Gold V3,64.99,2,"{""Color"":""Black"",""Efficiency Rating"":""80+ Gold"",""Modular"":""No"",""Type"":""ATX"",""Wattage"":""650 W""}",https://cdna.pcpartpicker.com/static/forever/images/product/d839175b272fa3a5f76a7844a79a05f4.256p.jpg
파워,Cooler Master,Cooler Master MWE Gold V3,69.99,0,"{""Color"":""Black"",""Efficiency Rating"":""80+ Gold"",""Modular"":""No"",""Type"":""ATX"",""Wattage"":""750 W""}",https://cdna.pcpartpicker.com/static/forever/images/product/8f84152d773d8c3eaf4fbc13c1b9066e.256p.jpg
파워,Cooler Master,Cooler Master MWE GOLD 750 V2 FULL MODULAR,89.39,24,"{""Color"":""Black"",""Efficiency Rating"":""80+ Gold"",""Modular"":""Full"",""Type"":""ATX"",""Wattage"":""750 W""}",https://cdna.pcpartpicker.com/static/forever/images/product/14006f097772a18096431e1627300499.256p.jpg
파워,Cooler Master,Cooler Master MWE Bronze 650 V3 230V,59.98,1,"{""Color"":""Black"",""Efficiency Rating"":""80+ Bronze"",""Modular"":""No"",""Type"":""ATX"",""Wattage"":""650 W""}",https://cdna.pcpartpicker.com/static/forever/images/product/24334985b6ed3173495aab3744b6d9de.256p.jpg
파워,Cooler Master,Cooler Master V SFX Gold ATX 3.1,149.94,1,"{""Color"":""Black"",""Efficiency Rating"":""80+ Gold"",""Modular"":""Full"",""Type"":""SFX"",""Wattage"":""850 W""}",https://m.media-amazon.com/images/I/41MAqqlFZmL.jpg
파워,Cooler Master,Cooler Master MWE Gold V3,79.98,0,"{""Color"":""Black"",""Efficiency Rating"":""80+ Gold"",""Modular"":""No"",""Type"":""ATX"",""Wattage"":""850 W""}",https://cdna.pcpartpicker.com/static/forever/images/product/9300bb38aa9e0730c05837a1181f190c.256p.jpg
파워,Cooler Master,Cooler Master MWE Gold V2 ATX 3.1,129.99,0,"{""Color"":""Black"",""Efficiency Rating"":""80+ Gold"",""Modular"":""Full"",""Type"":""ATX"",""Wattage"":""1050 W""}",https://cdna.pcpartpicker.com/static/forever/images/product/d02cdd5ede71a958cc789745f1760692.256p.jpg
파워,Cooler Master,Cooler Master MWE Bronze 750 V3 230V,69.01,0,"{""Color"":""Black"",""Efficiency Rating"":""80+ Bronze"",""Modular"":""No"",""Type"":""ATX"",""Wattage"":""750 W""}",https://cdna.pcpartpicker.com/static/forever/images/product/90ffdff83511b0f42131330356baba97.256p.jpg
파워,Cooler Master,Cooler Master GX III GOLD,160.9,1,"{""Color"":""Black \/ Purple"",""Efficiency Rating"":""80+ Gold"",""Modular"":""Full"",""Type"":""ATX"",""Wattage"":""750 W""}",https://m.media-amazon.com/images/I/41PzfcDUxCL.jpg
파워,Cooler Master,Cooler Master MWE Bronze V2,72.98,9,"{""Color"":""Black"",""Efficiency Rating"":""80+ Bronze"",""Modular"":""No"",""Type"":""ATX"",""Wattage"":""650 W""}",https://cdna.pcpartpicker.com/static/forever/images/product/d362cef866c7c705972003a8fa724000.256p.jpg
파워,Cooler Master,Cooler Master MWE Gold V2 ATX 3.1,107.99,0,"{""Color"":""Black"",""Efficiency Rating"":""80+ Gold"",""Modular"":""Full"",""Type"":""ATX"",""Wattage"":""850 W""}",https://cdna.pcpartpicker.com/static/forever/images/product/03e5ba532e4454f11ab95b00f5b50276.256p.jpg
파워,Cooler Master,Cooler Master V SFX Gold ATX 3.1,169.99,0,"{""Color"":""Black"",""Efficiency Rating"":""80+ Gold"",""Modular"":""Full"",""Type"":""SFX"",""Wattage"":""750 W""}",https://m.media-amazon.com/images/I/41z9g49vYPL.jpg
파워,Cooler Master,Cooler Master V SFX Platinum,244.98,4,"{""Color"":""Black"",""Efficiency Rating"":""80+ Platinum"",""Modular"":""Full"",""Type"":""SFX"",""Wattage"":""1100 W""}",https://cdna.pcpartpicker.com/static/forever/images/product/343301e7c7c93040adb3e78a9d323112.256p.jpg
파워,Cooler Master,Cooler Master MWE Bronze V2,62.99,12,"{""Color"":""Black"",""Efficiency Rating"":""80+ Bronze"",""Modular"":""No"",""Type"":""ATX"",""Wattage"":""550 W""}",https://cdna.pcpartpicker.com/static/forever/images/product/d11a4acccc8257ac5e09c2dbc802b8ca.256p.jpg
파워,Cooler Master,Cooler Master MWE Gold V2 ATX 3.1,124.1,0,"{""Color"":""Black"",""Efficiency Rating"":""80+ Gold"",""Modular"":""Full"",""Type"":""ATX"",""Wattage"":""750 W""}",https://m.media-amazon.com/images/I/51GrpeAiVhL.jpg
파워,Cooler Master,Cooler Master V SFX Gold ATX 3.1,152.99,0,"{""Color"":""White"",""Efficiency Rating"":""80+ Gold"",""Modular"":""Full"",""Type"":""SFX"",""Wattage"":""850 W""}",https://cdna.pcpartpicker.com/static/forever/images/product/65ad95f4d2f6472ed4cb5de04767825e.256p.jpg
파워,Cooler Master,Cooler Master Elite NEX White W700 Black Mesh 230V,63.6,1,"{""Color"":""Black"",""Efficiency Rating"":""80+"",""Modular"":""No"",""Type"":""ATX"",""Wattage"":""700 W""}",https://m.media-amazon.com/images/I/4152nWcvTVL.jpg
파워,Cooler Master,Cooler Master MWE Bronze,242.99,1,"{""Color"":""Black"",""Efficiency Rating"":""80+ Bronze"",""Modular"":""No"",""Type"":""ATX"",""Wattage"":""500 W""}",https://cdna.pcpartpicker.com/static/forever/images/product/02a69b2e464345c1eaf7d8bb9bc5f36d.256p.jpg
파워,be quiet!,be quiet! Pure Power 13 M,150.52,13,"{""Color"":""Black"",""Efficiency Rating"":""80+ Gold"",""Modular"":""Full"",""Type"":""ATX"",""Wattage"":""1000 W""}",https://m.media-amazon.com/images/I/51NcpqwxV1L.jpg
파워,be quiet!,be quiet! Pure Power 13 M,135.88,9,"{""Color"":""Black"",""Efficiency Rating"":""80+ Gold"",""Modular"":""Full"",""Type"":""ATX"",""Wattage"":""850 W""}",https://m.media-amazon.com/images/I/51NcpqwxV1L.jpg
파워,be quiet!,be quiet! Pure Power 13 M,119.95,8,"{""Color"":""Black"",""Efficiency Rating"":""80+ Gold"",""Modular"":""Full"",""Type"":""ATX"",""Wattage"":""750 W""}",https://m.media-amazon.com/images/I/51NcpqwxV1L.jpg
파워,be quiet!,be quiet! Power Zone 2,144.8,5,"{""Color"":""Black"",""Efficiency Rating"":""80+ Platinum"",""Modular"":""Full"",""Type"":""ATX"",""Wattage"":""1000 W""}",https://cdna.pcpartpicker.com/static/forever/images/product/838e53fd8b582b17bbac83fab611f118.256p.jpg
파워,be quiet!,be quiet! SFX L Power,169.99,1,"{""Color"":""Black"",""Efficiency Rating"":""80+ Gold"",""Modular"":""Full"",""Type"":""SFX"",""Wattage"":""600 W""}",https://cdna.pcpartpicker.com/static/forever/images/product/933b1005478f139d7caf504efce06dad.256p.jpg
파워,be quiet!,be quiet! Dark Power 13,294.98,10,"{""Color"":""Black"",""Efficiency Rating"":""80+ Titanium"",""Modular"":""Full"",""Type"":""ATX"",""Wattage"":""1000 W""}",https://cdna.pcpartpicker.com/static/forever/images/product/7fa3368565fa6e4e0196112cf171e1b5.256p.jpg
파워,be quiet!,be quiet! Dark Power 14,292.61,0,"{""Color"":""Black"",""Efficiency Rating"":""80+ Titanium"",""Modular"":""Full"",""Type"":""ATX"",""Wattage"":""1200 W""}",https://cdna.pcpartpicker.com/static/forever/images/product/9692c03fcb71660f815bb8dc783228d6.256p.jpg
파워,be quiet!,be quiet! Power Zone 2,124.8,1,"{""Color"":""Black"",""Efficiency Rating"":""80+ Platinum"",""Modular"":""Full"",""Type"":""ATX"",""Wattage"":""850 W""}",https://cdna.pcpartpicker.com/static/forever/images/product/a2d7bd1f1791322949e2087a850997dd.256p.jpg
파워,be quiet!,be quiet! Power Zone 2,104.8,1,"{""Color"":""Black"",""Efficiency Rating"":""80+ Platinum"",""Modular"":""Full"",""Type"":""ATX"",""Wattage"":""750 W""}",https://cdna.pcpartpicker.com/static/forever/images/product/d04914d2e55a2b07e07ab7e5ddb1c6e9.256p.jpg
파워,be quiet!,be quiet! Dark Power Pro 13,359.8,7,"{""Color"":""Black"",""Efficiency Rating"":""80+ Titanium"",""Modular"":""Full"",""Type"":""ATX"",""Wattage"":""1600 W""}",https://cdna.pcpartpicker.com/static/forever/images/product/e0a34fbe10acaf519ea2ed36a8e7fc2e.256p.jpg
파워,be quiet!,be quiet! Pure Power 12,82.8,2,"{""Color"":""Black"",""Efficiency Rating"":""80+ Gold"",""Modular"":""No"",""Type"":""ATX"",""Wattage"":""650 W""}",https://cdna.pcpartpicker.com/static/forever/images/product/40ab38c15b2b0ac6e8a6e597368c7f57.256p.jpg
파워,be quiet!,be quiet! Pure Power 12,117.86,2,"{""Color"":""Black"",""Efficiency Rating"":""80+ Gold"",""Modular"":""No"",""Type"":""ATX"",""Wattage"":""1000 W""}",https://cdna.pcpartpicker.com/static/forever/images/product/158d0a5638c31a4f0783792c3737506a.256p.jpg
파워,be quiet!,be quiet! Pure Power 12,95.8,3,"{""Color"":""Black"",""Efficiency Rating"":""80+ Gold"",""Modular"":""No"",""Type"":""ATX"",""Wattage"":""750 W""}",https://cdna.pcpartpicker.com/static/forever/images/product/174e867f0b5ac205af84584ad5bf9b96.256p.jpg
파워,be quiet!,be quiet! Dark Power 14,253.8,0,"{""Color"":""Black"",""Efficiency Rating"":""80+ Titanium"",""Modular"":""Full"",""Type"":""ATX"",""Wattage"":""1000 W""}",https://cdna.pcpartpicker.com/static/forever/images/product/ea76ce713a5f8cc568a895e86a481197.256p.jpg
파워,be quiet!,be quiet! Dark Power Pro 13,246.84,7,"{""Color"":""Black"",""Efficiency Rating"":""80+ Titanium"",""Modular"":""Full"",""Type"":""ATX"",""Wattage"":""1300 W""}",https://cdna.pcpartpicker.com/static/forever/images/product/9b430c3ff7af5f5b766cd9653d179624.256p.jpg
파워,be quiet!,be quiet! Dark Power 14,206.8,0,"{""Color"":""Black"",""Efficiency Rating"":""80+ Titanium"",""Modular"":""Full"",""Type"":""ATX"",""Wattage"":""850 W""}",https://cdna.pcpartpicker.com/static/forever/images/product/ea76ce713a5f8cc568a895e86a481197.256p.jpg
파워,be quiet!,be quiet! Pure Power 12 M,123.96,6,"{""Color"":""Black"",""Efficiency Rating"":""80+ Gold"",""Modular"":""Full"",""Type"":""ATX"",""Wattage"":""1200 W""}",https://cdna.pcpartpicker.com/static/forever/images/product/9423467940fb7db90ff47c5fa315a309.256p.jpg
파워,be quiet!,be quiet! Pure Power 13 M,92.8,1,"{""Color"":""Black"",""Efficiency Rating"":""80+ Gold"",""Modular"":""Full"",""Type"":""ATX"",""Wattage"":""550 W""}",https://m.media-amazon.com/images/I/41WVogQwQLL.jpg
파워,be quiet!,be quiet! Dark Power 13,264.98,4,"{""Color"":""Black"",""Efficiency Rating"":""80+ Titanium"",""Modular"":""Full"",""Type"":""ATX"",""Wattage"":""850 W""}",https://cdna.pcpartpicker.com/static/forever/images/product/ac6ebb39db158b2d18a6a847537740f7.256p.jpg
파워,be quiet!,be quiet! Pure Power 12,105.8,0,"{""Color"":""Black"",""Efficiency Rating"":""80+ Gold"",""Modular"":""No"",""Type"":""ATX"",""Wattage"":""850 W""}",https://cdna.pcpartpicker.com/static/forever/images/product/b43737a5d4e955c807956044ec1b0f07.256p.jpg
파워,Silverstone,Silverstone FX500-G,144.8,1,"{""Color"":""Black"",""Efficiency Rating"":""80+ Gold"",""Modular"":""No"",""Type"":""Flex ATX"",""Wattage"":""500 W""}",https://cdna.pcpartpicker.com/static/forever/images/product/6be712b0f14773f8e9761339bff9987a.256p.jpg
파워,Silverstone,Silverstone FX600 Platinum,172.19,1,"{""Color"":""Black"",""Efficiency Rating"":"""",""Modular"":""No"",""Type"":""Flex ATX"",""Wattage"":""600 W""}",https://cdna.pcpartpicker.com/static/forever/images/product/d45f04496f2e4b4c660f0180d2a26b84.256p.jpg
파워,Silverstone,Silverstone Extreme 500 Bronze,100.76,1,"{""Color"":""Black \/ White"",""Efficiency Rating"":""80+ Bronze"",""Modular"":""No"",""Type"":""SFX"",""Wattage"":""500 W""}",https://cdna.pcpartpicker.com/static/forever/images/product/c6a047e41887e5fd4831a6c91d4e9184.256p.jpg
파워,Silverstone,Silverstone FX350-G,82.91,2,"{""Color"":""Black"",""Efficiency Rating"":""80+ Gold"",""Modular"":""No"",""Type"":""Flex ATX"",""Wattage"":""350 W""}",https://m.media-amazon.com/images/I/51C+mckVn5L.jpg
파워,Silverstone,Silverstone HELA 2050R Platinum,533.9,1,"{""Color"":""Black"",""Efficiency Rating"":"""",""Modular"":""Full"",""Type"":""ATX"",""Wattage"":""2050 W""}",https://cdna.pcpartpicker.com/static/forever/images/product/870499cfe309f96a36a1279153066891.256p.jpg
파워,Silverstone,Silverstone DA750R-GMA,121.02,5,"{""Color"":""Black"",""Efficiency Rating"":""80+ Gold"",""Modular"":""Full"",""Type"":""ATX"",""Wattage"":""750 W""}",https://cdna.pcpartpicker.com/static/forever/images/product/6324a4c4a9d28859f15256d25a2d4fb3.256p.jpg
파워,Silverstone,Silverstone Zeus 1650R,464.63,0,"{""Color"":"""",""Efficiency Rating"":""80+ Titanium"",""Modular"":""Full"",""Type"":""ATX"",""Wattage"":""1650 W""}",https://m.media-amazon.com/images/I/41s7PCuHnuL.jpg
파워,Silverstone,Silverstone DA850R-GMA,99.8,0,"{""Color"":""White"",""Efficiency Rating"":""80+ Gold"",""Modular"":""Full"",""Type"":""ATX"",""Wattage"":""850 W""}",https://cdna.pcpartpicker.com/static/forever/images/product/6f4e7cd68f6241e17b055a37734ab448.256p.jpg
파워,Silverstone,Silverstone TX500-G,162.62,1,"{""Color"":""Black"",""Efficiency Rating"":""80+ Gold"",""Modular"":""No"",""Type"":""TFX"",""Wattage"":""500 W""}",https://cdna.pcpartpicker.com/static/forever/images/product/4d14c9693624095ceaf52d8afe50282d.256p.jpg
파워,Silverstone,Silverstone HELA 1300R,319.0,0,"{""Color"":""Black"",""Efficiency Rating"":""80+ Platinum"",""Modular"":""Full"",""Type"":""ATX"",""Wattage"":""1300 W""}",https://m.media-amazon.com/images/I/41P2yKkAkJL.jpg
파워,Silverstone,Silverstone SX700-PT,133.63,7,"{""Color"":""Black"",""Efficiency Rating"":""80+ Platinum"",""Modular"":""Full"",""Type"":""SFX"",""Wattage"":""700 W""}",https://m.media-amazon.com/images/I/41J1oMG4sWL.jpg
파워,Silverstone,Silverstone HELA 1200R,249.6,5,"{""Color"":""Black"",""Efficiency Rating"":""80+ Platinum"",""Modular"":""Full"",""Type"":""ATX"",""Wattage"":""1200 W""}",https://m.media-amazon.com/images/I/41vvAxf9LsL.jpg
파워,Silverstone,Silverstone DA750R-GMA,95.8,1,"{""Color"":""White"",""Efficiency Rating"":""80+ Gold"",""Modular"":""Full"",""Type"":""ATX"",""Wattage"":""750 W""}",https://cdna.pcpartpicker.com/static/forever/images/product/759785f92bb459925c5b584a6bcd06df.256p.jpg
파워,Silverstone,Silverstone TX700-G,156.8,1,"{""Color"":""Black"",""Efficiency Rating"":""80+ Gold"",""Modular"":""No"",""Type"":""TFX"",""Wattage"":""700 W""}",https://cdna.pcpartpicker.com/static/forever/images/product/7e9ddc1020c497683a9264ffe821dc2d.256p.jpg
파워,Silverstone,Silverstone Strider Platinum S,214.66,1,"{""Color"":""Black"",""Efficiency Rating"":""80+ Platinum"",""Modular"":""Full"",""Type"":""ATX"",""Wattage"":""1200 W""}",https://cdna.pcpartpicker.com/static/forever/images/product/69d82e84ffacd47701de53b292f980dc.256p.jpg
파워,Silverstone,Silverstone ATTIS 750R,76.0,0,"{""Color"":""Black"",""Efficiency Rating"":""80+ Bronze"",""Modular"":""No"",""Type"":""ATX"",""Wattage"":""750 W""}",https://cdna.pcpartpicker.com/static/forever/images/product/e50081b5963bc08904ea890af28451ba.256p.jpg
파워,Silverstone,Silverstone Extreme 1200R Platinum,355.72,0,"{""Color"":""Black"",""Efficiency Rating"":"""",""Modular"":""Full"",""Type"":""SFX"",""Wattage"":""1200 W""}",https://cdna.pcpartpicker.com/static/forever/images/product/544607f455e930943377aec4e6689055.256p.jpg
파워,Silverstone,Silverstone SST-TX300,70.8,1,"{""Color"":""Black"",""Efficiency Rating"":""80+ Bronze"",""Modular"":""No"",""Type"":""TFX"",""Wattage"":""300 W""}",https://cdna.pcpartpicker.com/static/forever/images/product/ed4d5da91285cfe1f9360ff41b975c97.256p.jpg
파워,Silverstone,Silverstone Strider Platinum S,186.43,0,"{""Color"":""Black"",""Efficiency Rating"":""80+ Platinum"",""Modular"":""Full"",""Type"":""ATX"",""Wattage"":""1000 W""}",https://cdna.pcpartpicker.com/static/forever/images/product/9b4784f0c87eaeaa10bc83491aa52422.256p.jpg
파워,Silverstone,Silverstone Triton 1000Rz,155.0,0,"{""Color"":""Black"",""Efficiency Rating"":"""",""Modular"":""Full"",""Type"":""ATX"",""Wattage"":""1000 W""}",https://m.media-amazon.com/images/I/41IzqgaMa6L.jpg
