category,brand,name,price,rating_count,specs,image_url
CPU,AMD,AMD Ryzen 7 9800X3D,575600,423,"{""Core Clock"": ""4.7 GHz"", ""Boost Clock"": ""5.2 GHz"", ""Socket"": ""AM5"", ""Core Count"": ""8"", ""Microarchitecture"": ""Zen 5"", ""TDP"": ""120 W""}",https://cdna.pcpartpicker.com/static/forever/images/product/7e2d17b7b777f8b56e1b5119aa97be20.256p.jpg
CPU,AMD,AMD Ryzen 7 7800X3D,528300,648,"{""Core Clock"": ""4.2 GHz"", ""Boost Clock"": ""5 GHz"", ""Socket"": ""AM5"", ""Core Count"": ""8"", ""Microarchitecture"": ""Zen 4"", ""TDP"": ""120 W""}",https://cdna.pcpartpicker.com/static/forever/images/product/f0e0e59d75066ec825667b71c31e3c83.256p.jpg
CPU,AMD,AMD Ryzen 5 9600X,268500,126,"{""Core Clock"": ""3.9 GHz"", ""Boost Clock"": ""5.4 GHz"", ""Socket"": ""AM5"", ""Core Count"": ""6"", ""Microarchitecture"": ""Zen 5"", ""TDP"": ""65 W""}",https://cdna.pcpartpicker.com/static/forever/images/product/8a0df381931efb7323f458cfc42260f8.256p.jpg
CPU,AMD,AMD Ryzen 5 7600X,242100,350,"{""Core Clock"": ""4.7 GHz"", ""Boost Clock"": ""5.3 GHz"", ""Socket"": ""AM5"", ""Core Count"": ""6"", ""Microarchitecture"": ""Zen 4"", ""TDP"": ""105 W""}",https://cdna.pcpartpicker.com/static/forever/images/product/fd6305088c9d16d59017b380fb9c408a.256p.jpg
CPU,AMD,AMD Ryzen 5 5600,210300,192,"{""Core Clock"": ""3.5 GHz"", ""Boost Clock"": ""4.4 GHz"", ""Socket"": ""AM4"", ""Core Count"": ""6"", ""Microarchitecture"": ""Zen 3"", ""TDP"": ""65 W""}",https://cdna.pcpartpicker.com/static/forever/images/product/49fca908d8863ded4df790bd3af6bc12.256p.jpg
CPU,AMD,AMD Ryzen 7 7700X,333500,218,"{""Core Clock"": ""4.5 GHz"", ""Boost Clock"": ""5.4 GHz"", ""Socket"": ""AM5"", ""Core Count"": ""8"", ""Microarchitecture"": ""Zen 4"", ""TDP"": ""105 W""}",https://cdna.pcpartpicker.com/static/forever/images/product/6d3fb7600f26fb1e94e8b0c1a99e0bfa.256p.jpg
CPU,AMD,AMD Ryzen 5 5600X,238300,725,"{""Core Clock"": ""3.7 GHz"", ""Boost Clock"": ""4.6 GHz"", ""Socket"": ""AM4"", ""Core Count"": ""6"", ""Microarchitecture"": ""Zen 3"", ""TDP"": ""65 W""}",https://cdna.pcpartpicker.com/static/forever/images/product/3ef757133d38ac40afe75da691ba7d60.256p.jpg
CPU,AMD,AMD Ryzen 7 9700X,410800,116,"{""Core Clock"": ""3.8 GHz"", ""Boost Clock"": ""5.5 GHz"", ""Socket"": ""AM5"", ""Core Count"": ""8"", ""Microarchitecture"": ""Zen 5"", ""TDP"": ""65 W""}",https://cdna.pcpartpicker.com/static/forever/images/product/a0f5a161d8c7ff3c6b0827423537a029.256p.jpg
CPU,AMD,AMD Ryzen 7 5800X,302500,360,"{""Core Clock"": ""3.8 GHz"", ""Boost Clock"": ""4.7 GHz"", ""Socket"": ""AM4"", ""Core Count"": ""8"", ""Microarchitecture"": ""Zen 3"", ""TDP"": ""105 W""}",https://cdna.pcpartpicker.com/static/forever/images/product/9b4cefb2e43f2c358f3a97a31e1be90b.256p.jpg
CPU,AMD,AMD Ryzen 7 5700X,220000,130,"{""Core Clock"": ""3.4 GHz"", ""Boost Clock"": ""4.6 GHz"", ""Socket"": ""AM4"", ""Core Count"": ""8"", ""Microarchitecture"": ""Zen 3"", ""TDP"": ""65 W""}",https://cdna.pcpartpicker.com/static/forever/images/product/a0931f2db7bb9c37a199429c85a0d2e1.256p.jpg
CPU,Intel,Intel Core i5-12400F,244200,106,"{""Core Clock"": ""2.5 GHz"", ""Boost Clock"": ""4.4 GHz"", ""Socket"": ""LGA1700"", ""Core Count"": ""6"", ""Microarchitecture"": ""Alder Lake"", ""TDP"": ""65 W""}",https://cdna.pcpartpicker.com/static/forever/images/product/5fe3c9cc8cbaaa4aa52aed7389d2cc10.256p.jpg
CPU,AMD,AMD Ryzen 5 3600,222000,1194,"{""Core Clock"": ""3.6 GHz"", ""Boost Clock"": ""4.2 GHz"", ""Socket"": ""AM4"", ""Core Count"": ""6"", ""Microarchitecture"": ""Zen 2"", ""TDP"": ""65 W""}",https://cdna.pcpartpicker.com/static/forever/images/product/c7baf2c9c9cc15ae23adb24c2f4316fc.256p.jpg
CPU,AMD,AMD Ryzen 5 7600,256700,202,"{""Core Clock"": ""3.8 GHz"", ""Boost Clock"": ""5.1 GHz"", ""Socket"": ""AM5"", ""Core Count"": ""6"", ""Microarchitecture"": ""Zen 4"", ""TDP"": ""65 W""}",https://cdna.pcpartpicker.com/static/forever/images/product/f0d757d712dd7145ecf00152653e5ec1.256p.jpg
CPU,AMD,AMD Ryzen 9 7900X,454900,103,"{""Core Clock"": ""4.7 GHz"", ""Boost Clock"": ""5.6 GHz"", ""Socket"": ""AM5"", ""Core Count"": ""12"", ""Microarchitecture"": ""Zen 4"", ""TDP"": ""170 W""}",https://cdna.pcpartpicker.com/static/forever/images/product/8de723005cfc1b85071c4abf4d76bd4e.256p.jpg
CPU,AMD,AMD Ryzen 5 5600G,228100,149,"{""Core Clock"": ""3.9 GHz"", ""Boost Clock"": ""4.4 GHz"", ""Socket"": ""AM4"", ""Core Count"": ""6"", ""Microarchitecture"": ""Zen 3"", ""TDP"": ""65 W""}",https://cdna.pcpartpicker.com/static/forever/images/product/1dd09dfdc581be6224a323d49d714c7f.256p.jpg
CPU,AMD,AMD Ryzen 9 5950X,547400,115,"{""Core Clock"": ""3.4 GHz"", ""Boost Clock"": ""4.9 GHz"", ""Socket"": ""AM4"", ""Core Count"": ""16"", ""Microarchitecture"": ""Zen 3"", ""TDP"": ""105 W""}",https://cdna.pcpartpicker.com/static/forever/images/product/1d7073a2deda3bd22963a7e248bbe3e4.256p.jpg
CPU,AMD,AMD Ryzen 7 3700X,468700,638,"{""Core Clock"": ""3.6 GHz"", ""Boost Clock"": ""4.4 GHz"", ""Socket"": ""AM4"", ""Core Count"": ""8"", ""Microarchitecture"": ""Zen 2"", ""TDP"": ""65 W""}",https://cdna.pcpartpicker.com/static/forever/images/product/23cd3adfd50037c1b44d6d53edb15248.256p.jpg
CPU,Intel,Intel Core i5-12600K,321000,161,"{""Core Clock"": ""3.7 GHz"", ""Boost Clock"": ""4.9 GHz"", ""Socket"": ""LGA1700"", ""Core Count"": ""10"", ""Microarchitecture"": ""Alder Lake"", ""TDP"": ""125 W""}",https://cdna.pcpartpicker.com/static/forever/images/product/3f727799b9fc5e83f0e8953759946bd2.256p.jpg
CPU,AMD,AMD Ryzen 9 5900X,870200,247,"{""Core Clock"": ""3.7 GHz"", ""Boost Clock"": ""4.8 GHz"", ""Socket"": ""AM4"", ""Core Count"": ""12"", ""Microarchitecture"": ""Zen 3"", ""TDP"": ""105 W""}",https://cdna.pcpartpicker.com/static/forever/images/product/1d7073a2deda3bd22963a7e248bbe3e4.256p.jpg
CPU,Intel,Intel Core i7-12700K,518100,153,"{""Core Clock"": ""3.6 GHz"", ""Boost Clock"": ""5 GHz"", ""Socket"": ""LGA1700"", ""Core Count"": ""12"", ""Microarchitecture"": ""Alder Lake"", ""TDP"": ""125 W""}",https://cdna.pcpartpicker.com/static/forever/images/product/3f7037db801def4db8418df8e7498e6a.256p.jpg
CPU,Intel,Intel Core i7-9700K,440500,225,"{""Core Clock"": ""3.6 GHz"", ""Boost Clock"": ""4.9 GHz"", ""Socket"": ""LGA1151"", ""Core Count"": ""8"", ""Microarchitecture"": ""Coffee Lake Refresh"", ""TDP"": ""95 W""}",https://cdna.pcpartpicker.com/static/forever/images/product/3760e89d1820da393f084e2c18a62e3b.256p.jpg
CPU,Intel,Intel Core i7-8700K,320100,307,"{""Core Clock"": ""3.7 GHz"", ""Boost Clock"": ""4.7 GHz"", ""Socket"": ""LGA1151"", ""Core Count"": ""6"", ""Microarchitecture"": ""Coffee Lake"", ""TDP"": ""95 W""}",https://cdna.pcpartpicker.com/static/forever/images/product/d7dea28613ac935e748d330d16ffea69.256p.jpg
CPU,AMD,AMD Ryzen 5 3600X,427700,203,"{""Core Clock"": ""3.8 GHz"", ""Boost Clock"": ""4.4 GHz"", ""Socket"": ""AM4"", ""Core Count"": ""6"", ""Microarchitecture"": ""Zen 2"", ""TDP"": ""95 W""}",https://cdna.pcpartpicker.com/static/forever/images/product/c7baf2c9c9cc15ae23adb24c2f4316fc.256p.jpg
CPU,Intel,Intel Core i9-9900K,693200,211,"{""Core Clock"": ""3.6 GHz"", ""Boost Clock"": ""5 GHz"", ""Socket"": ""LGA1151"", ""Core Count"": ""8"", ""Microarchitecture"": ""Coffee Lake Refresh"", ""TDP"": ""95 W""}",https://cdna.pcpartpicker.com/static/forever/images/product/76f85d74fb4d0e2cc31f940bee5905c4.256p.jpg
CPU,Intel,Intel Core i7-7700K,609600,302,"{""Core Clock"": ""4.2 GHz"", ""Boost Clock"": ""4.5 GHz"", ""Socket"": ""LGA1151"", ""Core Count"": ""4"", ""Microarchitecture"": ""Kaby Lake"", ""TDP"": ""91 W""}",https://cdna.pcpartpicker.com/static/forever/images/product/e466732c63d1d636cf13e256bb7cf5ff.256p.jpg
CPU,AMD,AMD Ryzen 7 2700X,486900,358,"{""Core Clock"": ""3.7 GHz"", ""Boost Clock"": ""4.3 GHz"", ""Socket"": ""AM4"", ""Core Count"": ""8"", ""Microarchitecture"": ""Zen+"", ""TDP"": ""105 W""}",https://cdna.pcpartpicker.com/static/forever/images/product/4e84967ef18c9b42e543b58c836d73ef.256p.jpg
CPU,Intel,Intel Core i5-6500,104900,234,"{""Core Clock"": ""3.2 GHz"", ""Boost Clock"": ""3.6 GHz"", ""Socket"": ""LGA1151"", ""Core Count"": ""4"", ""Microarchitecture"": ""Skylake"", ""TDP"": ""65 W""}",https://m.media-amazon.com/images/I/51LGOgLV8TL.jpg
CPU,Intel,Intel Core i7-6700K,368500,509,"{""Core Clock"": ""4 GHz"", ""Boost Clock"": ""4.2 GHz"", ""Socket"": ""LGA1151"", ""Core Count"": ""4"", ""Microarchitecture"": ""Skylake"", ""TDP"": ""91 W""}",https://cdna.pcpartpicker.com/static/forever/images/product/614a9c530cce56d1fafbc5ba97920ab1.256p.jpg
CPU,Intel,Intel Core i7-4790K,298200,565,"{""Core Clock"": ""4 GHz"", ""Boost Clock"": ""4.4 GHz"", ""Socket"": ""LGA1151"", ""Core Count"": ""4"", ""Microarchitecture"": ""Haswell Refresh"", ""TDP"": ""88 W""}",https://m.media-amazon.com/images/I/51D3J+33JwL.jpg
CPU,AMD,AMD Ryzen 7 3800X,741200,139,"{""Core Clock"": ""3.9 GHz"", ""Boost Clock"": ""4.5 GHz"", ""Socket"": ""AM4"", ""Core Count"": ""8"", ""Microarchitecture"": ""Zen 2"", ""TDP"": ""105 W""}",https://cdna.pcpartpicker.com/static/forever/images/product/23cd3adfd50037c1b44d6d53edb15248.256p.jpg
CPU,AMD,AMD Ryzen 5 1600 (14nm),343100,354,"{""Core Clock"": ""3.2 GHz"", ""Boost Clock"": ""3.6 GHz"", ""Socket"": ""AM4"", ""Core Count"": ""6"", ""Microarchitecture"": ""Zen"", ""TDP"": ""65 W""}",https://cdna.pcpartpicker.com/static/forever/images/product/71be15e31e700684bc9c8fb697bd4f11.256p.jpg
CPU,Intel,Intel Core i7-4770K,281400,464,"{""Core Clock"": ""3.5 GHz"", ""Boost Clock"": ""3.9 GHz"", ""Socket"": ""LGA1151"", ""Core Count"": ""4"", ""Microarchitecture"": ""Haswell"", ""TDP"": ""84 W""}",https://cdna.pcpartpicker.com/static/forever/images/product/0817a8a69b3fa53b911056cd5c01262e.256p.jpg
CPU,Intel,Intel Core i5-6600K,302500,427,"{""Core Clock"": ""3.5 GHz"", ""Boost Clock"": ""3.9 GHz"", ""Socket"": ""LGA1151"", ""Core Count"": ""4"", ""Microarchitecture"": ""Skylake"", ""TDP"": ""91 W""}",https://cdna.pcpartpicker.com/static/forever/images/product/39c7a343d00445b6e0e5d54d4b7ed561.256p.jpg
CPU,Intel,Intel Core i3-6100,90700,159,"{""Core Clock"": ""3.7 GHz"", ""Boost Clock"": """", ""Socket"": ""LGA1200"", ""Core Count"": ""2"", ""Microarchitecture"": ""Skylake"", ""TDP"": ""51 W""}",https://cdna.pcpartpicker.com/static/forever/images/product/97965106af18bd4de0b76f99d5bcb16c.256p.jpg
CPU,Intel,Intel Core i7-3770K,325200,219,"{""Core Clock"": ""3.5 GHz"", ""Boost Clock"": """", ""Socket"": ""LGA1151"", ""Core Count"": ""4"", ""Microarchitecture"": ""Ivy Bridge"", ""TDP"": ""77 W""}",https://m.media-amazon.com/images/I/51YOxrhsT8L.jpg
CPU,AMD,AMD Ryzen 7 1700,569900,168,"{""Core Clock"": ""3 GHz"", ""Boost Clock"": ""3.7 GHz"", ""Socket"": ""AM4"", ""Core Count"": ""8"", ""Microarchitecture"": ""Zen"", ""TDP"": ""65 W""}",https://cdna.pcpartpicker.com/static/forever/images/product/d57406e2534cf5ae6cb9141e656374f4.256p.jpg
CPU,Intel,Intel Core i5-4460,160700,101,"{""Core Clock"": ""3.2 GHz"", ""Boost Clock"": ""3.4 GHz"", ""Socket"": ""LGA1151"", ""Core Count"": ""4"", ""Microarchitecture"": ""Haswell Refresh"", ""TDP"": ""84 W""}",https://m.media-amazon.com/images/I/51m7EsJG9-L.jpg
CASE,Montech,Montech XR,92900,83,"{""Color"": ""Black"", ""Internal 3.5\"" Bays"": ""2"", ""Side Panel"": ""Tempered Glass"", ""Max GPU Length"": ""380 mm"", ""Form Factor"": ""ATX Mid Tower""}",https://cdna.pcpartpicker.com/static/forever/images/product/dfa4f5783baf38a029b75e60cb883d12.256p.jpg
CASE,Lian Li,Lian Li Vector V100R,108100,20,"{""Color"": ""Black"", ""Internal 3.5\"" Bays"": ""1"", ""Side Panel"": ""Tempered Glass"", ""Max GPU Length"": ""380 mm"", ""Form Factor"": ""ATX Mid Tower""}",https://cdna.pcpartpicker.com/static/forever/images/product/33c1bd4bd2b68730e185a80a0b6e7750.256p.jpg
CASE,Lian Li,Lian Li O11 VISION COMPACT,179000,31,"{""Color"": ""Black"", ""Internal 3.5\"" Bays"": ""2"", ""Side Panel"": ""Tempered Glass"", ""Max GPU Length"": ""420 mm"", ""Form Factor"": ""ATX Mid Tower""}",https://cdna.pcpartpicker.com/static/forever/images/product/f68bf787cff2da68c4f1dfe73a9981b4.256p.jpg
CASE,Lian Li,Lian Li O11 VISION COMPACT,202400,31,"{""Color"": ""White"", ""Internal 3.5\"" Bays"": ""2"", ""Side Panel"": ""Tempered Glass"", ""Max GPU Length"": ""420 mm"", ""Form Factor"": ""ATX Mid Tower""}",https://cdna.pcpartpicker.com/static/forever/images/product/2378ddd83c556329e01372a181d44328.256p.jpg
CASE,Fractal Design,Fractal Design North,162500,80,"{""Color"": ""Black"", ""Internal 3.5\"" Bays"": ""2"", ""Side Panel"": ""Tempered Glass"", ""Max GPU Length"": ""380 mm"", ""Form Factor"": ""ATX Mid Tower""}",https://cdna.pcpartpicker.com/static/forever/images/product/1977a3a3f6f1238d12ea2a555be4d7ce.256p.jpg
CASE,Corsair,Corsair FRAME 4000D RS ARGB,150800,22,"{""Color"": ""Black"", ""Internal 3.5\"" Bays"": ""2"", ""Side Panel"": ""Tempered Glass"", ""Max GPU Length"": ""380 mm"", ""Form Factor"": ""ATX Mid Tower""}",https://cdna.pcpartpicker.com/static/forever/images/product/b92de105986e31796925b0c95a335fa0.256p.jpg
CASE,Cooler Master,Cooler Master MasterBox Q300L,74000,186,"{""Color"": ""Black"", ""Internal 3.5\"" Bays"": ""1"", ""Side Panel"": ""Acrylic"", ""Max GPU Length"": ""330 mm"", ""Form Factor"": ""MicroATX Mini Tower""}",https://cdna.pcpartpicker.com/static/forever/images/product/ec48e16ee4d6629045cfc4d71c649746.256p.jpg
CASE,Lian Li,Lian Li A3-mATX,116800,28,"{""Color"": ""Black"", ""Internal 3.5\"" Bays"": ""1"", ""Side Panel"": ""Mesh"", ""Max GPU Length"": ""330 mm"", ""Form Factor"": ""MicroATX Mini Tower""}",https://cdna.pcpartpicker.com/static/forever/images/product/e2090d6841bfea8c2ec3aee350b4a3ab.256p.jpg
CASE,Fractal Design,Fractal Design North XL,206900,22,"{""Color"": ""Black"", ""Internal 3.5\"" Bays"": ""2"", ""Side Panel"": ""Tinted Tempered Glass"", ""Max GPU Length"": ""420 mm"", ""Form Factor"": ""ATX Full Tower""}",https://cdna.pcpartpicker.com/static/forever/images/product/de8d089eec0681bef6c59b47f908e2ef.256p.jpg
CASE,Lian Li,Lian Li O11D EVO RGB,223800,27,"{""Color"": ""Black"", ""Internal 3.5\"" Bays"": ""4"", ""Side Panel"": ""Tempered Glass"", ""Max GPU Length"": ""420 mm"", ""Form Factor"": ""ATX Mid Tower""}",https://cdna.pcpartpicker.com/static/forever/images/product/97f123a53cbb3ce24652396462da17d1.256p.jpg
CASE,Lian Li,Lian Li A3-mATX,141800,42,"{""Color"": ""Black / Brown"", ""Internal 3.5\"" Bays"": ""1"", ""Side Panel"": ""Mesh"", ""Max GPU Length"": ""330 mm"", ""Form Factor"": ""MicroATX Mini Tower""}",https://cdna.pcpartpicker.com/static/forever/images/product/4b279bc4cdfb4a3e52c9bfa879746ab5.256p.jpg
CASE,Phanteks,Phanteks XT PRO ULTRA,103600,25,"{""Color"": ""Black"", ""Internal 3.5\"" Bays"": ""2"", ""Side Panel"": ""Tempered Glass"", ""Max GPU Length"": ""380 mm"", ""Form Factor"": ""ATX Mid Tower""}",https://cdna.pcpartpicker.com/static/forever/images/product/b799e3113602fc415370943709415190.256p.jpg
CASE,Fractal Design,Fractal Design Terra,259400,27,"{""Color"": ""Black / Brown"", ""Internal 3.5\"" Bays"": ""0"", ""Side Panel"": ""Mesh"", ""Max GPU Length"": ""330 mm"", ""Form Factor"": ""Mini ITX Desktop""}",https://cdna.pcpartpicker.com/static/forever/images/product/93603f04dde2fe42335d278e66b80c4d.256p.jpg
CASE,Lian Li,Lian Li Lancool 207,117800,33,"{""Color"": ""Blue"", ""Internal 3.5\"" Bays"": ""2"", ""Side Panel"": ""Tempered Glass"", ""Max GPU Length"": ""380 mm"", ""Form Factor"": ""ATX Mid Tower""}",https://cdna.pcpartpicker.com/static/forever/images/product/393f3d73165045839334a1621040ee20.256p.jpg
CASE,NZXT,NZXT H6 Flow,124700,39,"{""Color"": ""Black"", ""Internal 3.5\"" Bays"": ""1"", ""Side Panel"": ""Tempered Glass"", ""Max GPU Length"": ""380 mm"", ""Form Factor"": ""ATX Mid Tower""}",https://cdna.pcpartpicker.com/static/forever/images/product/0ff9e0317d9c4b1e99938a2f02ccb165.256p.jpg
CASE,Montech,Montech AIR 903 MAX,184500,65,"{""Color"": ""Black"", ""Internal 3.5\"" Bays"": ""2"", ""Side Panel"": ""Tempered Glass"", ""Max GPU Length"": ""380 mm"", ""Form Factor"": ""ATX Mid Tower""}",https://m.media-amazon.com/images/I/519WrOWiOhL.jpg
CASE,Lian Li,Lian Li LANCOOL 216 RGB,136600,59,"{""Color"": ""Black"", ""Internal 3.5\"" Bays"": ""2"", ""Side Panel"": ""Tempered Glass"", ""Max GPU Length"": ""380 mm"", ""Form Factor"": ""ATX Mid Tower""}",https://cdna.pcpartpicker.com/static/forever/images/product/372a584cebeca5f57266bf0f07e6831c.256p.jpg
CASE,NZXT,NZXT H6 Flow,147900,49,"{""Color"": ""White"", ""Internal 3.5\"" Bays"": ""1"", ""Side Panel"": ""Tempered Glass"", ""Max GPU Length"": ""380 mm"", ""Form Factor"": ""ATX Mid Tower""}",https://cdna.pcpartpicker.com/static/forever/images/product/f0363dfe4d946330b9b5f65a3b38722f.256p.jpg
CASE,Fractal Design,Fractal Design Terra,261700,27,"{""Color"": ""Green / Brown"", ""Internal 3.5\"" Bays"": ""0"", ""Side Panel"": ""Mesh"", ""Max GPU Length"": ""330 mm"", ""Form Factor"": ""Mini ITX Desktop""}",https://cdna.pcpartpicker.com/static/forever/images/product/46f3b3672c252def1f9cc56db0a11b61.256p.jpg
CASE,Fractal Design,Fractal Design Meshify C,149200,302,"{""Color"": ""Black"", ""Internal 3.5\"" Bays"": ""2"", ""Side Panel"": ""Tinted Tempered Glass"", ""Max GPU Length"": ""380 mm"", ""Form Factor"": ""ATX Mid Tower""}",https://cdna.pcpartpicker.com/static/forever/images/product/5e077c6b1272ca2c11e4f7df6326370a.256p.jpg
CASE,Montech,Montech AIR 100 ARGB,73700,49,"{""Color"": ""Black"", ""Internal 3.5\"" Bays"": ""2"", ""Side Panel"": ""Tempered Glass"", ""Max GPU Length"": ""380 mm"", ""Form Factor"": ""MicroATX Mid Tower""}",https://cdna.pcpartpicker.com/static/forever/images/product/24adca630b5c708e106099fc958825a1.256p.jpg
CASE,Lian Li,Lian Li A4-H20 X4,301800,21,"{""Color"": ""Black"", ""Internal 3.5\"" Bays"": ""0"", ""Side Panel"": ""Mesh"", ""Max GPU Length"": ""330 mm"", ""Form Factor"": ""Mini ITX Desktop""}",https://cdna.pcpartpicker.com/static/forever/images/product/5976fcee24c589859552a9f087690430.256p.jpg
CASE,ASUS,Asus Prime AP201,116600,61,"{""Color"": ""Black"", ""Internal 3.5\"" Bays"": ""3"", ""Side Panel"": ""Mesh"", ""Max GPU Length"": ""330 mm"", ""Form Factor"": ""MicroATX Mini Tower""}",https://cdna.pcpartpicker.com/static/forever/images/product/e40d8d2f2651fa6faca4e0a4552f8545.256p.jpg
CASE,Fractal Design,Fractal Design North,177600,49,"{""Color"": ""White"", ""Internal 3.5\"" Bays"": ""2"", ""Side Panel"": ""Tempered Glass"", ""Max GPU Length"": ""380 mm"", ""Form Factor"": ""ATX Mid Tower""}",https://cdna.pcpartpicker.com/static/forever/images/product/b27a7e4bc53387580b31da81c7df34ab.256p.jpg
CASE,Antec,Antec C5 ARGB,170200,35,"{""Color"": ""Black"", ""Internal 3.5\"" Bays"": ""1"", ""Side Panel"": ""Tempered Glass"", ""Max GPU Length"": ""380 mm"", ""Form Factor"": ""ATX Mid Tower""}",https://cdna.pcpartpicker.com/static/forever/images/product/47f5f80539aa5e8cc9f4d5ebe8cd1dd2.256p.jpg
CASE,Lian Li,Lian Li LANCOOL 216,108000,31,"{""Color"": ""Black"", ""Internal 3.5\"" Bays"": ""2"", ""Side Panel"": ""Tempered Glass"", ""Max GPU Length"": ""380 mm"", ""Form Factor"": ""ATX Mid Tower""}",https://cdna.pcpartpicker.com/static/forever/images/product/dc1a8a0fc34540a759fcee0a553949e0.256p.jpg
CASE,Corsair,Corsair 3500X ARGB,176100,20,"{""Color"": ""Black"", ""Internal 3.5\"" Bays"": ""2"", ""Side Panel"": ""Tempered Glass"", ""Max GPU Length"": ""380 mm"", ""Form Factor"": ""ATX Mid Tower""}",https://cdna.pcpartpicker.com/static/forever/images/product/f488ef9e12f2c763481fa0a720647dfd.256p.jpg
CASE,Montech,Montech KING 95 PRO,162500,39,"{""Color"": ""Black"", ""Internal 3.5\"" Bays"": ""5"", ""Side Panel"": ""Tempered Glass"", ""Max GPU Length"": ""380 mm"", ""Form Factor"": ""ATX Mid Tower""}",https://cdna.pcpartpicker.com/static/forever/images/product/6e645766ef331a1911f2c74016db9efa.256p.jpg
CASE,Fractal Design,Fractal Design Pop Air,116500,23,"{""Color"": ""Black"", ""Internal 3.5\"" Bays"": ""2"", ""Side Panel"": ""Tempered Glass"", ""Max GPU Length"": ""380 mm"", ""Form Factor"": ""ATX Mid Tower""}",https://cdna.pcpartpicker.com/static/forever/images/product/1d7438dfe855e147c0e8b3f235453b2b.256p.jpg
CASE,Fractal Design,Fractal Design North,192300,37,"{""Color"": ""Black"", ""Internal 3.5\"" Bays"": ""2"", ""Side Panel"": ""Mesh"", ""Max GPU Length"": ""380 mm"", ""Form Factor"": ""ATX Mid Tower""}",https://cdna.pcpartpicker.com/static/forever/images/product/3f3fee8b3f2a98afa0703bc19dfb5663.256p.jpg
CASE,Fractal Design,Fractal Design Pop Mini Air,125800,39,"{""Color"": ""Black"", ""Internal 3.5\"" Bays"": ""2"", ""Side Panel"": ""Tempered Glass"", ""Max GPU Length"": ""380 mm"", ""Form Factor"": ""MicroATX Mid Tower""}",https://cdna.pcpartpicker.com/static/forever/images/product/6bd2cbaf780aea720a3b8a53d80ce635.256p.jpg
CASE,Fractal Design,Fractal Design Focus G,81400,69,"{""Color"": ""Black"", ""Internal 3.5\"" Bays"": ""2"", ""Side Panel"": ""Acrylic"", ""Max GPU Length"": ""380 mm"", ""Form Factor"": ""ATX Mid Tower""}",https://cdna.pcpartpicker.com/static/forever/images/product/1ee4eb7d40aaf6bb43c86b4865407c2d.256p.jpg
CASE,Montech,Montech AIR 100 ARGB,82000,20,"{""Color"": ""White"", ""Internal 3.5\"" Bays"": ""2"", ""Side Panel"": ""Tempered Glass"", ""Max GPU Length"": ""380 mm"", ""Form Factor"": ""MicroATX Mid Tower""}",https://cdna.pcpartpicker.com/static/forever/images/product/aa5e572736881740bec953f14e71ac4a.256p.jpg
CASE,Fractal Design,Fractal Design Node 804,147200,35,"{""Color"": ""Black"", ""Internal 3.5\"" Bays"": ""10"", ""Side Panel"": ""Acrylic"", ""Max GPU Length"": ""380 mm"", ""Form Factor"": ""MicroATX Mid Tower""}",https://cdna.pcpartpicker.com/static/forever/images/product/9886185e66d27730b7d04cc2f26c232e.256p.jpg
CASE,Corsair,Corsair 4000D Airflow,154800,118,"{""Color"": ""White"", ""Internal 3.5\"" Bays"": ""2"", ""Side Panel"": ""Tinted Tempered Glass"", ""Max GPU Length"": ""380 mm"", ""Form Factor"": ""ATX Mid Tower""}",https://cdna.pcpartpicker.com/static/forever/images/product/ef83ac7b40f303152fbb47b6db45c9ca.256p.jpg
CASE,Fractal Design,Fractal Design Pop Air RGB,118400,35,"{""Color"": ""Black"", ""Internal 3.5\"" Bays"": ""2"", ""Side Panel"": ""Tempered Glass"", ""Max GPU Length"": ""380 mm"", ""Form Factor"": ""ATX Mid Tower""}",https://cdna.pcpartpicker.com/static/forever/images/product/afcf290a91379b52360c7db562567b6f.256p.jpg
CASE,NZXT,NZXT H9 Flow (2023),220400,55,"{""Color"": ""White"", ""Internal 3.5\"" Bays"": ""2"", ""Side Panel"": ""Tempered Glass"", ""Max GPU Length"": ""380 mm"", ""Form Factor"": ""ATX Mid Tower""}",https://cdna.pcpartpicker.com/static/forever/images/product/61eb5534e35ce8af07f25ff28197862b.256p.jpg
CASE,Montech,Montech KING 95 PRO,203900,20,"{""Color"": ""White"", ""Internal 3.5\"" Bays"": ""5"", ""Side Panel"": ""Tempered Glass"", ""Max GPU Length"": ""380 mm"", ""Form Factor"": ""ATX Mid Tower""}",https://cdna.pcpartpicker.com/static/forever/images/product/43dffde8ebf1330791a7443748af3853.256p.jpg
CASE,Deepcool,Deepcool MATREXX 30,81600,24,"{""Color"": ""Black"", ""Internal 3.5\"" Bays"": ""3"", ""Side Panel"": ""Tempered Glass"", ""Max GPU Length"": ""330 mm"", ""Form Factor"": ""MicroATX Mini Tower""}",https://cdna.pcpartpicker.com/static/forever/images/product/bb1d2107ac34c2309635712235c82e06.256p.jpg
CASE,be quiet!,be quiet! Pure Base 500DX,147800,92,"{""Color"": ""Black"", ""Internal 3.5\"" Bays"": ""2"", ""Side Panel"": ""Tempered Glass"", ""Max GPU Length"": ""380 mm"", ""Form Factor"": ""ATX Mid Tower""}",https://cdna.pcpartpicker.com/static/forever/images/product/f0f421e3fc3867493483981e8171cdc6.256p.jpg
CASE,HYTE,HYTE Y60,233500,28,"{""Color"": ""Black"", ""Internal 3.5\"" Bays"": ""2"", ""Side Panel"": ""Tempered Glass"", ""Max GPU Length"": ""380 mm"", ""Form Factor"": ""ATX Mid Tower""}",https://cdna.pcpartpicker.com/static/forever/images/product/aba78f3e5e8c4fbe22c28f66c5d9c60b.256p.jpg
CASE,MSI,MSI MAG FORGE 100R,81300,26,"{""Color"": ""Black"", ""Internal 3.5\"" Bays"": ""2"", ""Side Panel"": ""Tempered Glass"", ""Max GPU Length"": ""380 mm"", ""Form Factor"": ""ATX Mid Tower""}",https://cdna.pcpartpicker.com/static/forever/images/product/4145e426378c801cc80da05d9ec6e8bf.256p.jpg
CASE,Lian Li,Lian Li LANCOOL 216 RGB,155500,26,"{""Color"": ""White"", ""Internal 3.5\"" Bays"": ""2"", ""Side Panel"": ""Tempered Glass"", ""Max GPU Length"": ""380 mm"", ""Form Factor"": ""ATX Mid Tower""}",https://cdna.pcpartpicker.com/static/forever/images/product/f4d776081b676d3dbf78ac6db48be9d6.256p.jpg
CASE,NZXT,NZXT H9 Flow (2023),321100,37,"{""Color"": ""Black"", ""Internal 3.5\"" Bays"": ""2"", ""Side Panel"": ""Tempered Glass"", ""Max GPU Length"": ""380 mm"", ""Form Factor"": ""ATX Mid Tower""}",https://cdna.pcpartpicker.com/static/forever/images/product/15fb785fb4d0995e7cc7e28a6f2271d9.256p.jpg
CASE,Lian Li,Lian Li O11 Dynamic Mini,180500,44,"{""Color"": ""Black"", ""Internal 3.5\"" Bays"": ""2"", ""Side Panel"": ""Tempered Glass"", ""Max GPU Length"": ""420 mm"", ""Form Factor"": ""ATX Mid Tower""}",https://cdna.pcpartpicker.com/static/forever/images/product/c067673d9018218168704cc6ed3b10df.256p.jpg
CASE,Lian Li,Lian Li O11 Dynamic Mini Snow Edition,140500,54,"{""Color"": ""White"", ""Internal 3.5\"" Bays"": ""2"", ""Side Panel"": ""Tempered Glass"", ""Max GPU Length"": ""420 mm"", ""Form Factor"": ""ATX Mid Tower""}",https://m.media-amazon.com/images/I/41ei241uCpL.jpg
CASE,Corsair,Corsair iCUE 4000X RGB,199700,60,"{""Color"": ""Black"", ""Internal 3.5\"" Bays"": ""2"", ""Side Panel"": ""Tempered Glass"", ""Max GPU Length"": ""380 mm"", ""Form Factor"": ""ATX Mid Tower""}",https://cdna.pcpartpicker.com/static/forever/images/product/0610d363ccccf52837f07d811e4eb2a3.256p.jpg
CASE,HYTE,HYTE Y60,187700,39,"{""Color"": ""White / Black"", ""Internal 3.5\"" Bays"": ""2"", ""Side Panel"": ""Tempered Glass"", ""Max GPU Length"": ""380 mm"", ""Form Factor"": ""ATX Mid Tower""}",https://cdna.pcpartpicker.com/static/forever/images/product/662f5e77558aa8614da981050beff94b.256p.jpg
CASE,Deepcool,Deepcool CH370,77500,21,"{""Color"": ""Black"", ""Internal 3.5\"" Bays"": ""2"", ""Side Panel"": ""Tempered Glass"", ""Max GPU Length"": ""380 mm"", ""Form Factor"": ""MicroATX Mid Tower""}",https://cdna.pcpartpicker.com/static/forever/images/product/2fad46b6561866155338a1cd7afa4712.256p.jpg
CASE,Lian Li,Lian Li O11 Air Mini,164000,41,"{""Color"": ""Black"", ""Internal 3.5\"" Bays"": ""4"", ""Side Panel"": ""Tempered Glass"", ""Max GPU Length"": ""420 mm"", ""Form Factor"": ""ATX Mid Tower""}",https://cdna.pcpartpicker.com/static/forever/images/product/fa0752303b39c0affe2244992c585515.256p.jpg
CASE,Fractal Design,Fractal Design Pop Mini Air,125800,31,"{""Color"": ""White"", ""Internal 3.5\"" Bays"": ""2"", ""Side Panel"": ""Tempered Glass"", ""Max GPU Length"": ""380 mm"", ""Form Factor"": ""MicroATX Mid Tower""}",https://cdna.pcpartpicker.com/static/forever/images/product/2769d6540b4d4a8eafe586606b7d8f31.256p.jpg
CASE,Fractal Design,Fractal Design Meshify 2 Compact TG Light Tint,170200,36,"{""Color"": ""Black"", ""Internal 3.5\"" Bays"": ""2"", ""Side Panel"": ""Tempered Glass"", ""Max GPU Length"": ""380 mm"", ""Form Factor"": ""ATX Mid Tower""}",https://cdna.pcpartpicker.com/static/forever/images/product/70ac697e3e6678daf16d38842957b0c0.256p.jpg
CASE,Corsair,Corsair iCUE 4000X RGB,184900,41,"{""Color"": ""White"", ""Internal 3.5\"" Bays"": ""2"", ""Side Panel"": ""Tempered Glass"", ""Max GPU Length"": ""380 mm"", ""Form Factor"": ""ATX Mid Tower""}",https://cdna.pcpartpicker.com/static/forever/images/product/3a87f7d1da63e23f30f3e4bf032ae7c5.256p.jpg
CASE,Corsair,Corsair iCUE 220T RGB Airflow,190400,62,"{""Color"": ""Black"", ""Internal 3.5\"" Bays"": ""2"", ""Side Panel"": ""Tempered Glass"", ""Max GPU Length"": ""380 mm"", ""Form Factor"": ""ATX Mid Tower""}",https://cdna.pcpartpicker.com/static/forever/images/product/b131b69136be8e03966cfb55ffcb1009.256p.jpg
CASE,NZXT,NZXT H7 Flow (2022),240600,33,"{""Color"": ""Black"", ""Internal 3.5\"" Bays"": ""2"", ""Side Panel"": ""Tempered Glass"", ""Max GPU Length"": ""380 mm"", ""Form Factor"": ""ATX Mid Tower""}",https://cdna.pcpartpicker.com/static/forever/images/product/bec2a61865de879aa69df53f51b10e56.256p.jpg
CASE,Fractal Design,Fractal Design Define Nano S,125700,66,"{""Color"": ""Black"", ""Internal 3.5\"" Bays"": ""2"", ""Side Panel"": ""Acrylic"", ""Max GPU Length"": ""330 mm"", ""Form Factor"": ""Mini ITX Desktop""}",https://cdna.pcpartpicker.com/static/forever/images/product/234082e908429613e8f136add299adf6.256p.jpg
CASE,Corsair,Corsair 5000D AIRFLOW,250000,24,"{""Color"": ""White / Gray"", ""Internal 3.5\"" Bays"": ""2"", ""Side Panel"": ""Tempered Glass"", ""Max GPU Length"": ""380 mm"", ""Form Factor"": ""ATX Mid Tower""}",https://cdna.pcpartpicker.com/static/forever/images/product/f98e411d9763902637b8a6527c44dd19.256p.jpg
CASE,Corsair,Corsair Crystal Series 680X RGB,557300,23,"{""Color"": ""Black"", ""Internal 3.5\"" Bays"": ""3"", ""Side Panel"": ""Tempered Glass"", ""Max GPU Length"": ""380 mm"", ""Form Factor"": ""ATX Mid Tower""}",https://cdna.pcpartpicker.com/static/forever/images/product/6c64c4140c5b621d9e2177d0498cd43a.256p.jpg
CASE,Corsair,Corsair iCUE 220T RGB Airflow,190500,37,"{""Color"": ""White"", ""Internal 3.5\"" Bays"": ""2"", ""Side Panel"": ""Tempered Glass"", ""Max GPU Length"": ""380 mm"", ""Form Factor"": ""ATX Mid Tower""}",https://cdna.pcpartpicker.com/static/forever/images/product/e7ede7a1213f28e72b4f19f1afafc261.256p.jpg
CASE,Cooler Master,Cooler Master MasterCase H500M,447500,25,"{""Color"": ""Black"", ""Internal 3.5\"" Bays"": ""2"", ""Side Panel"": ""Tempered Glass"", ""Max GPU Length"": ""380 mm"", ""Form Factor"": ""ATX Mid Tower""}",https://cdna.pcpartpicker.com/static/forever/images/product/3b22338d08cddc21f3cd6150ec431a31.256p.jpg
CASE,Corsair,Corsair Crystal 280X RGB,253000,20,"{""Color"": ""Black"", ""Internal 3.5\"" Bays"": ""2"", ""Side Panel"": ""Tempered Glass"", ""Max GPU Length"": ""380 mm"", ""Form Factor"": ""MicroATX Mid Tower""}",https://cdna.pcpartpicker.com/static/forever/images/product/fda36fe43248802f18d2f71376b3c380.256p.jpg
CASE,Lian Li,Lian Li LANCOOL II-W,215400,23,"{""Color"": ""White / Black"", ""Internal 3.5\"" Bays"": ""3"", ""Side Panel"": ""Tempered Glass"", ""Max GPU Length"": ""380 mm"", ""Form Factor"": ""ATX Mid Tower""}",https://cdna.pcpartpicker.com/static/forever/images/product/7dda156f85bae5be7ad43265defee37f.256p.jpg
CASE,Corsair,Corsair iCUE 465X RGB,276800,35,"{""Color"": ""White / Black"", ""Internal 3.5\"" Bays"": ""2"", ""Side Panel"": ""Tempered Glass"", ""Max GPU Length"": ""380 mm"", ""Form Factor"": ""ATX Mid Tower""}",https://m.media-amazon.com/images/I/4153z7pazEL.jpg
COOLER,Thermalright,Thermalright Peerless Assassin 120 SE,69400,159,"{""Color"": ""Black / Silver"", ""Radiator"": """", ""Type"": ""air""}",https://m.media-amazon.com/images/I/41hFTmi5aUL.jpg
COOLER,ARCTIC,ARCTIC Liquid Freezer III Pro 360,120600,37,"{""Color"": ""Black"", ""Radiator"": ""360 mm"", ""Type"": ""Liquid""}",https://cdna.pcpartpicker.com/static/forever/images/product/a0b2a92bb4ec2c95b5e492c9513b2c0b.256p.jpg
COOLER,Cooler Master,Cooler Master Hyper 212 Black Edition,49100,198,"{""Color"": ""Black"", ""Radiator"": """", ""Type"": ""air""}",https://cdna.pcpartpicker.com/static/forever/images/product/716d4c601ae190184020710e098e7b36.256p.jpg
COOLER,Thermalright,Thermalright Aqua Elite V3,85300,43,"{""Color"": ""Black"", ""Radiator"": ""360 mm"", ""Type"": ""Liquid""}",https://m.media-amazon.com/images/I/318f4Q17BeL.jpg
COOLER,ARCTIC,ARCTIC Liquid Freezer III Pro A-RGB 360,133900,31,"{""Color"": ""Black"", ""Radiator"": ""360 mm"", ""Type"": ""Liquid""}",https://cdna.pcpartpicker.com/static/forever/images/product/4b3cb378557216401dabfeb2bb0719e1.256p.jpg
COOLER,Thermalright,Thermalright Phantom Spirit 120 SE ARGB,48100,83,"{""Color"": ""Black / Silver"", ""Radiator"": """", ""Type"": ""air""}",https://m.media-amazon.com/images/I/51KizlEeQZL.jpg
COOLER,Noctua,Noctua NH-D15 chromax.black,175400,243,"{""Color"": ""Black"", ""Radiator"": """", ""Type"": ""air""}",https://m.media-amazon.com/images/I/51kgqhkUNuL.jpg
COOLER,Thermalright,Thermalright Aqua Elite V3,69400,24,"{""Color"": ""Black"", ""Radiator"": ""240 mm"", ""Type"": ""Liquid""}",https://m.media-amazon.com/images/I/41pZVxhhiWL.jpg
COOLER,be quiet!,be quiet! Dark Rock Pro 5,136600,22,"{""Color"": ""Black"", ""Radiator"": """", ""Type"": ""air""}",https://cdna.pcpartpicker.com/static/forever/images/product/a0191a4cb06d0077eab9a260cc759c8b.256p.jpg
COOLER,AMD,AMD Wraith Prism,37700,25,"{""Color"": """", ""Radiator"": """", ""Type"": ""air""}",https://cdna.pcpartpicker.com/static/forever/images/product/00979205bfe0f63cf50f396392775b9f.256p.jpg
COOLER,Thermalright,Thermalright Phantom Spirit 120 SE,55300,94,"{""Color"": ""Black / Silver"", ""Radiator"": """", ""Type"": ""air""}",https://m.media-amazon.com/images/I/51kJe8EOqjL.jpg
COOLER,Noctua,Noctua NH-D15,162700,187,"{""Color"": """", ""Radiator"": """", ""Type"": ""air""}",https://cdna.pcpartpicker.com/static/forever/images/product/ca16d42d3e187f96c728c09183df14a7.med.256p.jpg
COOLER,ARCTIC,ARCTIC Freezer 36,49600,25,"{""Color"": ""Black"", ""Radiator"": """", ""Type"": ""air""}",https://m.media-amazon.com/images/I/41LLTGkmTRL.jpg
COOLER,Thermalright,Thermalright Peerless Assassin 120 SE ARGB,48600,71,"{""Color"": ""Black"", ""Radiator"": """", ""Type"": ""air""}",https://cdna.pcpartpicker.com/static/forever/images/product/1e057960fccae4328fbdc13bb45bf42c.256p.jpg
COOLER,Thermalright,Thermalright Phantom Spirit EVO,80900,47,"{""Color"": ""Black"", ""Radiator"": """", ""Type"": ""air""}",https://cdna.pcpartpicker.com/static/forever/images/product/df16c34a7f230bb2f6848cd90c87e0fb.256p.jpg
COOLER,Thermalright,Thermalright Assassin Spirit 120 EVO,29500,20,"{""Color"": ""Black"", ""Radiator"": """", ""Type"": ""air""}",https://m.media-amazon.com/images/I/41595fJKAOL.jpg
COOLER,Cooler Master,Cooler Master MasterLiquid 360L Core ARGB,138200,24,"{""Color"": ""Black"", ""Radiator"": ""360 mm"", ""Type"": ""Liquid""}",https://cdna.pcpartpicker.com/static/forever/images/product/17af431eeae6b8cc280717a7f3bf3da3.256p.jpg
COOLER,NZXT,NZXT Kraken 240,198100,24,"{""Color"": ""Black"", ""Radiator"": ""240 mm"", ""Type"": ""Liquid""}",https://cdna.pcpartpicker.com/static/forever/images/product/157afeba59d05304fe181106745e6177.256p.jpg
COOLER,Thermalright,Thermalright Frozen Notte ARGB,66200,33,"{""Color"": ""Black"", ""Radiator"": ""360 mm"", ""Type"": ""Liquid""}",https://cdna.pcpartpicker.com/static/forever/images/product/315dec7805c5f01538f5748620fddffa.256p.jpg
COOLER,Deepcool,Deepcool AK400,64600,33,"{""Color"": ""Black / Silver"", ""Radiator"": """", ""Type"": ""air""}",https://cdna.pcpartpicker.com/static/forever/images/product/f11e54d5a812379d28e34bc51143332b.256p.jpg
COOLER,Cooler Master,Cooler Master Hyper 212 RGB Black Edition,110500,241,"{""Color"": ""Black"", ""Radiator"": """", ""Type"": ""air""}",https://cdna.pcpartpicker.com/static/forever/images/product/16dca5ad82a279a9232b0cbcb6ed71bf.256p.jpg
COOLER,Noctua,Noctua NH-U12A chromax.black,199200,65,"{""Color"": ""Black"", ""Radiator"": """", ""Type"": ""air""}",https://cdna.pcpartpicker.com/static/forever/images/product/3a24ca834f2b252f719640f8b8448b6c.256p.jpg
COOLER,Lian Li,Lian Li Galahad II Trinity SL-INF,293000,29,"{""Color"": ""Black"", ""Radiator"": ""360 mm"", ""Type"": ""Liquid""}",https://cdna.pcpartpicker.com/static/forever/images/product/9a5bcf4f476d82ad6aff9287d2cb0b3a.256p.jpg
COOLER,Deepcool,Deepcool AK620 ZERO DARK,101200,42,"{""Color"": ""Black"", ""Radiator"": """", ""Type"": ""air""}",https://cdna.pcpartpicker.com/static/forever/images/product/048ee8d7e1ab67674cc0aac0e4e0e281.256p.jpg
COOLER,Noctua,Noctua NH-U12A,177500,59,"{""Color"": ""Brown"", ""Radiator"": """", ""Type"": ""air""}",https://m.media-amazon.com/images/I/51Wo8vtn8kL.jpg
COOLER,Noctua,Noctua NH-L12S,109600,54,"{""Color"": """", ""Radiator"": """", ""Type"": ""air""}",https://cdna.pcpartpicker.com/static/forever/images/product/3ef69f2637de8bfe3600a2298437ff83.256p.jpg
COOLER,Noctua,Noctua NH-D9L,88700,35,"{""Color"": """", ""Radiator"": """", ""Type"": ""air""}",https://cdna.pcpartpicker.com/static/forever/images/product/64d63da64b2f8be28775078a8f8d550a.256p.jpg
COOLER,Noctua,Noctua NH-U12S chromax.black,133100,127,"{""Color"": ""Black"", ""Radiator"": """", ""Type"": ""air""}",https://cdna.pcpartpicker.com/static/forever/images/product/03d2c7690b9a62e9131a8514ea3c0dfa.256p.jpg
COOLER,ID-COOLING,ID-COOLING SE-214-XT ARGB,44300,56,"{""Color"": ""Black"", ""Radiator"": """", ""Type"": ""air""}",https://m.media-amazon.com/images/I/5130uHBNUnL.jpg
COOLER,Noctua,Noctua NH-D15S chromax.black,169400,71,"{""Color"": ""Black"", ""Radiator"": """", ""Type"": ""air""}",https://m.media-amazon.com/images/I/51wsVDm2ONL.jpg
COOLER,Noctua,Noctua NH-L9i chromax.black,88700,23,"{""Color"": ""Black"", ""Radiator"": """", ""Type"": ""air""}",https://m.media-amazon.com/images/I/416XnVk8INL.jpg
COOLER,Cooler Master,Cooler Master MASTERLIQUID ML240L RGB V2,131000,122,"{""Color"": ""Black"", ""Radiator"": ""240 mm"", ""Type"": ""Liquid""}",https://cdna.pcpartpicker.com/static/forever/images/product/5b6a5e7f4cf456ccf6415235cf7adc99.256p.jpg
COOLER,Deepcool,Deepcool AK620,103600,55,"{""Color"": ""Black / Silver"", ""Radiator"": """", ""Type"": ""air""}",https://cdna.pcpartpicker.com/static/forever/images/product/05c27ddf4caf6b0d585bc03e41b8e7ee.256p.jpg
COOLER,Noctua,Noctua NH-L9i,73900,91,"{""Color"": ""Brown"", ""Radiator"": """", ""Type"": ""air""}",https://cdna.pcpartpicker.com/static/forever/images/product/9b24fe106eb3486a02a70f67030cb012.256p.jpg
COOLER,Lian Li,Lian Li Galahad II Trinity SL-INF,275300,21,"{""Color"": ""White"", ""Radiator"": ""360 mm"", ""Type"": ""Liquid""}",https://cdna.pcpartpicker.com/static/forever/images/product/9c7907d33c5225ac4fa747fcc1157ec4.256p.jpg
COOLER,be quiet!,be quiet! Pure Rock Slim 2,45300,22,"{""Color"": ""Black / Silver"", ""Radiator"": """", ""Type"": ""air""}",https://cdna.pcpartpicker.com/static/forever/images/product/98bb44b33e99e3c03b12d76609433d62.256p.jpg
COOLER,Noctua,Noctua NH-U9S chromax.black,135900,26,"{""Color"": ""Black"", ""Radiator"": """", ""Type"": ""air""}",https://m.media-amazon.com/images/I/41-qe4lyyXL.jpg
COOLER,Cooler Master,Cooler Master Hyper 212 EVO,287100,1424,"{""Color"": """", ""Radiator"": """", ""Type"": ""air""}",https://cdna.pcpartpicker.com/static/forever/images/product/ddea57de9797549e80d05fb3acb2e83d.med.256p.jpg
COOLER,Noctua,Noctua NH-L9a-AM4,73900,58,"{""Color"": ""Brown"", ""Radiator"": """", ""Type"": ""air""}",https://cdna.pcpartpicker.com/static/forever/images/product/c83b5fd9fdf5b659ec8feba8e1c60568.256p.jpg
COOLER,Thermalright,Thermalright Phantom Spirit 120,50600,36,"{""Color"": ""Black / Silver"", ""Radiator"": """", ""Type"": ""air""}",https://cdna.pcpartpicker.com/static/forever/images/product/904cfe2602943f2e7267ea8bcf5c5583.256p.jpg
COOLER,Thermalright,Thermalright Peerless Assassin 120 Black,47300,28,"{""Color"": ""Black"", ""Radiator"": """", ""Type"": ""air""}",https://m.media-amazon.com/images/I/41TOck4ZY5L.jpg
COOLER,Noctua,Noctua NH-U9S,109600,81,"{""Color"": """", ""Radiator"": """", ""Type"": ""air""}",https://cdna.pcpartpicker.com/static/forever/images/product/bc78f36e2f174fd73acf57aeb849cf11.256p.jpg
COOLER,Noctua,Noctua NH-U12S redux,62000,20,"{""Color"": ""Gray / Silver"", ""Radiator"": """", ""Type"": ""air""}",https://cdna.pcpartpicker.com/static/forever/images/product/b8721c74d96c94c4b3dfb8c97a7aaae1.256p.jpg
COOLER,Noctua,Noctua NH-U12S,150800,96,"{""Color"": """", ""Radiator"": """", ""Type"": ""air""}",https://cdna.pcpartpicker.com/static/forever/images/product/351c9a441cd970d83faee6f581d07f73.med.256p.jpg
COOLER,NZXT,NZXT Kraken Elite 360 RGB,429200,20,"{""Color"": ""Black"", ""Radiator"": ""360 mm"", ""Type"": ""Liquid""}",https://cdna.pcpartpicker.com/static/forever/images/product/00f3005287758516d8b319cefd625a13.256p.jpg
COOLER,Thermalright,Thermalright Frozen Notte ARGB,89400,24,"{""Color"": ""White"", ""Radiator"": ""360 mm"", ""Type"": ""Liquid""}",https://m.media-amazon.com/images/I/41+ra26X+fL.jpg
COOLER,NZXT,NZXT Kraken X53,240700,106,"{""Color"": ""Black"", ""Radiator"": ""240 mm"", ""Type"": ""Liquid""}",https://cdna.pcpartpicker.com/static/forever/images/product/098f91f23535f45875611413e7b892d6.256p.jpg
COOLER,Noctua,Noctua NH-L9a-AM4 chromax.black,88700,26,"{""Color"": ""Black"", ""Radiator"": """", ""Type"": ""air""}",https://m.media-amazon.com/images/I/419VnDiR9tL.jpg
COOLER,Noctua,Noctua NH-D15S,154500,94,"{""Color"": """", ""Radiator"": """", ""Type"": ""air""}",https://cdna.pcpartpicker.com/static/forever/images/product/ed53ee293a5850a42c79d46f37349901.256p.jpg
COOLER,Noctua,Noctua NH-U14S,139500,69,"{""Color"": """", ""Radiator"": """", ""Type"": ""air""}",https://cdna.pcpartpicker.com/static/forever/images/product/356776b12b7cb2e8c1368bbba0858a81.med.256p.jpg
COOLER,be quiet!,be quiet! Dark Rock Slim,90600,29,"{""Color"": ""Black"", ""Radiator"": """", ""Type"": ""air""}",https://cdna.pcpartpicker.com/static/forever/images/product/e54422fa9f63e8876b7bf51ef19ddb13.256p.jpg
COOLER,Deepcool,Deepcool LT520,149200,26,"{""Color"": ""Black / Gray"", ""Radiator"": ""240 mm"", ""Type"": ""Liquid""}",https://cdna.pcpartpicker.com/static/forever/images/product/63b8a5ceb8bc7dfc0a6f9108a6203d8b.256p.jpg
COOLER,be quiet!,be quiet! Pure Rock 2 FX,76900,22,"{""Color"": ""Black"", ""Radiator"": """", ""Type"": ""air""}",https://cdna.pcpartpicker.com/static/forever/images/product/6c8d81d6a381f89132093a4b0707e1f8.256p.jpg
COOLER,Deepcool,Deepcool LS720 SE,140300,23,"{""Color"": ""Black"", ""Radiator"": ""360 mm"", ""Type"": ""Liquid""}",https://cdna.pcpartpicker.com/static/forever/images/product/f642b9e96c2961dee5f46d6b21661302.256p.jpg
COOLER,Noctua,Noctua NH-C14S,133100,30,"{""Color"": """", ""Radiator"": """", ""Type"": ""air""}",https://cdna.pcpartpicker.com/static/forever/images/product/224a71c7ddb83507e50721fd3424e7f7.256p.jpg
COOLER,ARCTIC,ARCTIC Freezer 34 eSports DUO,145900,27,"{""Color"": ""Red / Black"", ""Radiator"": """", ""Type"": ""air""}",https://cdna.pcpartpicker.com/static/forever/images/product/1f017bc0f64eb7bdf027badcdf9c6376.256p.jpg
COOLER,Noctua,Noctua NH-U12S SE-AM4,115600,21,"{""Color"": """", ""Radiator"": """", ""Type"": ""air""}",https://cdna.pcpartpicker.com/static/forever/images/product/c363b15c049fda640adb6c789d7aea1b.256p.jpg
COOLER,Cooler Master,Cooler Master MasterLiquid Lite 240,118300,20,"{""Color"": """", ""Radiator"": ""240 mm"", ""Type"": ""Liquid""}",https://cdna.pcpartpicker.com/static/forever/images/product/936fbad6cac2656c3a04f059e2c15fd2.256p.jpg
COOLER,Fractal Design,Fractal Design Celsius S36,225400,21,"{""Color"": """", ""Radiator"": ""360 mm"", ""Type"": ""Liquid""}",https://cdna.pcpartpicker.com/static/forever/images/product/0d556b8a72be0b775fa4262af3383326.256p.jpg
COOLER,Cooler Master,Cooler Master Hyper 212 Plus,381800,131,"{""Color"": """", ""Radiator"": """", ""Type"": ""air""}",https://m.media-amazon.com/images/I/2151gMh+9RL.jpg
COOLER,Lian Li,Lian Li GALAHAD AIO 240 RGB,216100,20,"{""Color"": ""Black / Silver"", ""Radiator"": ""240 mm"", ""Type"": ""Liquid""}",https://cdna.pcpartpicker.com/static/forever/images/product/e3cdbb4c7c3a6b01f384cc1557689f71.256p.jpg
COOLER,Zalman,Zalman CNPS5X Performa,30800,30,"{""Color"": """", ""Radiator"": """", ""Type"": ""air""}",https://cdna.pcpartpicker.com/static/forever/images/product/3bc3595d2e2398df3c7fc2ae3dbdff55.256p.jpg
GPU,NVIDIA,NVIDIA Founders Edition,6349200,18,"{""Boost Clock"": ""2407 MHz"", ""Chipset"": ""GeForce RTX 5090"", ""Color"": ""Black / Silver"", ""Core Clock"": ""2017 MHz"", ""Length"": ""304 mm"", ""Memory"": ""32 GB""}",https://cdna.pcpartpicker.com/static/forever/images/product/6b0f4a7c280559e287c8a35ed24da423.256p.jpg
GPU,Gigabyte,Gigabyte AORUS MASTER,5853400,10,"{""Boost Clock"": ""2655 MHz"", ""Chipset"": ""GeForce RTX 5090"", ""Color"": ""White"", ""Core Clock"": ""2010 MHz"", ""Length"": ""360 mm"", ""Memory"": ""32 GB""}",https://cdna.pcpartpicker.com/static/forever/images/product/3b48514507cb494a63445b44ad4592ec.256p.jpg
GPU,Gigabyte,Gigabyte GAMING OC,5240400,12,"{""Boost Clock"": ""2595 MHz"", ""Chipset"": ""GeForce RTX 4080 SUPER"", ""Color"": ""Black"", ""Core Clock"": ""2210 MHz"", ""Length"": ""342 mm"", ""Memory"": ""16 GB""}",https://cdna.pcpartpicker.com/static/forever/images/product/f0d37d31e138d2bcf9d924fc91417dc8.256p.jpg
GPU,ASUS,Asus ROG Astral OC,5224300,12,"{""Boost Clock"": ""2610 MHz"", ""Chipset"": ""GeForce RTX 5090"", ""Color"": ""Black / Silver"", ""Core Clock"": ""2010 MHz"", ""Length"": ""358 mm"", ""Memory"": ""32 GB""}",https://cdna.pcpartpicker.com/static/forever/images/product/0161407080353d18971dcccd15dc3722.256p.jpg
GPU,Gigabyte,Gigabyte GAMING OC,5165200,33,"{""Boost Clock"": """", ""Chipset"": ""GeForce RTX 4090"", ""Color"": ""Black"", ""Core Clock"": ""2235 MHz"", ""Length"": ""340 mm"", ""Memory"": ""24 GB""}",https://cdna.pcpartpicker.com/static/forever/images/product/a2b379f45c9a469f67e9d1118193a4ca.256p.jpg
GPU,PowerColor,PowerColor Red Devil OC,3642200,10,"{""Boost Clock"": ""2340 MHz"", ""Chipset"": ""Radeon RX 6800 XT"", ""Color"": ""Black"", ""Core Clock"": ""1825 MHz"", ""Length"": ""320 mm"", ""Memory"": ""16 GB""}",https://cdna.pcpartpicker.com/static/forever/images/product/d75160595233d2bbb6921d523d2db090.256p.jpg
GPU,EVGA,EVGA FTW3 ULTRA GAMING LE iCX3,2950900,33,"{""Boost Clock"": ""1800 MHz"", ""Chipset"": ""GeForce RTX 3080 Ti"", ""Color"": ""Black"", ""Core Clock"": ""1365 MHz"", ""Length"": ""300 mm"", ""Memory"": ""12 GB""}",https://m.media-amazon.com/images/I/41CPjBchLUS.jpg
GPU,NVIDIA,NVIDIA Founders Edition,2945200,19,"{""Boost Clock"": ""2550 MHz"", ""Chipset"": ""GeForce RTX 4080 SUPER"", ""Color"": ""Black"", ""Core Clock"": ""2210 MHz"", ""Length"": ""304 mm"", ""Memory"": ""16 GB""}",https://m.media-amazon.com/images/I/41EBTHE7u6L.jpg
GPU,ASUS,Asus STRIX GAMING OC,2930400,20,"{""Boost Clock"": ""1890 MHz"", ""Chipset"": ""GeForce RTX 3090"", ""Color"": ""Black"", ""Core Clock"": ""1395 MHz"", ""Length"": ""318 mm"", ""Memory"": ""24 GB""}",https://cdna.pcpartpicker.com/static/forever/images/product/2bf41468f1d5c4e843f7fbc5cb666783.256p.jpg
GPU,MSI,MSI Radeon RX 6800 XT Gaming X Trio 16G,2781100,12,"{""Boost Clock"": ""2285 MHz"", ""Chipset"": ""Radeon RX 6800 XT"", ""Color"": ""Silver / Black"", ""Core Clock"": ""1850 MHz"", ""Length"": ""324 mm"", ""Memory"": ""16 GB""}",https://cdna.pcpartpicker.com/static/forever/images/product/af2ad40f2fe03104421b94700c269a71.256p.jpg
GPU,PowerColor,PowerColor Red Devil,2711700,25,"{""Boost Clock"": ""2622 MHz"", ""Chipset"": ""Radeon RX 6700 XT"", ""Color"": ""Black"", ""Core Clock"": ""2321 MHz"", ""Length"": ""320 mm"", ""Memory"": ""12 GB""}",https://cdna.pcpartpicker.com/static/forever/images/product/0494f4e94ea334306d4aaae9a0cc3d8c.256p.jpg
GPU,MSI,MSI VENTUS 3X OC,2644200,11,"{""Boost Clock"": ""1695 MHz"", ""Chipset"": ""GeForce RTX 3080 Ti"", ""Color"": ""Black / Silver"", ""Core Clock"": ""1365 MHz"", ""Length"": ""305 mm"", ""Memory"": ""12 GB""}",https://m.media-amazon.com/images/I/41AXYS6lrhS.jpg
GPU,Sapphire,Sapphire NITRO+,2516000,54,"{""Boost Clock"": ""2680 MHz"", ""Chipset"": ""Radeon RX 7900 XTX"", ""Color"": ""Silver / Black"", ""Core Clock"": ""2300 MHz"", ""Length"": ""320 mm"", ""Memory"": ""24 GB""}",https://cdna.pcpartpicker.com/static/forever/images/product/c4b5d01ef7e75bca37fc28846e827143.256p.jpg
GPU,NVIDIA,NVIDIA Founders Edition,2501200,22,"{""Boost Clock"": ""2510 MHz"", ""Chipset"": ""GeForce RTX 4080"", ""Color"": ""Black / Silver"", ""Core Clock"": ""2210 MHz"", ""Length"": ""304 mm"", ""Memory"": ""16 GB""}",https://m.media-amazon.com/images/I/414goNzSLaL.jpg
GPU,ASUS,Asus TUF GAMING OC,2501200,12,"{""Boost Clock"": ""2640 MHz"", ""Chipset"": ""GeForce RTX 4080 SUPER"", ""Color"": ""Black"", ""Core Clock"": ""2210 MHz"", ""Length"": ""348 mm"", ""Memory"": ""16 GB""}",https://m.media-amazon.com/images/I/414HBcgSZPL.jpg
GPU,ASUS,Asus ROG Astral OC,2390900,10,"{""Boost Clock"": """", ""Chipset"": ""GeForce RTX 5080"", ""Color"": ""Black / Silver"", ""Core Clock"": ""2300 MHz"", ""Length"": ""358 mm"", ""Memory"": ""16 GB""}",https://cdna.pcpartpicker.com/static/forever/images/product/94f5fe9dfa12cf9590ae428b8ba3da53.256p.jpg
GPU,PowerColor,PowerColor Red Devil,2303000,61,"{""Boost Clock"": ""1905 MHz"", ""Chipset"": ""Radeon RX 5700 XT"", ""Color"": ""Black / Red"", ""Core Clock"": ""1605 MHz"", ""Length"": ""300 mm"", ""Memory"": ""8 GB""}",https://cdna.pcpartpicker.com/static/forever/images/product/529b4d648ec918d5b60553516254d871.256p.jpg
GPU,NVIDIA,NVIDIA Founders Edition,2220000,23,"{""Boost Clock"": ""2620 MHz"", ""Chipset"": ""GeForce RTX 5080"", ""Color"": ""Black / Gray"", ""Core Clock"": ""2300 MHz"", ""Length"": ""304 mm"", ""Memory"": ""16 GB""}",https://cdna.pcpartpicker.com/static/forever/images/product/827dd8b562ba551d7e5e6376c153e4e0.256p.jpg
GPU,MSI,MSI GAMING X,2204000,16,"{""Boost Clock"": ""1980 MHz"", ""Chipset"": ""Radeon RX 5700 XT"", ""Color"": ""Silver / Black"", ""Core Clock"": ""1730 MHz"", ""Length"": ""297 mm"", ""Memory"": ""8 GB""}",https://cdna.pcpartpicker.com/static/forever/images/product/fcd86c9bb7dacb6399ddcde5e453a0fd.256p.jpg
GPU,Gigabyte,Gigabyte AERO OC SFF,2085200,14,"{""Boost Clock"": """", ""Chipset"": ""GeForce RTX 5080"", ""Color"": ""White / Silver"", ""Core Clock"": ""2300 MHz"", ""Length"": ""304 mm"", ""Memory"": ""16 GB""}",https://cdna.pcpartpicker.com/static/forever/images/product/81715ed28e3aae88fb103d7232adcc9f.256p.jpg
GPU,NVIDIA,NVIDIA Founders Edition,1909200,19,"{""Boost Clock"": ""2480 MHz"", ""Chipset"": ""GeForce RTX 4070 SUPER"", ""Color"": ""Black / Silver"", ""Core Clock"": ""1980 MHz"", ""Length"": ""244 mm"", ""Memory"": ""12 GB""}",https://cdna.pcpartpicker.com/static/forever/images/product/42c230daa7a42426b3025984bf3418bd.256p.jpg
GPU,XFX,XFX Speedster MERC 310,1892800,20,"{""Boost Clock"": ""2535 MHz"", ""Chipset"": ""Radeon RX 7900 XT"", ""Color"": ""Black / Silver"", ""Core Clock"": ""2000 MHz"", ""Length"": ""344 mm"", ""Memory"": ""20 GB""}",https://cdna.pcpartpicker.com/static/forever/images/product/9fa3f47342c691292f00856cb289c08d.256p.jpg
GPU,MSI,MSI Radeon RX 5600 XT GAMING MX,1787800,14,"{""Boost Clock"": ""1620 MHz"", ""Chipset"": ""Radeon RX 5600 XT"", ""Color"": ""Black / Silver"", ""Core Clock"": ""1280 MHz"", ""Length"": ""297 mm"", ""Memory"": ""6 GB""}",https://cdna.pcpartpicker.com/static/forever/images/product/43c82c4eced4b715ab4826414507a7e0.256p.jpg
GPU,EVGA,EVGA Founders Edition,1773000,14,"{""Boost Clock"": ""1582 MHz"", ""Chipset"": ""GeForce GTX 1080 Ti"", ""Color"": ""Black / Silver"", ""Core Clock"": ""1480 MHz"", ""Length"": ""267 mm"", ""Memory"": ""11 GB""}",https://m.media-amazon.com/images/I/41ULr9QrSwL.jpg
GPU,ASUS,Asus ROG STRIX,1759400,10,"{""Boost Clock"": ""1590 MHz"", ""Chipset"": ""Radeon RX VEGA 64"", ""Color"": ""Black / Red"", ""Core Clock"": ""1247 MHz"", ""Length"": ""298 mm"", ""Memory"": ""8 GB""}",https://cdna.pcpartpicker.com/static/forever/images/product/258143e2c77a65ac8c75b4317c6901c3.256p.jpg
GPU,ASUS,Asus TUF GAMING OC,1672400,12,"{""Boost Clock"": ""2610 MHz"", ""Chipset"": ""GeForce RTX 5070 Ti"", ""Color"": ""Black / Silver"", ""Core Clock"": ""2300 MHz"", ""Length"": ""329 mm"", ""Memory"": ""16 GB""}",https://cdna.pcpartpicker.com/static/forever/images/product/a9f549d5905f54cf6f3e43c9a38643d5.256p.jpg
GPU,Gigabyte,Gigabyte AERO OC,1657600,14,"{""Boost Clock"": """", ""Chipset"": ""GeForce RTX 5070 Ti"", ""Color"": ""White / Silver"", ""Core Clock"": ""2588 MHz"", ""Length"": ""340 mm"", ""Memory"": ""16 GB""}",https://cdna.pcpartpicker.com/static/forever/images/product/87996fa1877095ab8f6db8fb7b6adf34.256p.jpg
GPU,NVIDIA,NVIDIA Founders Edition,1625000,10,"{""Boost Clock"": ""1683 MHz"", ""Chipset"": ""GeForce GTX 1070 Ti"", ""Color"": ""Silver / Black"", ""Core Clock"": ""1607 MHz"", ""Length"": ""267 mm"", ""Memory"": ""8 GB""}",https://m.media-amazon.com/images/I/51ObOUrf8DL.jpg
GPU,ASUS,Asus DUAL OC,1613200,18,"{""Boost Clock"": ""2550 MHz"", ""Chipset"": ""GeForce RTX 4070 SUPER"", ""Color"": ""Black"", ""Core Clock"": ""1980 MHz"", ""Length"": ""267 mm"", ""Memory"": ""12 GB""}",https://cdna.pcpartpicker.com/static/forever/images/product/893108b2bc445db992e277a36594ff07.256p.jpg
GPU,ASRock,ASRock Phantom Gaming OC,1547700,15,"{""Boost Clock"": ""2615 MHz"", ""Chipset"": ""Radeon RX 7900 XTX"", ""Color"": ""Black"", ""Core Clock"": ""2300 MHz"", ""Length"": ""330 mm"", ""Memory"": ""24 GB""}",https://cdna.pcpartpicker.com/static/forever/images/product/d3d588536b23037ec14a155a67de9e4a.256p.jpg
GPU,Gigabyte,Gigabyte GAMING OC,1508000,11,"{""Boost Clock"": """", ""Chipset"": ""GeForce RTX 5070 Ti"", ""Color"": ""Black"", ""Core Clock"": ""2588 MHz"", ""Length"": ""340 mm"", ""Memory"": ""16 GB""}",https://cdna.pcpartpicker.com/static/forever/images/product/7286e3994f72346993fa78135c86ddbe.256p.jpg
GPU,ASUS,Asus TUF GAMING OC,1480000,11,"{""Boost Clock"": ""2580 MHz"", ""Chipset"": ""GeForce RTX 4070"", ""Color"": ""Black"", ""Core Clock"": ""1920 MHz"", ""Length"": ""301 mm"", ""Memory"": ""12 GB""}",https://cdna.pcpartpicker.com/static/forever/images/product/e22be0610602f1d8bd1357e793769732.256p.jpg
GPU,MSI,MSI MECH 2X OC,1479900,14,"{""Boost Clock"": """", ""Chipset"": ""Radeon RX 6700 XT"", ""Color"": ""Black / Silver"", ""Core Clock"": ""2321 MHz"", ""Length"": ""247 mm"", ""Memory"": ""12 GB""}",https://cdna.pcpartpicker.com/static/forever/images/product/e8016f882d63f9ec9ee0bcb8a84c44a7.256p.jpg
GPU,EVGA,EVGA 03G-P4-2881-KR,1477000,11,"{""Boost Clock"": ""928 MHz"", ""Chipset"": ""GeForce GTX 780 Ti"", ""Color"": ""Black / Silver"", ""Core Clock"": ""875 MHz"", ""Length"": ""266 mm"", ""Memory"": ""3 GB""}",https://m.media-amazon.com/images/I/41OlrJG75kL.jpg
GPU,EVGA,EVGA Superclocked,1477000,30,"{""Boost Clock"": """", ""Chipset"": ""GeForce GTX 780"", ""Color"": ""Black / Silver"", ""Core Clock"": ""941 MHz"", ""Length"": ""266 mm"", ""Memory"": ""3 GB""}",https://m.media-amazon.com/images/I/41FIPuuCHnL.jpg
GPU,EVGA,EVGA 03G-P4-2781-KR,1477000,14,"{""Boost Clock"": """", ""Chipset"": ""GeForce GTX 780"", ""Color"": ""Black / Silver"", ""Core Clock"": ""863 MHz"", ""Length"": ""266 mm"", ""Memory"": ""3 GB""}",https://m.media-amazon.com/images/I/41K9eKWZ8dL.jpg
GPU,Gigabyte,Gigabyte WINDFORCE OC,1465200,27,"{""Boost Clock"": ""2490 MHz"", ""Chipset"": ""GeForce RTX 4070"", ""Color"": ""Black"", ""Core Clock"": ""1920 MHz"", ""Length"": ""261 mm"", ""Memory"": ""12 GB""}",https://cdna.pcpartpicker.com/static/forever/images/product/772cce097c55469671a0d75ea4aca83a.256p.jpg
GPU,NVIDIA,NVIDIA Founders Edition,1465200,17,"{""Boost Clock"": ""2480 MHz"", ""Chipset"": ""GeForce RTX 4070"", ""Color"": ""Black / Silver"", ""Core Clock"": ""1920 MHz"", ""Length"": ""244 mm"", ""Memory"": ""12 GB""}",https://cdna.pcpartpicker.com/static/forever/images/product/8258cfebf744bbf8e9d175944093d490.256p.jpg
GPU,Gigabyte,Gigabyte GAMING OC,1441900,44,"{""Boost Clock"": ""2565 MHz"", ""Chipset"": ""Radeon RX 7800 XT"", ""Color"": ""Black"", ""Core Clock"": ""1295 MHz"", ""Length"": ""302 mm"", ""Memory"": ""16 GB""}",https://cdna.pcpartpicker.com/static/forever/images/product/7760e2607e7488a74486e8de8d3162b5.256p.jpg
GPU,Gigabyte,Gigabyte AORUS MASTER,1434900,13,"{""Boost Clock"": ""1875 MHz"", ""Chipset"": ""GeForce RTX 3070 Ti"", ""Color"": ""Black"", ""Core Clock"": ""1575 MHz"", ""Length"": ""324 mm"", ""Memory"": ""8 GB""}",https://m.media-amazon.com/images/I/41B5eF8rX0S.jpg
GPU,PNY,PNY OC,1431000,13,"{""Boost Clock"": ""2572 MHz"", ""Chipset"": ""GeForce RTX 5070 Ti"", ""Color"": ""Black"", ""Core Clock"": ""2295 MHz"", ""Length"": ""300 mm"", ""Memory"": ""16 GB""}",https://cdna.pcpartpicker.com/static/forever/images/product/4fbe161d8b3204734dc5c964dc5443e4.256p.jpg
GPU,MSI,MSI VENTUS 3X OC,1416200,10,"{""Boost Clock"": ""2497 MHz"", ""Chipset"": ""GeForce RTX 5070 Ti"", ""Color"": ""Silver / Black"", ""Core Clock"": ""2300 MHz"", ""Length"": ""303 mm"", ""Memory"": ""16 GB""}",https://cdna.pcpartpicker.com/static/forever/images/product/39f468764f322157ce781ad2c4fa803b.256p.jpg
GPU,MSI,MSI GAMING X,1402700,48,"{""Boost Clock"": ""1847 MHz"", ""Chipset"": ""GeForce GTX 1080"", ""Color"": ""Black / Red"", ""Core Clock"": ""1607 MHz"", ""Length"": ""279 mm"", ""Memory"": ""8 GB""}",https://cdna.pcpartpicker.com/static/forever/images/product/840f43595920ae048e8968a2a9d00ae5.256p.jpg
GPU,MSI,MSI GAMING X,1391200,49,"{""Boost Clock"": ""1695 MHz"", ""Chipset"": ""GeForce RTX 2060 SUPER"", ""Color"": ""Black / Silver"", ""Core Clock"": ""1470 MHz"", ""Length"": ""248 mm"", ""Memory"": ""8 GB""}",https://cdna.pcpartpicker.com/static/forever/images/product/f3a93efd23ff104cce5d6916a00d547e.256p.jpg
GPU,Gigabyte,Gigabyte Vision OC,1348300,11,"{""Boost Clock"": ""1830 MHz"", ""Chipset"": ""GeForce RTX 3070 Ti"", ""Color"": ""White / Silver"", ""Core Clock"": ""1575 MHz"", ""Length"": ""320 mm"", ""Memory"": ""8 GB""}",https://cdna.pcpartpicker.com/static/forever/images/product/3c9d9e0d97fc72f521dc29716a7e40ba.256p.jpg
GPU,XFX,XFX Speedster MERC 310 Black Edition,1330500,65,"{""Boost Clock"": ""2615 MHz"", ""Chipset"": ""Radeon RX 7900 XTX"", ""Color"": ""Black / Silver"", ""Core Clock"": ""2300 MHz"", ""Length"": ""344 mm"", ""Memory"": ""24 GB""}",https://cdna.pcpartpicker.com/static/forever/images/product/4b6e1666bdde2d084cb87b98ba5d8b30.256p.jpg
GPU,EVGA,EVGA FTW3 ULTRA GAMING,1316100,32,"{""Boost Clock"": ""1860 MHz"", ""Chipset"": ""GeForce RTX 3070 Ti"", ""Color"": ""Black"", ""Core Clock"": ""1575 MHz"", ""Length"": ""300 mm"", ""Memory"": ""8 GB""}",https://m.media-amazon.com/images/I/41wNSzchLVS.jpg
GPU,EVGA,EVGA SC GAMING ACX 3.0 Black Edition,1300100,61,"{""Boost Clock"": ""1784 MHz"", ""Chipset"": ""GeForce GTX 1070"", ""Color"": ""Black / Silver"", ""Core Clock"": ""1594 MHz"", ""Length"": ""267 mm"", ""Memory"": ""8 GB""}",https://cdna.pcpartpicker.com/static/forever/images/product/ef6b9749cb49e7393c49c420302ac3cb.256p.jpg
GPU,Sapphire,Sapphire PULSE,1246000,36,"{""Boost Clock"": """", ""Chipset"": ""Radeon RX 7800 XT"", ""Color"": ""Black / Red"", ""Core Clock"": ""1295 MHz"", ""Length"": ""280 mm"", ""Memory"": ""16 GB""}",https://m.media-amazon.com/images/I/41DfYxZXJqL.jpg
GPU,ASUS,Asus TURBO-GTX1070-8G,1236300,16,"{""Boost Clock"": ""1683 MHz"", ""Chipset"": ""GeForce GTX 1070"", ""Color"": ""Black / Silver"", ""Core Clock"": ""1506 MHz"", ""Length"": ""267 mm"", ""Memory"": ""8 GB""}",https://cdna.pcpartpicker.com/static/forever/images/product/77fe686ec7d4fa16c1de519d99051758.256p.jpg
GPU,MSI,MSI GAMING X TRIO,1231600,13,"{""Boost Clock"": ""1830 MHz"", ""Chipset"": ""GeForce RTX 3070 Ti"", ""Color"": ""Black / Silver"", ""Core Clock"": ""1575 MHz"", ""Length"": ""323 mm"", ""Memory"": ""8 GB""}",https://m.media-amazon.com/images/I/41nHFEB9R+S.jpg
GPU,Gigabyte,Gigabyte WINDFORCE OC,1216700,24,"{""Boost Clock"": ""1771 MHz"", ""Chipset"": ""GeForce GTX 1070"", ""Color"": ""Black / Orange"", ""Core Clock"": ""1556 MHz"", ""Length"": ""280 mm"", ""Memory"": ""8 GB""}",https://m.media-amazon.com/images/I/51BH4Kt+lzL.jpg
GPU,Sapphire,Sapphire NITRO+,1210500,37,"{""Boost Clock"": ""3060 MHz"", ""Chipset"": ""Radeon RX 9070 XT"", ""Color"": ""Black"", ""Core Clock"": ""2520 MHz"", ""Length"": ""331 mm"", ""Memory"": ""16 GB""}",https://cdna.pcpartpicker.com/static/forever/images/product/1add1f9857eec8cf98c8963331dfe4b6.256p.jpg
GPU,PowerColor,PowerColor Red Devil OC,1179400,10,"{""Boost Clock"": ""3060 MHz"", ""Chipset"": ""Radeon RX 9070 XT"", ""Color"": ""Black / Red"", ""Core Clock"": ""2460 MHz"", ""Length"": ""340 mm"", ""Memory"": ""16 GB""}",https://cdna.pcpartpicker.com/static/forever/images/product/72d2d19e10c9c2bd94bb642c3726df41.256p.jpg
GPU,MSI,MSI AIR BOOST OC,1144600,13,"{""Boost Clock"": ""1520 MHz"", ""Chipset"": ""Radeon RX VEGA 56"", ""Color"": ""Black / Red"", ""Core Clock"": ""1181 MHz"", ""Length"": ""270 mm"", ""Memory"": ""8 GB""}",https://cdna.pcpartpicker.com/static/forever/images/product/a062fa22992d4c9f3d18bbb3edd2eafc.256p.jpg
GPU,Sapphire,Sapphire PURE,1130500,12,"{""Boost Clock"": ""3010 MHz"", ""Chipset"": ""Radeon RX 9070 XT"", ""Color"": ""White"", ""Core Clock"": ""2460 MHz"", ""Length"": ""320 mm"", ""Memory"": ""16 GB""}",https://cdna.pcpartpicker.com/static/forever/images/product/2c06f017723d991b814947ff0c9bd519.256p.jpg
GPU,XFX,XFX Mercury OC RGB,1124700,12,"{""Boost Clock"": ""3100 MHz"", ""Chipset"": ""Radeon RX 9070 XT"", ""Color"": ""Black"", ""Core Clock"": ""1870 MHz"", ""Length"": ""360 mm"", ""Memory"": ""16 GB""}",https://cdna.pcpartpicker.com/static/forever/images/product/65b2abf683f0bb8024a83e0038429b5b.256p.jpg
GPU,EVGA,EVGA SC ULTRA GAMING,1117400,22,"{""Boost Clock"": ""1755 MHz"", ""Chipset"": ""GeForce GTX 1650 SUPER"", ""Color"": ""Black"", ""Core Clock"": ""1530 MHz"", ""Length"": ""202 mm"", ""Memory"": ""4 GB""}",https://cdna.pcpartpicker.com/static/forever/images/product/50af1d4d41843ea4c143fff3dfbdf33b.256p.jpg
GPU,Sapphire,Sapphire PULSE,1072900,30,"{""Boost Clock"": ""2970 MHz"", ""Chipset"": ""Radeon RX 9070 XT"", ""Color"": ""Black"", ""Core Clock"": ""2400 MHz"", ""Length"": ""320 mm"", ""Memory"": ""16 GB""}",https://cdna.pcpartpicker.com/static/forever/images/product/476e6143a031380658f2fdb9d5a2126d.256p.jpg
GPU,EVGA,EVGA XC GAMING,1070700,63,"{""Boost Clock"": ""1882 MHz"", ""Chipset"": ""GeForce RTX 3060 12GB"", ""Color"": ""Black"", ""Core Clock"": ""1320 MHz"", ""Length"": ""202 mm"", ""Memory"": ""12 GB""}",https://m.media-amazon.com/images/I/51ufTnVhMeL.jpg
GPU,ASUS,Asus PRIME OC,1068400,22,"{""Boost Clock"": ""3030 MHz"", ""Chipset"": ""Radeon RX 9070 XT"", ""Color"": ""Black"", ""Core Clock"": ""2460 MHz"", ""Length"": ""312 mm"", ""Memory"": ""16 GB""}",https://cdna.pcpartpicker.com/static/forever/images/product/a276b7c0da9743accbc0a6e0d88732df.256p.jpg
GPU,PowerColor,PowerColor Reaper,1065600,14,"{""Boost Clock"": ""2970 MHz"", ""Chipset"": ""Radeon RX 9070 XT"", ""Color"": ""Black / Red"", ""Core Clock"": ""2400 MHz"", ""Length"": ""289 mm"", ""Memory"": ""16 GB""}",https://cdna.pcpartpicker.com/static/forever/images/product/160efdc913b158179077601d43569379.256p.jpg
GPU,XFX,XFX GTS XXX,1059100,44,"{""Boost Clock"": ""1386 MHz"", ""Chipset"": ""Radeon RX 580"", ""Color"": ""Black / Red"", ""Core Clock"": ""1366 MHz"", ""Length"": ""270 mm"", ""Memory"": ""8 GB""}",https://cdna.pcpartpicker.com/static/forever/images/product/7a8d66854d65f497aca573e84772d861.256p.jpg
GPU,Zotac,Zotac GAMING Twin Edge OC,1045000,10,"{""Boost Clock"": ""1695 MHz"", ""Chipset"": ""GeForce RTX 3060 Ti LHR"", ""Color"": ""Black"", ""Core Clock"": ""1410 MHz"", ""Length"": ""222 mm"", ""Memory"": ""8 GB""}",https://m.media-amazon.com/images/I/31Qfpn4jBbL.jpg
GPU,ASRock,ASRock Challenger,1036000,10,"{""Boost Clock"": ""2970 MHz"", ""Chipset"": ""Radeon RX 9070 XT"", ""Color"": ""Black"", ""Core Clock"": ""2400 MHz"", ""Length"": ""290 mm"", ""Memory"": ""16 GB""}",https://cdna.pcpartpicker.com/static/forever/images/product/f016a332e2c52da6b3bc42013e651566.256p.jpg
GPU,ASRock,ASRock Steel Legend,1034200,27,"{""Boost Clock"": ""2970 MHz"", ""Chipset"": ""Radeon RX 9070 XT"", ""Color"": ""White / Gray"", ""Core Clock"": ""2400 MHz"", ""Length"": ""298 mm"", ""Memory"": ""16 GB""}",https://cdna.pcpartpicker.com/static/forever/images/product/289050b8f57e88a5cc6ea4463310a5ef.256p.jpg
GPU,Gigabyte,Gigabyte GAMING OC Rev 2.0,1002300,20,"{""Boost Clock"": ""1837 MHz"", ""Chipset"": ""GeForce RTX 3060 12GB"", ""Color"": ""Black / Gray"", ""Core Clock"": ""1320 MHz"", ""Length"": ""282 mm"", ""Memory"": ""12 GB""}",https://cdna.pcpartpicker.com/static/forever/images/product/23125b08d8d0986375005ffebc793f62.256p.jpg
GPU,XFX,XFX Swift,982600,18,"{""Boost Clock"": ""2970 MHz"", ""Chipset"": ""Radeon RX 9070 XT"", ""Color"": ""Black"", ""Core Clock"": ""1660 MHz"", ""Length"": ""325 mm"", ""Memory"": ""16 GB""}",https://cdna.pcpartpicker.com/static/forever/images/product/c1c0551489e7f81cd521f6bfc7dac233.256p.jpg
GPU,PNY,PNY OC,975300,15,"{""Boost Clock"": ""2587 MHz"", ""Chipset"": ""GeForce RTX 5070"", ""Color"": ""Black"", ""Core Clock"": ""2325 MHz"", ""Length"": ""300 mm"", ""Memory"": ""12 GB""}",https://cdna.pcpartpicker.com/static/forever/images/product/0973dbab1cd448060518fa00a079616c.256p.jpg
GPU,Gigabyte,Gigabyte GAMING OC,975200,36,"{""Boost Clock"": ""3060 MHz"", ""Chipset"": ""Radeon RX 9070 XT"", ""Color"": ""Black"", ""Core Clock"": ""2520 MHz"", ""Length"": ""288 mm"", ""Memory"": ""16 GB""}",https://cdna.pcpartpicker.com/static/forever/images/product/c667996432f428a46dd9e6286ff95b5f.256p.jpg
GPU,Zotac,Zotac GAMING Twin Edge OC,962000,16,"{""Boost Clock"": ""1807 MHz"", ""Chipset"": ""GeForce RTX 3060 12GB"", ""Color"": ""Black"", ""Core Clock"": ""1320 MHz"", ""Length"": ""224 mm"", ""Memory"": ""12 GB""}",https://m.media-amazon.com/images/I/31i7e8-EdQL.jpg
GPU,ASUS,Asus PRIME,960500,10,"{""Boost Clock"": """", ""Chipset"": ""GeForce RTX 5070"", ""Color"": ""Black / White"", ""Core Clock"": ""2160 MHz"", ""Length"": ""306 mm"", ""Memory"": ""12 GB""}",https://cdna.pcpartpicker.com/static/forever/images/product/ff0463c9c1bab135e7d0be471295c5ee.256p.jpg
GPU,ASUS,Asus PRIME OC,950200,12,"{""Boost Clock"": """", ""Chipset"": ""GeForce RTX 5070"", ""Color"": ""Black / White"", ""Core Clock"": ""2160 MHz"", ""Length"": ""306 mm"", ""Memory"": ""12 GB""}",https://cdna.pcpartpicker.com/static/forever/images/product/fde7ea2fd82e40a1a6acb5297de68611.256p.jpg
GPU,Gigabyte,Gigabyte GAMING OC,917600,13,"{""Boost Clock"": ""2599 MHz"", ""Chipset"": ""Radeon RX 7700 XT"", ""Color"": ""Black"", ""Core Clock"": ""1700 MHz"", ""Length"": ""302 mm"", ""Memory"": ""12 GB""}",https://cdna.pcpartpicker.com/static/forever/images/product/4255608ed3c98ddaaf0dc26bc7d2c982.256p.jpg
GPU,Gigabyte,Gigabyte WINDFORCE OC SFF,901200,11,"{""Boost Clock"": ""2542 MHz"", ""Chipset"": ""GeForce RTX 5070"", ""Color"": ""Black"", ""Core Clock"": ""2160 MHz"", ""Length"": ""282 mm"", ""Memory"": ""12 GB""}",https://cdna.pcpartpicker.com/static/forever/images/product/136567e8e098d881d15de177db1e9243.256p.jpg
GPU,MSI,MSI RX 6600 XT MECH 2X 8G OC,860500,11,"{""Boost Clock"": ""2602 MHz"", ""Chipset"": ""Radeon RX 6600 XT"", ""Color"": ""Black / Silver"", ""Core Clock"": ""1968 MHz"", ""Length"": ""235 mm"", ""Memory"": ""8 GB""}",https://cdna.pcpartpicker.com/static/forever/images/product/de7225d83465d909752ae5f50e9d3d36.256p.jpg
GPU,EVGA,EVGA SSC GAMING ACX 3.0,827100,21,"{""Boost Clock"": ""1480 MHz"", ""Chipset"": ""GeForce GTX 1050 Ti"", ""Color"": ""Black"", ""Core Clock"": ""1366 MHz"", ""Length"": ""229 mm"", ""Memory"": ""4 GB""}",https://m.media-amazon.com/images/I/41a5n29Ph5L.jpg
GPU,Gigabyte,Gigabyte OC,785100,57,"{""Boost Clock"": ""1830 MHz"", ""Chipset"": ""GeForce GTX 1660 SUPER"", ""Color"": ""Black / Silver"", ""Core Clock"": ""1530 MHz"", ""Length"": ""226 mm"", ""Memory"": ""6 GB""}",https://cdna.pcpartpicker.com/static/forever/images/product/e4a161f5e4a4392608d356aece78d3ce.256p.jpg
GPU,Inno3D,Inno3D Gaming OC X2,723800,10,"{""Boost Clock"": ""1830 MHz"", ""Chipset"": ""GeForce RTX 3050 8GB"", ""Color"": ""Black"", ""Core Clock"": ""1550 MHz"", ""Length"": ""240 mm"", ""Memory"": ""8 GB""}",https://cdna.pcpartpicker.com/static/forever/images/product/b8a8c237377f111b77794e5dfb7f3328.256p.jpg
GPU,XFX,XFX Speedster SWFT 210 Core,721000,12,"{""Boost Clock"": ""2635 MHz"", ""Chipset"": ""Radeon RX 6650 XT"", ""Color"": ""Black / Silver"", ""Core Clock"": ""2055 MHz"", ""Length"": ""241 mm"", ""Memory"": ""8 GB""}",https://cdna.pcpartpicker.com/static/forever/images/product/286555a12154c13311feaf62beab4ee9.256p.jpg
GPU,Sapphire,Sapphire PULSE,680700,10,"{""Boost Clock"": ""3290 MHz"", ""Chipset"": ""Radeon RX 9060 XT"", ""Color"": ""Black"", ""Core Clock"": ""2220 MHz"", ""Length"": ""240 mm"", ""Memory"": ""16 GB""}",https://cdna.pcpartpicker.com/static/forever/images/product/bb4fb586eae43c6dd135c6a5b97ddb52.256p.jpg
GPU,XFX,XFX Swift OC,664500,20,"{""Boost Clock"": ""3320 MHz"", ""Chipset"": ""Radeon RX 9060 XT"", ""Color"": ""Black"", ""Core Clock"": ""2220 MHz"", ""Length"": ""290 mm"", ""Memory"": ""16 GB""}",https://cdna.pcpartpicker.com/static/forever/images/product/b7e8bd378dc83ed462dd986eb508ace7.256p.jpg
GPU,Zotac,Zotac GAMING,662000,13,"{""Boost Clock"": ""1680 MHz"", ""Chipset"": ""GeForce RTX 2060"", ""Color"": ""Black"", ""Core Clock"": ""1365 MHz"", ""Length"": ""210 mm"", ""Memory"": ""6 GB""}",https://m.media-amazon.com/images/I/41nZPyPmNPL.jpg
GPU,MSI,MSI GAMING,657200,183,"{""Boost Clock"": ""1279 MHz"", ""Chipset"": ""GeForce GTX 970"", ""Color"": ""Black / Red"", ""Core Clock"": ""1140 MHz"", ""Length"": ""269 mm"", ""Memory"": ""4 GB""}",https://cdna.pcpartpicker.com/static/forever/images/product/e231d6dc03b4aab8867d8473f27a8870.256p.jpg
GPU,PowerColor,PowerColor Reaper,628900,11,"{""Boost Clock"": ""3230 MHz"", ""Chipset"": ""Radeon RX 9060 XT"", ""Color"": ""Black"", ""Core Clock"": ""2220 MHz"", ""Length"": ""200 mm"", ""Memory"": ""16 GB""}",https://cdna.pcpartpicker.com/static/forever/images/product/f534d935371e62d5ae8e46e9f05f300d.256p.jpg
GPU,ASRock,ASRock Challenger D,614100,36,"{""Boost Clock"": """", ""Chipset"": ""Radeon RX 6600"", ""Color"": ""Black"", ""Core Clock"": ""1626 MHz"", ""Length"": ""269 mm"", ""Memory"": ""8 GB""}",https://cdna.pcpartpicker.com/static/forever/images/product/c5489241c902a9ae06a42212e978f989.256p.jpg
GPU,Gigabyte,Gigabyte GAMING OC,605200,19,"{""Boost Clock"": ""3320 MHz"", ""Chipset"": ""Radeon RX 9060 XT"", ""Color"": ""Black"", ""Core Clock"": ""2220 MHz"", ""Length"": ""281 mm"", ""Memory"": ""16 GB""}",https://cdna.pcpartpicker.com/static/forever/images/product/867a636cde1c3c9762b06bde17acd022.256p.jpg
GPU,ASRock,ASRock Challenger OC,605200,10,"{""Boost Clock"": ""3290 MHz"", ""Chipset"": ""Radeon RX 9060 XT"", ""Color"": ""Black / Silver"", ""Core Clock"": ""2220 MHz"", ""Length"": ""249 mm"", ""Memory"": ""16 GB""}",https://cdna.pcpartpicker.com/static/forever/images/product/67f500a12c85e2179f6cbad6cc4838cb.256p.jpg
GPU,Sapphire,Sapphire PULSE,483100,11,"{""Boost Clock"": ""2755 MHz"", ""Chipset"": ""Radeon RX 7600"", ""Color"": ""Black / Red"", ""Core Clock"": ""1720 MHz"", ""Length"": ""240 mm"", ""Memory"": ""8 GB""}",https://cdna.pcpartpicker.com/static/forever/images/product/f1298cb3009d335d5d4c94c21d40b6f6.256p.jpg
GPU,EVGA,EVGA KO ULTRA GAMING,460300,46,"{""Boost Clock"": ""1755 MHz"", ""Chipset"": ""GeForce RTX 2060"", ""Color"": ""Black"", ""Core Clock"": ""1365 MHz"", ""Length"": ""202 mm"", ""Memory"": ""6 GB""}",https://cdna.pcpartpicker.com/static/forever/images/product/932e869ee03855291c9d97907dd1832d.256p.jpg
GPU,Gigabyte,Gigabyte GAMING OC,418200,11,"{""Boost Clock"": ""2755 MHz"", ""Chipset"": ""Radeon RX 7600"", ""Color"": ""Black / Silver"", ""Core Clock"": ""1720 MHz"", ""Length"": ""282 mm"", ""Memory"": ""8 GB""}",https://cdna.pcpartpicker.com/static/forever/images/product/3794bd1fed01ca0c18bb8dbf933117d5.256p.jpg
GPU,EVGA,EVGA FTW ACX 2.0+,250600,10,"{""Boost Clock"": ""1367 MHz"", ""Chipset"": ""GeForce GTX 960"", ""Color"": ""Black / White"", ""Core Clock"": ""1304 MHz"", ""Length"": ""256 mm"", ""Memory"": ""2 GB""}",https://cdna.pcpartpicker.com/static/forever/images/product/5e9c8f3fdbe2687aea9c3cf1ef60f058.256p.jpg
GPU,MSI,MSI GT 710 1GD3H LP,102100,11,"{""Boost Clock"": """", ""Chipset"": ""GeForce GT 710"", ""Color"": ""Black"", ""Core Clock"": ""954 MHz"", ""Length"": ""146 mm"", ""Memory"": ""1 GB""}",https://cdna.pcpartpicker.com/static/forever/images/product/94c8b0f21d77d7bfa2a9cb727857fcc6.256p.jpg
HDD,Seagate,Seagate Barracuda Compute,158300,750,"{""Capacity"": ""2 TB"", ""Form Factor"": ""3.5\"""", ""Type"": ""7200 RPM""}",https://cdna.pcpartpicker.com/static/forever/images/product/c7b5b7dacbecdcdd0e073b761193eef6.256p.jpg
HDD,Western Digital,Western Digital Caviar Blue,122800,2388,"{""Capacity"": ""1 TB"", ""Form Factor"": ""3.5\"""", ""Type"": ""7200 RPM""}",https://cdna.pcpartpicker.com/static/forever/images/product/daf819b70eccf7fec275bd65e3fe2b6a.256p.jpg
HDD,Seagate,Seagate BarraCuda,196600,81,"{""Capacity"": ""4 TB"", ""Form Factor"": ""3.5\"""", ""Type"": ""5400 RPM""}",https://cdna.pcpartpicker.com/static/forever/images/product/f2b81ef4f53b4566edfd5a5c7c60977d.256p.jpg
HDD,Western Digital,Western Digital Blue,182400,37,"{""Capacity"": ""2 TB"", ""Form Factor"": ""3.5\"""", ""Type"": ""7200 RPM""}",https://cdna.pcpartpicker.com/static/forever/images/product/0b9bfd76b0d511a6eff3730d12d5f95c.256p.jpg
HDD,Seagate,Seagate Barracuda Compute,155900,55,"{""Capacity"": ""2 TB"", ""Form Factor"": ""3.5\"""", ""Type"": ""7200 RPM""}",https://cdna.pcpartpicker.com/static/forever/images/product/64cf1a6fe313be20a6e6a146bfb54a2c.256p.jpg
HDD,Seagate,Seagate Barracuda Compute,347800,21,"{""Capacity"": ""8 TB"", ""Form Factor"": ""3.5\"""", ""Type"": ""5400 RPM""}",https://m.media-amazon.com/images/I/51pIb4cQHxL.jpg
HDD,Seagate,Seagate Barracuda Compute,199800,33,"{""Capacity"": ""4 TB"", ""Form Factor"": ""3.5\"""", ""Type"": ""5400 RPM""}",https://m.media-amazon.com/images/I/41Z-sFIFVOL.jpg
HDD,Western Digital,Western Digital WD_BLACK,346600,33,"{""Capacity"": ""4 TB"", ""Form Factor"": ""3.5\"""", ""Type"": ""7200 RPM""}",https://cdna.pcpartpicker.com/static/forever/images/product/ec18382394ec2952a8e9d49c60848c98.256p.jpg
HDD,Western Digital,Western Digital Blue,87300,34,"{""Capacity"": ""1 TB"", ""Form Factor"": ""3.5\"""", ""Type"": ""5400 RPM""}",https://m.media-amazon.com/images/I/41IN+RCleeL.jpg
HDD,Western Digital,Western Digital Blue,220500,30,"{""Capacity"": ""4 TB"", ""Form Factor"": ""3.5\"""", ""Type"": ""5400 RPM""}",https://cdna.pcpartpicker.com/static/forever/images/product/84d21e519b342daa8e8d2326b7c89e19.256p.jpg
HDD,Western Digital,Western Digital WD_BLACK,169200,251,"{""Capacity"": ""1 TB"", ""Form Factor"": ""3.5\"""", ""Type"": ""7200 RPM""}",https://cdna.pcpartpicker.com/static/forever/images/product/ec18382394ec2952a8e9d49c60848c98.256p.jpg
HDD,Western Digital,Western Digital WD_BLACK,245700,167,"{""Capacity"": ""2 TB"", ""Form Factor"": ""3.5\"""", ""Type"": ""7200 RPM""}",https://cdna.pcpartpicker.com/static/forever/images/product/28173b4f9da14a95f25c747429fd8f6c.256p.jpg
HDD,Western Digital,Western Digital Black,342500,26,"{""Capacity"": ""4 TB"", ""Form Factor"": ""3.5\"""", ""Type"": ""7200 RPM""}",https://m.media-amazon.com/images/I/51qR+ITxx3L.jpg
HDD,Seagate,Seagate BarraCuda,313700,96,"{""Capacity"": ""3 TB"", ""Form Factor"": ""3.5\"""", ""Type"": ""7200 RPM""}",https://m.media-amazon.com/images/I/51LYl6kDa3L.jpg
HDD,Toshiba,Toshiba DT01ACA200,561900,55,"{""Capacity"": ""2 TB"", ""Form Factor"": ""3.5\"""", ""Type"": ""7200 RPM""}",https://cdna.pcpartpicker.com/static/forever/images/product/0e5b51f8c3260bb7e8841b5d1d0281f1.256p.jpg
HDD,Western Digital,Western Digital Red,310700,25,"{""Capacity"": ""4 TB"", ""Form Factor"": ""3.5\"""", ""Type"": ""5400 RPM""}",https://cdna.pcpartpicker.com/static/forever/images/product/3c9f18ece88db3ae02dae92782f20f08.256p.jpg
HDD,Western Digital,Western Digital WD_BLACK,481000,28,"{""Capacity"": ""6 TB"", ""Form Factor"": ""3.5\"""", ""Type"": ""7200 RPM""}",https://cdna.pcpartpicker.com/static/forever/images/product/d85714ee933279eb3a5f80d43b95dcb3.256p.jpg
HDD,Western Digital,Western Digital Blue,307800,44,"{""Capacity"": ""4 TB"", ""Form Factor"": ""3.5\"""", ""Type"": ""5400 RPM""}",https://cdna.pcpartpicker.com/static/forever/images/product/d7fd9f86941e46d6612115498c2155c4.256p.jpg
HDD,Western Digital,Western Digital Blue,138200,29,"{""Capacity"": ""1 TB"", ""Form Factor"": ""2.5\"""", ""Type"": ""5400 RPM""}",https://cdna.pcpartpicker.com/static/forever/images/product/5eb163a435c8ce989520ed6bd5696250.256p.jpg
HDD,Western Digital,Western Digital Blue,90300,49,"{""Capacity"": ""2 TB"", ""Form Factor"": ""3.5\"""", ""Type"": ""5400 RPM""}",https://cdna.pcpartpicker.com/static/forever/images/product/7cd9235f8cad20a91df9e54389f5eead.256p.jpg
HDD,Western Digital,Western Digital Green,139100,62,"{""Capacity"": ""2 TB"", ""Form Factor"": ""3.5\"""", ""Type"": ""5400 RPM""}",https://cdna.pcpartpicker.com/static/forever/images/product/eff9a48c9dacace476ccf80580315107.256p.jpg
HDD,Western Digital,Western Digital Red,264900,43,"{""Capacity"": ""3 TB"", ""Form Factor"": ""3.5\"""", ""Type"": ""5400 RPM""}",https://cdna.pcpartpicker.com/static/forever/images/product/e087ced75f6688cf6bb49dc756384ae3.256p.jpg
HDD,Western Digital,Western Digital Caviar Black,221900,65,"{""Capacity"": ""2 TB"", ""Form Factor"": ""3.5\"""", ""Type"": ""7200 RPM""}",https://fr.pcpartpicker.com/static/forever/img/no-image.png
HDD,Western Digital,Western Digital Caviar Green,156900,55,"{""Capacity"": ""1 TB"", ""Form Factor"": ""3.5\"""", ""Type"": ""5400 RPM""}",https://cdna.pcpartpicker.com/static/forever/images/product/34a7b7fde575544ed520be91cac3b689.256p.jpg
HDD,Seagate,Seagate BarraCuda,210200,23,"{""Capacity"": ""1 TB"", ""Form Factor"": ""3.5\"""", ""Type"": ""7200 RPM""}",https://m.media-amazon.com/images/I/41CTKufxpYL.jpg
HDD,Toshiba,Toshiba DT01ACA300,242700,38,"{""Capacity"": ""3 TB"", ""Form Factor"": ""3.5\"""", ""Type"": ""7200 RPM""}",https://cdna.pcpartpicker.com/static/forever/images/product/cb9dd4010756df667309dd7398e9e260.256p.jpg
HDD,Samsung,Samsung Spinpoint F3,221900,26,"{""Capacity"": ""1 TB"", ""Form Factor"": ""3.5\"""", ""Type"": ""7200 RPM""}",https://fr.pcpartpicker.com/static/forever/img/no-image.png
HDD,Western Digital,Western Digital Caviar Blue,175000,36,"{""Capacity"": ""1 TB"", ""Form Factor"": ""3.5\"""", ""Type"": ""7200 RPM""}",https://fr.pcpartpicker.com/static/forever/img/no-image.png
HDD,Western Digital,Western Digital Caviar Black,145000,36,"{""Capacity"": ""1 TB"", ""Form Factor"": ""3.5\"""", ""Type"": ""7200 RPM""}",https://m.media-amazon.com/images/I/41+siLG8W8L.jpg
HDD,Western Digital,Western Digital Caviar Blue,47400,29,"{""Capacity"": ""320 GB"", ""Form Factor"": ""3.5\"""", ""Type"": ""7200 RPM""}",https://fr.pcpartpicker.com/static/forever/img/no-image.png
HDD,Western Digital,Western Digital Caviar Green,185000,39,"{""Capacity"": ""2 TB"", ""Form Factor"": ""3.5\"""", ""Type"": ""5400 RPM""}",https://m.media-amazon.com/images/I/31yyzYNs7WL.jpg
HDD,Seagate,Seagate Barracuda ES,122800,20,"{""Capacity"": ""1 TB"", ""Form Factor"": ""3.5\"""", ""Type"": ""7200 RPM""}",https://fr.pcpartpicker.com/static/forever/img/no-image.png
SSD,Kingston,Kingston NV3,224700,54,"{""Capacity"": ""1 TB"", ""Form Factor"": ""M.2-2280"", ""Type"": ""SSD""}",https://cdna.pcpartpicker.com/static/forever/images/product/0a0b12a29d901a2fef4cd49748f3cc54.256p.jpg
SSD,Samsung,Samsung 990 Pro,495800,279,"{""Capacity"": ""2 TB"", ""Form Factor"": ""M.2-2280"", ""Type"": ""SSD""}",https://cdna.pcpartpicker.com/static/forever/images/product/55fb148a837f9e33dfdb095188af8a74.256p.jpg
SSD,Samsung,Samsung 990 EVO Plus,395600,66,"{""Capacity"": ""2 TB"", ""Form Factor"": ""M.2-2280"", ""Type"": ""SSD""}",https://cdna.pcpartpicker.com/static/forever/images/product/e04f7c7b9bb44e66f4518b2d99d5798d.256p.jpg
SSD,Silicon Power,Silicon Power UD90,207200,28,"{""Capacity"": ""1 TB"", ""Form Factor"": ""M.2-2280"", ""Type"": ""SSD""}",https://cdna.pcpartpicker.com/static/forever/images/product/b897eb9b6b500cbebe80985cb7c8ba7e.256p.jpg
SSD,Samsung,Samsung 990 Pro,310800,85,"{""Capacity"": ""1 TB"", ""Form Factor"": ""M.2-2280"", ""Type"": ""SSD""}",https://m.media-amazon.com/images/I/41IWzc1mUwL.jpg
SSD,Western Digital,Western Digital WD_Black SN850X,510400,247,"{""Capacity"": ""2 TB"", ""Form Factor"": ""M.2-2280"", ""Type"": ""SSD""}",https://cdna.pcpartpicker.com/static/forever/images/product/8e6dbae8a0f3c6572216c8758ce5a0b5.256p.jpg
SSD,Samsung,Samsung 990 Pro,861200,108,"{""Capacity"": ""4 TB"", ""Form Factor"": ""M.2-2280"", ""Type"": ""SSD""}",https://cdna.pcpartpicker.com/static/forever/images/product/242cc7c9d1e07078de3b04029e20dd82.256p.jpg
SSD,Samsung,Samsung 990 EVO Plus,269400,53,"{""Capacity"": ""1 TB"", ""Form Factor"": ""M.2-2280"", ""Type"": ""SSD""}",https://cdna.pcpartpicker.com/static/forever/images/product/2c091ea31f2b5c8f08dd51ef546046b0.256p.jpg
SSD,Samsung,Samsung 980 Pro,458800,350,"{""Capacity"": ""1 TB"", ""Form Factor"": ""M.2-2280"", ""Type"": ""SSD""}",https://cdna.pcpartpicker.com/static/forever/images/product/4e02c24a00f7b79a56489db2acbe3a9b.256p.jpg
SSD,Silicon Power,Silicon Power UD90,325600,57,"{""Capacity"": ""2 TB"", ""Form Factor"": ""M.2-2280"", ""Type"": ""SSD""}",https://cdna.pcpartpicker.com/static/forever/images/product/664aadb9f84d7293d083671b43c1f898.256p.jpg
SSD,Western Digital,Western Digital WD_Black SN850X,299300,127,"{""Capacity"": ""1 TB"", ""Form Factor"": ""M.2-2280"", ""Type"": ""SSD""}",https://cdna.pcpartpicker.com/static/forever/images/product/8e6dbae8a0f3c6572216c8758ce5a0b5.256p.jpg
SSD,Samsung,Samsung 9100 PRO,532800,26,"{""Capacity"": ""2 TB"", ""Form Factor"": ""M.2-2280"", ""Type"": ""SSD""}",https://cdna.pcpartpicker.com/static/forever/images/product/01ad6b516b12c519dfb76ed08a2a7ef3.256p.jpg
SSD,Samsung,Samsung 9100 PRO,888000,25,"{""Capacity"": ""4 TB"", ""Form Factor"": ""M.2-2280"", ""Type"": ""SSD""}",https://m.media-amazon.com/images/I/3137jN3vkqL.jpg
SSD,Western Digital,Western Digital WD_Black SN850X,802500,86,"{""Capacity"": ""4 TB"", ""Form Factor"": ""M.2-2280"", ""Type"": ""SSD""}",https://cdna.pcpartpicker.com/static/forever/images/product/8e6dbae8a0f3c6572216c8758ce5a0b5.256p.jpg
SSD,Samsung,Samsung 870 Evo,376000,81,"{""Capacity"": ""1 TB"", ""Form Factor"": ""2.5\"""", ""Type"": ""SSD""}",https://m.media-amazon.com/images/I/31ITAX-GoIL.jpg
SSD,Samsung,Samsung 980 Pro,558100,351,"{""Capacity"": ""2 TB"", ""Form Factor"": ""M.2-2280"", ""Type"": ""SSD""}",https://cdna.pcpartpicker.com/static/forever/images/product/3b2a91588d1a28bfa1b0184fb7f1c0a1.256p.jpg
SSD,Silicon Power,Silicon Power P34A60,143600,40,"{""Capacity"": ""512 GB"", ""Form Factor"": ""M.2-2280"", ""Type"": ""SSD""}",https://cdna.pcpartpicker.com/static/forever/images/product/229130faab065e7908c58fd694f78e1a.256p.jpg
SSD,Samsung,Samsung 970 Evo Plus,554800,498,"{""Capacity"": ""1 TB"", ""Form Factor"": ""M.2-2280"", ""Type"": ""SSD""}",https://cdna.pcpartpicker.com/static/forever/images/product/326881d073c1b667bd348893696c690e.256p.jpg
SSD,Silicon Power,Silicon Power A55,109500,27,"{""Capacity"": ""512 GB"", ""Form Factor"": ""2.5\"""", ""Type"": ""SSD""}",https://cdna.pcpartpicker.com/static/forever/images/product/abd3fcbc74da1452f2d459e37ff9a107.256p.jpg
SSD,Crucial,Crucial BX500,192400,35,"{""Capacity"": ""1 TB"", ""Form Factor"": ""2.5\"""", ""Type"": ""SSD""}",https://cdna.pcpartpicker.com/static/forever/images/product/fff84afccbfab3054a5a88963c4bb271.256p.jpg
SSD,Samsung,Samsung 990 EVO Plus,717800,28,"{""Capacity"": ""4 TB"", ""Form Factor"": ""M.2-2280"", ""Type"": ""SSD""}",https://cdna.pcpartpicker.com/static/forever/images/product/b07f8856896f341990d6f5ed5c663406.256p.jpg
SSD,Samsung,Samsung 870 Evo,207200,37,"{""Capacity"": ""500 GB"", ""Form Factor"": ""2.5\"""", ""Type"": ""SSD""}",https://cdna.pcpartpicker.com/static/forever/images/product/2c576ecaedba7428ac231ac4f1e12a4d.256p.jpg
SSD,Western Digital,Western Digital Black SN770,444000,137,"{""Capacity"": ""1 TB"", ""Form Factor"": ""M.2-2280"", ""Type"": ""SSD""}",https://cdna.pcpartpicker.com/static/forever/images/product/8fcb88c883df1ee3563538df639a08c8.256p.jpg
SSD,Silicon Power,Silicon Power A55,210200,25,"{""Capacity"": ""1 TB"", ""Form Factor"": ""2.5\"""", ""Type"": ""SSD""}",https://cdna.pcpartpicker.com/static/forever/images/product/e4bdef695eda38603bff1a903c8bcaf4.256p.jpg
SSD,Kingston,Kingston KC3000,473600,45,"{""Capacity"": ""2.048 TB"", ""Form Factor"": ""M.2-2280"", ""Type"": ""SSD""}",https://m.media-amazon.com/images/I/31p3IUZV+ZL.jpg
SSD,Lexar,Lexar NM790,392200,26,"{""Capacity"": ""2 TB"", ""Form Factor"": ""M.2-2280"", ""Type"": ""SSD""}",https://cdna.pcpartpicker.com/static/forever/images/product/496a72c7b0963d48aff4970b5407c89f.256p.jpg
SSD,Samsung,Samsung 970 Evo Plus,843600,213,"{""Capacity"": ""2 TB"", ""Form Factor"": ""M.2-2280"", ""Type"": ""SSD""}",https://cdna.pcpartpicker.com/static/forever/images/product/13eff9fb98909107806f62c493d3775f.256p.jpg
SSD,Kingston,Kingston A400,104900,127,"{""Capacity"": ""240 GB"", ""Form Factor"": ""2.5\"""", ""Type"": ""SSD""}",https://cdna.pcpartpicker.com/static/forever/images/product/97e2bd828644767c8a80b71f8cb14743.256p.jpg
SSD,Crucial,Crucial T500,458800,32,"{""Capacity"": ""2 TB"", ""Form Factor"": ""M.2-2280"", ""Type"": ""SSD""}",https://cdna.pcpartpicker.com/static/forever/images/product/3fd5aee2fd8854d15ef3c81dcd9599f5.256p.jpg
SSD,Samsung,Samsung 980 Pro w/Heatsink,562400,23,"{""Capacity"": ""2 TB"", ""Form Factor"": ""M.2-2280"", ""Type"": ""SSD""}",https://cdna.pcpartpicker.com/static/forever/images/product/b2412d4f6cdb883eafbc4a27afa07878.256p.jpg
SSD,Crucial,Crucial P3 Plus,393700,113,"{""Capacity"": ""2 TB"", ""Form Factor"": ""M.2-2280"", ""Type"": ""SSD""}",https://cdna.pcpartpicker.com/static/forever/images/product/e28de633eafbdc136277c18fc2acc45f.256p.jpg
SSD,Samsung,Samsung 870 Evo,752600,36,"{""Capacity"": ""2 TB"", ""Form Factor"": ""2.5\"""", ""Type"": ""SSD""}",https://cdna.pcpartpicker.com/static/forever/images/product/2c576ecaedba7428ac231ac4f1e12a4d.256p.jpg
SSD,TEAMGROUP,TEAMGROUP MP33,218700,64,"{""Capacity"": ""1 TB"", ""Form Factor"": ""M.2-2280"", ""Type"": ""SSD""}",https://cdna.pcpartpicker.com/static/forever/images/product/567dfd409067c0a10aa67fc3c720c46d.256p.jpg
SSD,Western Digital,Western Digital Black SN770,454000,122,"{""Capacity"": ""2 TB"", ""Form Factor"": ""M.2-2280"", ""Type"": ""SSD""}",https://cdna.pcpartpicker.com/static/forever/images/product/5ab53f4ea70381a66686c52d0b6e05a6.256p.jpg
SSD,Samsung,Samsung 870 Evo,1070000,22,"{""Capacity"": ""4 TB"", ""Form Factor"": ""2.5\"""", ""Type"": ""SSD""}",https://cdna.pcpartpicker.com/static/forever/images/product/2c576ecaedba7428ac231ac4f1e12a4d.256p.jpg
SSD,Kingston,Kingston KC3000,300400,25,"{""Capacity"": ""1.024 TB"", ""Form Factor"": ""M.2-2280"", ""Type"": ""SSD""}",https://cdna.pcpartpicker.com/static/forever/images/product/e66fc9e6326af9ce97e3bd50268f61a2.256p.jpg
SSD,Samsung,Samsung 980,392200,98,"{""Capacity"": ""1 TB"", ""Form Factor"": ""M.2-2280"", ""Type"": ""SSD""}",https://cdna.pcpartpicker.com/static/forever/images/product/2aff821ed66963cb32fb0c71b093eccc.256p.jpg
SSD,Intel,Intel 660p,302000,135,"{""Capacity"": ""1.02 TB"", ""Form Factor"": ""M.2-2280"", ""Type"": ""SSD""}",https://cdna.pcpartpicker.com/static/forever/images/product/72ac6b04347d22c2592029d4a49bc5ed.256p.jpg
SSD,TEAMGROUP,TEAMGROUP MP44L,286700,34,"{""Capacity"": ""1 TB"", ""Form Factor"": ""M.2-2280"", ""Type"": ""SSD""}",https://cdna.pcpartpicker.com/static/forever/images/product/b7e87809a48525a1340938718110fecc.256p.jpg
SSD,Kingston,Kingston A400,133800,63,"{""Capacity"": ""480 GB"", ""Form Factor"": ""2.5\"""", ""Type"": ""SSD""}",https://cdna.pcpartpicker.com/static/forever/images/product/97e2bd828644767c8a80b71f8cb14743.256p.jpg
SSD,TEAMGROUP,TEAMGROUP MP44L,432000,48,"{""Capacity"": ""2 TB"", ""Form Factor"": ""M.2-2280"", ""Type"": ""SSD""}",https://cdna.pcpartpicker.com/static/forever/images/product/54ce8af72e7d2a00dfe405da2cbf5313.256p.jpg
SSD,TEAMGROUP,TEAMGROUP MP33,153600,50,"{""Capacity"": ""512 GB"", ""Form Factor"": ""M.2-2280"", ""Type"": ""SSD""}",https://cdna.pcpartpicker.com/static/forever/images/product/567dfd409067c0a10aa67fc3c720c46d.256p.jpg
SSD,Western Digital,Western Digital Blue,491700,107,"{""Capacity"": ""1 TB"", ""Form Factor"": ""2.5\"""", ""Type"": ""SSD""}",https://cdna.pcpartpicker.com/static/forever/images/product/a3b09866e3716566572bf9a13792cc85.256p.jpg
SSD,Crucial,Crucial MX500,638900,161,"{""Capacity"": ""1 TB"", ""Form Factor"": ""2.5\"""", ""Type"": ""SSD""}",https://cdna.pcpartpicker.com/static/forever/images/product/2983fbcd487b315b31855399829b532c.256p.jpg
SSD,Samsung,Samsung 980,263400,37,"{""Capacity"": ""500 GB"", ""Form Factor"": ""M.2-2280"", ""Type"": ""SSD""}",https://cdna.pcpartpicker.com/static/forever/images/product/ca0b46376f072d2483c385bad50c6310.256p.jpg
SSD,Western Digital,Western Digital Blue SN550,414300,221,"{""Capacity"": ""1 TB"", ""Form Factor"": ""M.2-2280"", ""Type"": ""SSD""}",https://cdna.pcpartpicker.com/static/forever/images/product/73be90b182cdb68fe899775fb8fa56ed.256p.jpg
SSD,Kingston,Kingston NV2,204100,20,"{""Capacity"": ""500 GB"", ""Form Factor"": ""M.2-2280"", ""Type"": ""SSD""}",https://cdna.pcpartpicker.com/static/forever/images/product/b95d0c7234714c4d7bb0f246c23cd3b9.256p.jpg
SSD,Western Digital,Western Digital Blue,266400,94,"{""Capacity"": ""500 GB"", ""Form Factor"": ""2.5\"""", ""Type"": ""SSD""}",https://cdna.pcpartpicker.com/static/forever/images/product/a3b09866e3716566572bf9a13792cc85.256p.jpg
SSD,Kingston,Kingston Fury Renegade,551600,20,"{""Capacity"": ""1 TB"", ""Form Factor"": ""M.2-2280"", ""Type"": ""SSD""}",https://cdna.pcpartpicker.com/static/forever/images/product/4a39091cc852e56b16b02febdadeb3a7.256p.jpg
SSD,Crucial,Crucial MX500,332500,109,"{""Capacity"": ""500 GB"", ""Form Factor"": ""2.5\"""", ""Type"": ""SSD""}",https://cdna.pcpartpicker.com/static/forever/images/product/d9cccb47a1d6da491f3c6e74ad51e80b.256p.jpg
SSD,Western Digital,Western Digital Blue SN550,279700,125,"{""Capacity"": ""500 GB"", ""Form Factor"": ""M.2-2280"", ""Type"": ""SSD""}",https://cdna.pcpartpicker.com/static/forever/images/product/73be90b182cdb68fe899775fb8fa56ed.256p.jpg
SSD,Intel,Intel 660p,443100,35,"{""Capacity"": ""2.048 TB"", ""Form Factor"": ""M.2-2280"", ""Type"": ""SSD""}",https://cdna.pcpartpicker.com/static/forever/images/product/72ac6b04347d22c2592029d4a49bc5ed.256p.jpg
SSD,Crucial,Crucial BX500,91700,28,"{""Capacity"": ""240 GB"", ""Form Factor"": ""2.5\"""", ""Type"": ""SSD""}",https://cdna.pcpartpicker.com/static/forever/images/product/108f7346628a23dfe914498d6a36af17.256p.jpg
SSD,Crucial,Crucial P3 Plus,349400,26,"{""Capacity"": ""500 GB"", ""Form Factor"": ""M.2-2280"", ""Type"": ""SSD""}",https://cdna.pcpartpicker.com/static/forever/images/product/2830bf3ba317c794ccde742efe4304be.256p.jpg
SSD,Kingston,Kingston A2000,277800,47,"{""Capacity"": ""1 TB"", ""Form Factor"": ""M.2-2280"", ""Type"": ""SSD""}",https://cdna.pcpartpicker.com/static/forever/images/product/04f2780924ad6adc22bc16609804195f.256p.jpg
SSD,SanDisk,SanDisk SSD PLUS,147500,82,"{""Capacity"": ""240 GB"", ""Form Factor"": ""2.5\"""", ""Type"": ""SSD""}",https://cdna.pcpartpicker.com/static/forever/images/product/1f047238ee96277f096cd4b19230df24.256p.jpg
SSD,Samsung,Samsung 860 Evo,739900,35,"{""Capacity"": ""2 TB"", ""Form Factor"": ""2.5\"""", ""Type"": ""SSD""}",https://m.media-amazon.com/images/I/31Yljpgc5PL.jpg
SSD,Kingston,Kingston SSDNow V300,128300,261,"{""Capacity"": ""120 GB"", ""Form Factor"": ""2.5\"""", ""Type"": ""SSD""}",https://cdna.pcpartpicker.com/static/forever/images/product/adc747a946f989edc13e0c8df1daedf6.256p.jpg
SSD,Crucial,Crucial BX500,148000,20,"{""Capacity"": ""480 GB"", ""Form Factor"": ""2.5\"""", ""Type"": ""SSD""}",https://cdna.pcpartpicker.com/static/forever/images/product/108f7346628a23dfe914498d6a36af17.256p.jpg
SSD,ADATA,ADATA XPG SX8200 Pro,181000,50,"{""Capacity"": ""512 GB"", ""Form Factor"": ""M.2-2280"", ""Type"": ""SSD""}",https://cdna.pcpartpicker.com/static/forever/images/product/b57859de3be232130e21cae9181f2138.256p.jpg
SSD,Kingston,Kingston A2000,316100,45,"{""Capacity"": ""500 GB"", ""Form Factor"": ""M.2-2280"", ""Type"": ""SSD""}",https://cdna.pcpartpicker.com/static/forever/images/product/d2597c6af85efa2da718727f545317eb.256p.jpg
SSD,ADATA,ADATA SU800,141700,24,"{""Capacity"": ""512 GB"", ""Form Factor"": ""2.5\"""", ""Type"": ""SSD""}",https://cdna.pcpartpicker.com/static/forever/images/product/d30e768f4a6c4301806da9a2cf24a9be.256p.jpg
SSD,SanDisk,SanDisk SSD PLUS,179400,24,"{""Capacity"": ""480 GB"", ""Form Factor"": ""2.5\"""", ""Type"": ""SSD""}",https://cdna.pcpartpicker.com/static/forever/images/product/1f047238ee96277f096cd4b19230df24.256p.jpg
SSD,TEAMGROUP,TEAMGROUP GX2,139100,27,"{""Capacity"": ""512 GB"", ""Form Factor"": ""2.5\"""", ""Type"": ""SSD""}",https://cdna.pcpartpicker.com/static/forever/images/product/fc946a08ad1c7ca221e67970f5b883a0.256p.jpg
SSD,TEAMGROUP,TEAMGROUP MS30,153300,24,"{""Capacity"": ""512 GB"", ""Form Factor"": ""M.2-2280"", ""Type"": ""SSD""}",https://cdna.pcpartpicker.com/static/forever/images/product/5a212a1564ec18108d51278cfd472e10.256p.jpg
SSD,Western Digital,Western Digital Blue,124400,32,"{""Capacity"": ""250 GB"", ""Form Factor"": ""2.5\"""", ""Type"": ""SSD""}",https://cdna.pcpartpicker.com/static/forever/images/product/a3b09866e3716566572bf9a13792cc85.256p.jpg
SSD,ADATA,ADATA SU800,101500,27,"{""Capacity"": ""256 GB"", ""Form Factor"": ""2.5\"""", ""Type"": ""SSD""}",https://cdna.pcpartpicker.com/static/forever/images/product/a7326020e27b0993eb9edd8087f5fe57.256p.jpg
SSD,Corsair,Corsair MP510,826700,21,"{""Capacity"": ""960 GB"", ""Form Factor"": ""M.2-2280"", ""Type"": ""SSD""}",https://cdna.pcpartpicker.com/static/forever/images/product/481606e392bd239edee0627cf5c207af.256p.jpg
SSD,ADATA,ADATA SU800,265900,23,"{""Capacity"": ""1 TB"", ""Form Factor"": ""2.5\"""", ""Type"": ""SSD""}",https://cdna.pcpartpicker.com/static/forever/images/product/d8e9bca5694297b950214e548b052da3.256p.jpg
SSD,Kingston,Kingston SSDNow UV400,279200,28,"{""Capacity"": ""240 GB"", ""Form Factor"": ""2.5\"""", ""Type"": ""SSD""}",https://cdna.pcpartpicker.com/static/forever/images/product/0d1f22f70d0daa5ecbec56e7e6a9dbd6.256p.jpg
SSD,Corsair,Corsair MP600 Force Series Gen4,634900,21,"{""Capacity"": ""2 TB"", ""Form Factor"": ""M.2-2280"", ""Type"": ""SSD""}",https://cdna.pcpartpicker.com/static/forever/images/product/2ccd93e659b06e8eceb633822da0c606.256p.jpg
MEMORY,Corsair,Corsair Vengeance RGB 32 GB,606000,108,"{""Color"": ""Black"", ""Modules"": ""2 x 16GB"", ""Speed"": ""DDR5-6000""}",https://cdna.pcpartpicker.com/static/forever/images/product/894ce2f4aaaf96e8a0cc61288f9ff27d.256p.jpg
MEMORY,Corsair,Corsair Vengeance LPX 32 GB,296000,78,"{""Color"": ""Black / Yellow"", ""Modules"": ""2 x 16GB"", ""Speed"": ""DDR4-3200""}",https://cdna.pcpartpicker.com/static/forever/images/product/ae9c14173c768f2fa9ad4d3c957e94a0.256p.jpg
MEMORY,Crucial,Crucial Pro Overclocking 32 GB,631100,64,"{""Color"": ""Black"", ""Modules"": ""2 x 16GB"", ""Speed"": ""DDR5-6000""}",https://cdna.pcpartpicker.com/static/forever/images/product/9fdbfba897aab27f8669458508239fe1.256p.jpg
MEMORY,Silicon Power,Silicon Power GAMING 16 GB,207200,69,"{""Color"": ""Black / Gray"", ""Modules"": ""2 x 8GB"", ""Speed"": ""DDR4-3200""}",https://cdna.pcpartpicker.com/static/forever/images/product/62a4ba196f5f165e68619a63ef5d0b70.256p.jpg
MEMORY,Corsair,Corsair Vengeance LPX 16 GB,245400,518,"{""Color"": ""Black / Yellow"", ""Modules"": ""2 x 8GB"", ""Speed"": ""DDR4-3200""}",https://cdna.pcpartpicker.com/static/forever/images/product/835ab3efad1be13bbe53beef3e3c6f96.256p.jpg
MEMORY,G.Skill,G.Skill Flare X5 32 GB,531200,120,"{""Color"": ""Black"", ""Modules"": ""2 x 16GB"", ""Speed"": ""DDR5-6000""}",https://cdna.pcpartpicker.com/static/forever/images/product/5bfb04d855b1e501d71ef7516d5c39f7.256p.jpg
MEMORY,G.Skill,G.Skill Ripjaws V 16 GB,211300,237,"{""Color"": ""Black"", ""Modules"": ""2 x 8GB"", ""Speed"": ""DDR4-3200""}",https://cdna.pcpartpicker.com/static/forever/images/product/c75eee87606a7ee1b5f90816fc5a16ea.256p.jpg
MEMORY,G.Skill,G.Skill Trident Z5 Neo RGB 32 GB,740000,134,"{""Color"": ""Black"", ""Modules"": ""2 x 16GB"", ""Speed"": ""DDR5-6000""}",https://cdna.pcpartpicker.com/static/forever/images/product/a4cecff25f58230f3fbae1903d711e49.256p.jpg
MEMORY,Kingston,Kingston FURY Beast 32 GB,695600,34,"{""Color"": ""Black"", ""Modules"": ""2 x 16GB"", ""Speed"": ""DDR5-6000""}",https://cdna.pcpartpicker.com/static/forever/images/product/ba87b0c925c292d22dca488e2296d258.256p.jpg
MEMORY,TEAMGROUP,TEAMGROUP T-Create Expert 32 GB,701400,123,"{""Color"": ""Black"", ""Modules"": ""2 x 16GB"", ""Speed"": ""DDR5-6000""}",https://m.media-amazon.com/images/I/41Q6UMps9NL.jpg
MEMORY,G.Skill,G.Skill Trident Z5 Neo RGB 64 GB,1321800,58,"{""Color"": ""Black / Silver"", ""Modules"": ""2 x 32GB"", ""Speed"": ""DDR5-6000""}",https://cdna.pcpartpicker.com/static/forever/images/product/fa05a92bf5e27cd0ba94bb8372db2419.256p.jpg
MEMORY,Corsair,Corsair Vengeance RGB Pro 16 GB,244200,386,"{""Color"": ""Black"", ""Modules"": ""2 x 8GB"", ""Speed"": ""DDR4-3200""}",https://cdna.pcpartpicker.com/static/forever/images/product/87cd8e9d02ffb0997769f4a4d5969669.256p.jpg
MEMORY,Corsair,Corsair Vengeance RGB Pro 32 GB,569800,105,"{""Color"": ""Black"", ""Modules"": ""2 x 16GB"", ""Speed"": ""DDR4-3600""}",https://cdna.pcpartpicker.com/static/forever/images/product/5f09867b54e9ad932b4dd1bc767f6238.256p.jpg
MEMORY,TEAMGROUP,TEAMGROUP T-Force Delta RGB 32 GB,640700,93,"{""Color"": ""Black"", ""Modules"": ""2 x 16GB"", ""Speed"": ""DDR5-6000""}",https://cdna.pcpartpicker.com/static/forever/images/product/d2e3f9b94f541ad51a19011026245df2.256p.jpg
MEMORY,TEAMGROUP,TEAMGROUP T-Force Vulcan Z 16 GB,224900,121,"{""Color"": ""Black"", ""Modules"": ""2 x 8GB"", ""Speed"": ""DDR4-3200""}",https://cdna.pcpartpicker.com/static/forever/images/product/96753a64597c28e46bf80ef7064b214b.256p.jpg
MEMORY,TEAMGROUP,TEAMGROUP T-Force Delta RGB 32 GB,640700,95,"{""Color"": ""White"", ""Modules"": ""2 x 16GB"", ""Speed"": ""DDR5-6000""}",https://cdna.pcpartpicker.com/static/forever/images/product/09e373465295e5629efd7959a7147a3b.256p.jpg
MEMORY,Corsair,Corsair Vengeance 32 GB,828800,84,"{""Color"": ""Black / Gray"", ""Modules"": ""2 x 16GB"", ""Speed"": ""DDR5-6000""}",https://cdna.pcpartpicker.com/static/forever/images/product/fe414d3559a9bbb2e092ba5374f6e1ed.256p.jpg
MEMORY,G.Skill,G.Skill Ripjaws V 32 GB,374100,136,"{""Color"": ""Black"", ""Modules"": ""2 x 16GB"", ""Speed"": ""DDR4-3200""}",https://cdna.pcpartpicker.com/static/forever/images/product/f97fce0b44ff2447a790b0bffc74f9f3.256p.jpg
MEMORY,Corsair,Corsair Vengeance RGB Pro 32 GB,425600,45,"{""Color"": ""Black"", ""Modules"": ""2 x 16GB"", ""Speed"": ""DDR4-3200""}",https://cdna.pcpartpicker.com/static/forever/images/product/e508c7c5a301831579045f9fda179aac.256p.jpg
MEMORY,G.Skill,G.Skill Flare X5 64 GB,1339300,34,"{""Color"": ""Black"", ""Modules"": ""2 x 32GB"", ""Speed"": ""DDR5-6000""}",https://cdna.pcpartpicker.com/static/forever/images/product/f7d28bd70b14a7eaef6627ce7ecc3fd6.256p.jpg
MEMORY,G.Skill,G.Skill Trident Z RGB 16 GB,235300,360,"{""Color"": ""Black"", ""Modules"": ""2 x 8GB"", ""Speed"": ""DDR4-3200""}",https://m.media-amazon.com/images/I/41W2Vvt5MoL.jpg
MEMORY,Corsair,Corsair Vengeance RGB 32 GB,747400,85,"{""Color"": ""Gray"", ""Modules"": ""2 x 16GB"", ""Speed"": ""DDR5-6000""}",https://cdna.pcpartpicker.com/static/forever/images/product/1981efb68609538f2335a025f575a5dd.256p.jpg
MEMORY,G.Skill,G.Skill Ripjaws S5 32 GB,700800,30,"{""Color"": ""Black"", ""Modules"": ""2 x 16GB"", ""Speed"": ""DDR5-6000""}",https://cdna.pcpartpicker.com/static/forever/images/product/24d251679c92dd15d250e400ea873727.256p.jpg
MEMORY,G.Skill,G.Skill Trident Z5 RGB 64 GB,1453500,30,"{""Color"": ""Black / Silver"", ""Modules"": ""2 x 32GB"", ""Speed"": ""DDR5-6400""}",https://cdna.pcpartpicker.com/static/forever/images/product/e5d0d71b07fa16cc1ac7eb3c676a7831.256p.jpg
MEMORY,G.Skill,G.Skill Flare X5 32 GB,737000,94,"{""Color"": ""Black"", ""Modules"": ""2 x 16GB"", ""Speed"": ""DDR5-6000""}",https://cdna.pcpartpicker.com/static/forever/images/product/2a5856ab677607ec6f3b1c25bed693ab.256p.jpg
MEMORY,Corsair,Corsair Vengeance LPX 8 GB,137600,47,"{""Color"": ""Black / Yellow"", ""Modules"": ""1 x 8GB"", ""Speed"": ""DDR4-2400""}",https://cdna.pcpartpicker.com/static/forever/images/product/ef1c9d46308283f227a0ba51e4179ff1.256p.jpg
MEMORY,G.Skill,G.Skill Trident Z RGB 32 GB,453600,31,"{""Color"": ""Black"", ""Modules"": ""2 x 16GB"", ""Speed"": ""DDR4-3600""}",https://cdna.pcpartpicker.com/static/forever/images/product/67c83cfd051636aaa95e8b00b6e95d6e.256p.jpg
MEMORY,G.Skill,G.Skill Trident Z5 RGB 32 GB,643700,43,"{""Color"": ""Black"", ""Modules"": ""2 x 16GB"", ""Speed"": ""DDR5-6400""}",https://cdna.pcpartpicker.com/static/forever/images/product/5468241c2bc267e0ebc4ed037b0d02b6.256p.jpg
MEMORY,G.Skill,G.Skill Ripjaws V 16 GB,293000,199,"{""Color"": ""Black"", ""Modules"": ""2 x 8GB"", ""Speed"": ""DDR4-3600""}",https://cdna.pcpartpicker.com/static/forever/images/product/a00199d12cb22ee1dc33639a754cca79.256p.jpg
MEMORY,TEAMGROUP,TEAMGROUP T-Create Expert 32 GB,701500,42,"{""Color"": ""White"", ""Modules"": ""2 x 16GB"", ""Speed"": ""DDR5-6000""}",https://m.media-amazon.com/images/I/31asQLA0njL.jpg
MEMORY,Corsair,Corsair Vengeance 32 GB,722200,32,"{""Color"": ""Black / Silver"", ""Modules"": ""2 x 16GB"", ""Speed"": ""DDR5-6000""}",https://cdna.pcpartpicker.com/static/forever/images/product/16737e90e9f870688fae72fd6fda4652.256p.jpg
MEMORY,G.Skill,G.Skill Aegis 16 GB,218700,34,"{""Color"": ""Red / Black"", ""Modules"": ""2 x 8GB"", ""Speed"": ""DDR4-3200""}",https://cdna.pcpartpicker.com/static/forever/images/product/9e003e10740c0e04136649de59fa2ab5.256p.jpg
MEMORY,Corsair,Corsair Vengeance RGB Pro SL 32 GB,532800,46,"{""Color"": ""White / Black"", ""Modules"": ""2 x 16GB"", ""Speed"": ""DDR4-3600""}",https://cdna.pcpartpicker.com/static/forever/images/product/64079d85add71559122ffbd000911056.256p.jpg
MEMORY,Corsair,Corsair Vengeance LPX 16 GB,294300,135,"{""Color"": ""Black"", ""Modules"": ""2 x 8GB"", ""Speed"": ""DDR4-3600""}",https://cdna.pcpartpicker.com/static/forever/images/product/a462328473351f9140c87f8c1d115ffe.256p.jpg
MEMORY,Corsair,Corsair Vengeance LPX 16 GB,270800,37,"{""Color"": ""Black / Yellow"", ""Modules"": ""2 x 8GB"", ""Speed"": ""DDR4-2133""}",https://cdna.pcpartpicker.com/static/forever/images/product/4d5aa74f6613ea09979bbf552d7aa35b.256p.jpg
MEMORY,Corsair,Corsair Vengeance RGB Pro 16 GB,354300,178,"{""Color"": ""White"", ""Modules"": ""2 x 8GB"", ""Speed"": ""DDR4-3200""}",https://cdna.pcpartpicker.com/static/forever/images/product/58ab1663c77627cbf3effd27df57aa92.256p.jpg
MEMORY,Corsair,Corsair Vengeance LPX 32 GB,366900,108,"{""Color"": ""Black / Yellow"", ""Modules"": ""2 x 16GB"", ""Speed"": ""DDR4-3600""}",https://cdna.pcpartpicker.com/static/forever/images/product/11742fd6eec55fde4e3ee3a79529a111.256p.jpg
MEMORY,TEAMGROUP,TEAMGROUP T-Force Delta RGB 16 GB,389200,41,"{""Color"": ""White"", ""Modules"": ""2 x 8GB"", ""Speed"": ""DDR4-3200""}",https://cdna.pcpartpicker.com/static/forever/images/product/dcfeea29bbbd34d8cf34a7861e35fdac.256p.jpg
MEMORY,G.Skill,G.Skill Trident Z Neo 32 GB,469100,164,"{""Color"": ""Black / Silver"", ""Modules"": ""2 x 16GB"", ""Speed"": ""DDR4-3600""}",https://cdna.pcpartpicker.com/static/forever/images/product/20348ef9eb7ca86600eefb50c6a56597.256p.jpg
MEMORY,G.Skill,G.Skill Trident Z5 RGB 32 GB,670300,54,"{""Color"": ""Black"", ""Modules"": ""2 x 16GB"", ""Speed"": ""DDR5-6000""}",https://cdna.pcpartpicker.com/static/forever/images/product/e8d573bd2eac864d427645f0d2f7cad8.256p.jpg
MEMORY,G.Skill,G.Skill Ripjaws V 16 GB,223500,59,"{""Color"": ""Black"", ""Modules"": ""2 x 8GB"", ""Speed"": ""DDR4-3600""}",https://cdna.pcpartpicker.com/static/forever/images/product/e5e3c1ef6198d9cbf66712ed5a0f45f0.256p.jpg
MEMORY,G.Skill,G.Skill Ripjaws V 32 GB,398000,108,"{""Color"": ""Black"", ""Modules"": ""2 x 16GB"", ""Speed"": ""DDR4-3600""}",https://cdna.pcpartpicker.com/static/forever/images/product/6bd09f5257f27371c8ebf94b3a331452.256p.jpg
MEMORY,G.Skill,G.Skill Aegis 16 GB,226300,76,"{""Color"": ""Black / Red"", ""Modules"": ""2 x 8GB"", ""Speed"": ""DDR4-3000""}",https://cdna.pcpartpicker.com/static/forever/images/product/aace27f895023030d3a7631beb093016.256p.jpg
MEMORY,TEAMGROUP,TEAMGROUP T-Force Delta RGB 16 GB,256000,56,"{""Color"": ""Black"", ""Modules"": ""2 x 8GB"", ""Speed"": ""DDR4-3200""}",https://m.media-amazon.com/images/I/419QA+oc1-L.jpg
MEMORY,G.Skill,G.Skill Ripjaws X 8 GB,101800,252,"{""Color"": ""Black / Red"", ""Modules"": ""2 x 4GB"", ""Speed"": ""DDR3-1600""}",https://cdna.pcpartpicker.com/static/forever/images/product/2352962913e9ad87a8a45ab417e202cf.256p.jpg
MEMORY,G.Skill,G.Skill Trident Z RGB 32 GB,492800,36,"{""Color"": ""Black"", ""Modules"": ""2 x 16GB"", ""Speed"": ""DDR4-3200""}",https://cdna.pcpartpicker.com/static/forever/images/product/00963d6b0a92c53e1e3c5c6de47d238f.256p.jpg
MEMORY,Corsair,Corsair Vengeance RGB Pro 16 GB,319700,79,"{""Color"": ""Black"", ""Modules"": ""2 x 8GB"", ""Speed"": ""DDR4-3600""}",https://cdna.pcpartpicker.com/static/forever/images/product/2acf8a36c3350a47689e36ee924c80f7.256p.jpg
MEMORY,G.Skill,G.Skill Flare X5 32 GB,708900,44,"{""Color"": ""Black"", ""Modules"": ""2 x 16GB"", ""Speed"": ""DDR5-6000""}",https://cdna.pcpartpicker.com/static/forever/images/product/4d42a58ad8d637783a7914a88d4a1939.256p.jpg
MEMORY,Corsair,Corsair Vengeance LPX 16 GB,249400,73,"{""Color"": ""Black / Yellow"", ""Modules"": ""2 x 8GB"", ""Speed"": ""DDR4-2400""}",https://cdna.pcpartpicker.com/static/forever/images/product/0d7ccc6bb32c1a857bdfc56d9eb74081.256p.jpg
MEMORY,G.Skill,G.Skill Ripjaws S5 32 GB,852900,34,"{""Color"": ""Black"", ""Modules"": ""2 x 16GB"", ""Speed"": ""DDR5-6000""}",https://cdna.pcpartpicker.com/static/forever/images/product/acf0ad7e41365a1d16a15dc7873e6b1b.256p.jpg
MEMORY,G.Skill,G.Skill Trident Z Neo 16 GB,296000,94,"{""Color"": ""Black / Silver"", ""Modules"": ""2 x 8GB"", ""Speed"": ""DDR4-3600""}",https://cdna.pcpartpicker.com/static/forever/images/product/d62078e82b57dca6362b1485f39e1064.256p.jpg
MEMORY,Corsair,Corsair Vengeance LPX 16 GB,292900,265,"{""Color"": ""Black / Yellow"", ""Modules"": ""2 x 8GB"", ""Speed"": ""DDR4-3000""}",https://cdna.pcpartpicker.com/static/forever/images/product/b74fce92829b66b67e486f58a92337f4.256p.jpg
MEMORY,G.Skill,G.Skill Ripjaws X 16 GB,146400,67,"{""Color"": ""Black / Red"", ""Modules"": ""2 x 8GB"", ""Speed"": ""DDR3-1600""}",https://cdna.pcpartpicker.com/static/forever/images/product/2352962913e9ad87a8a45ab417e202cf.256p.jpg
MEMORY,G.Skill,G.Skill Trident Z RGB 32 GB,580100,42,"{""Color"": ""Black"", ""Modules"": ""2 x 16GB"", ""Speed"": ""DDR4-3600""}",https://cdna.pcpartpicker.com/static/forever/images/product/651e52933a7f98c203f3f1a88ff442cb.256p.jpg
MEMORY,G.Skill,G.Skill Trident Z RGB 32 GB,457300,40,"{""Color"": ""Black"", ""Modules"": ""2 x 16GB"", ""Speed"": ""DDR4-3200""}",https://cdna.pcpartpicker.com/static/forever/images/product/d7eb522b5c801868ac7feac46391b90d.256p.jpg
MEMORY,G.Skill,G.Skill Trident Z RGB 16 GB,317100,109,"{""Color"": ""Black"", ""Modules"": ""2 x 8GB"", ""Speed"": ""DDR4-3000""}",https://cdna.pcpartpicker.com/static/forever/images/product/cb6a8b64310d6e5c39ed51e0d4e754b1.256p.jpg
MEMORY,Corsair,Corsair Vengeance RGB Pro 16 GB,319700,32,"{""Color"": ""White"", ""Modules"": ""2 x 8GB"", ""Speed"": ""DDR4-3600""}",https://cdna.pcpartpicker.com/static/forever/images/product/e2d6ff067a5e1c2e9e019e811704e195.256p.jpg
MEMORY,Corsair,Corsair Vengeance LPX 16 GB,275300,49,"{""Color"": ""Black / Yellow"", ""Modules"": ""2 x 8GB"", ""Speed"": ""DDR4-2666""}",https://cdna.pcpartpicker.com/static/forever/images/product/366cd68ed68a4d3098c0e9d139ecedf0.256p.jpg
MEMORY,Corsair,Corsair Vengeance RGB Pro 32 GB,887800,102,"{""Color"": ""Black"", ""Modules"": ""2 x 16GB"", ""Speed"": ""DDR4-3200""}",https://cdna.pcpartpicker.com/static/forever/images/product/b63b90f5fdf5bbdb87bf5a2591effc9f.256p.jpg
MEMORY,G.Skill,G.Skill Trident Z RGB 16 GB,267900,138,"{""Color"": ""Black"", ""Modules"": ""2 x 8GB"", ""Speed"": ""DDR4-3600""}",https://cdna.pcpartpicker.com/static/forever/images/product/d19422479fca6e5117bb55db3d25eac2.256p.jpg
MEMORY,G.Skill,G.Skill Trident Z Neo 32 GB,531300,30,"{""Color"": ""Black / Silver"", ""Modules"": ""2 x 16GB"", ""Speed"": ""DDR4-3600""}",https://cdna.pcpartpicker.com/static/forever/images/product/afb427afc0d3703c1b80dfe86ed7041e.256p.jpg
MEMORY,Corsair,Corsair Vengeance RGB Pro 16 GB,288600,53,"{""Color"": ""Black"", ""Modules"": ""2 x 8GB"", ""Speed"": ""DDR4-3000""}",https://cdna.pcpartpicker.com/static/forever/images/product/c1f51ba5ec8eca4838f60ff15e2ff583.256p.jpg
MEMORY,Corsair,Corsair Vengeance 8 GB,211100,117,"{""Color"": ""Black / Blue"", ""Modules"": ""2 x 4GB"", ""Speed"": ""DDR3-1600""}",https://cdna.pcpartpicker.com/static/forever/images/product/161d9b0027525a5ca803796d3b3748be.256p.jpg
MEMORY,G.Skill,G.Skill Ripjaws V 16 GB,305000,69,"{""Color"": ""Black"", ""Modules"": ""2 x 8GB"", ""Speed"": ""DDR4-3200""}",https://cdna.pcpartpicker.com/static/forever/images/product/dddee40fc3ea7a8cbadb191d03d07440.256p.jpg
MEMORY,G.Skill,G.Skill Ripjaws X 16 GB,167700,45,"{""Color"": ""Black / Blue"", ""Modules"": ""2 x 8GB"", ""Speed"": ""DDR3-1600""}",https://cdna.pcpartpicker.com/static/forever/images/product/3a5c77bc2343bb42bbd4769dc87f52a5.256p.jpg
MEMORY,G.Skill,G.Skill Ripjaws X 8 GB,100900,112,"{""Color"": ""Black / Red"", ""Modules"": ""2 x 4GB"", ""Speed"": ""DDR3-1866""}",https://m.media-amazon.com/images/I/41I6f-jbK8L.jpg
MEMORY,G.Skill,G.Skill Ripjaws X 16 GB,184700,31,"{""Color"": ""Black / Red"", ""Modules"": ""2 x 8GB"", ""Speed"": ""DDR3-1866""}",https://cdna.pcpartpicker.com/static/forever/images/product/43028d058846d1667f956a6ac46f4c49.256p.jpg
MEMORY,G.Skill,G.Skill Ares 8 GB,101800,56,"{""Color"": ""Black / Blue"", ""Modules"": ""2 x 4GB"", ""Speed"": ""DDR3-1600""}",https://cdna.pcpartpicker.com/static/forever/images/product/4661fb7418fbfc4e5630e6efe1f88374.256p.jpg
MEMORY,G.Skill,G.Skill Sniper 8 GB,118100,98,"{""Color"": ""Black / Red"", ""Modules"": ""2 x 4GB"", ""Speed"": ""DDR3-1866""}",https://cdna.pcpartpicker.com/static/forever/images/product/3d53efba81943a56f25272ea01231be4.256p.jpg
MEMORY,G.Skill,G.Skill Ares 8 GB,123400,32,"{""Color"": ""Black / Orange"", ""Modules"": ""2 x 4GB"", ""Speed"": ""DDR3-1600""}",https://cdna.pcpartpicker.com/static/forever/images/product/1045bb5b8d346b38e848372838241d93.256p.jpg
MOTHERBOARD,MSI,MSI MAG B850 TOMAHAWK MAX WIFI,344800,29,"{""Color"": ""Black / Green"", ""Form Factor"": ""ATX"", ""Memory Max"": ""256 GB"", ""Memory Slots"": ""4"", ""Socket"": ""AM5"", ""Memory Type"": ""DDR5""}",https://cdna.pcpartpicker.com/static/forever/images/product/fe0743e587416e7fa161bfd0dca8237f.256p.jpg
MOTHERBOARD,Gigabyte,Gigabyte B850 AORUS ELITE WIFI7,303200,37,"{""Color"": ""Black"", ""Form Factor"": ""ATX"", ""Memory Max"": ""256 GB"", ""Memory Slots"": ""4"", ""Socket"": ""AM5"", ""Memory Type"": ""DDR5""}",https://cdna.pcpartpicker.com/static/forever/images/product/d3a0054902d36d38a60d09d83698d7c8.256p.jpg
MOTHERBOARD,ASUS,Asus PRIME B550M-A WIFI II,139300,45,"{""Color"": ""Blue / Silver"", ""Form Factor"": ""Micro ATX"", ""Memory Max"": ""128 GB"", ""Memory Slots"": ""4"", ""Socket"": ""AM4"", ""Memory Type"": ""DDR4""}",https://cdna.pcpartpicker.com/static/forever/images/product/ff4b4e2c7f72b014f39f1864b19e7250.256p.jpg
MOTHERBOARD,Gigabyte,Gigabyte B550M K,104900,24,"{""Color"": ""Brown / Silver"", ""Form Factor"": ""Micro ATX"", ""Memory Max"": ""128 GB"", ""Memory Slots"": ""4"", ""Socket"": ""AM4"", ""Memory Type"": ""DDR4""}",https://cdna.pcpartpicker.com/static/forever/images/product/f52a9a0b2a28f096b5b1e5bf02707224.256p.jpg
MOTHERBOARD,ASUS,Asus TUF GAMING B850-PLUS WIFI,261100,22,"{""Color"": ""Black / Silver"", ""Form Factor"": ""ATX"", ""Memory Max"": ""256 GB"", ""Memory Slots"": ""4"", ""Socket"": ""AM5"", ""Memory Type"": ""DDR5""}",https://m.media-amazon.com/images/I/51FhIr30MjL.jpg
MOTHERBOARD,MSI,MSI B650 GAMING PLUS WIFI,241000,54,"{""Color"": ""Black"", ""Form Factor"": ""ATX"", ""Memory Max"": ""192 GB"", ""Memory Slots"": ""4"", ""Socket"": ""AM5"", ""Memory Type"": ""DDR5""}",https://cdna.pcpartpicker.com/static/forever/images/product/ff33ebb87ed9f5fa5f9c54d6d316ae82.256p.jpg
MOTHERBOARD,ASUS,Asus TUF GAMING B650-PLUS WIFI,205300,44,"{""Color"": ""Black"", ""Form Factor"": ""ATX"", ""Memory Max"": ""128 GB"", ""Memory Slots"": ""4"", ""Socket"": ""AM5"", ""Memory Type"": ""DDR5""}",https://cdna.pcpartpicker.com/static/forever/images/product/d9e08ab3fe18574bdc4f01dcfecce0ea.256p.jpg
MOTHERBOARD,Gigabyte,Gigabyte B650 EAGLE AX,199300,67,"{""Color"": ""Gray / Black"", ""Form Factor"": ""ATX"", ""Memory Max"": ""192 GB"", ""Memory Slots"": ""4"", ""Socket"": ""AM5"", ""Memory Type"": ""DDR5""}",https://m.media-amazon.com/images/I/51BdjazabVL.jpg
MOTHERBOARD,MSI,MSI B550M PRO-VDH WIFI,151000,145,"{""Color"": ""Black"", ""Form Factor"": ""Micro ATX"", ""Memory Max"": ""128 GB"", ""Memory Slots"": ""4"", ""Socket"": ""AM4"", ""Memory Type"": ""DDR4""}",https://cdna.pcpartpicker.com/static/forever/images/product/57b4a5399dc626e9c5786f786aeb94ac.256p.jpg
MOTHERBOARD,MSI,MSI MAG B650 TOMAHAWK WIFI,265300,146,"{""Color"": ""Black"", ""Form Factor"": ""ATX"", ""Memory Max"": ""256 GB"", ""Memory Slots"": ""4"", ""Socket"": ""AM5"", ""Memory Type"": ""DDR5""}",https://cdna.pcpartpicker.com/static/forever/images/product/dc9235e0d8052745493eb900bb9df6f6.256p.jpg
MOTHERBOARD,ASUS,Asus ROG STRIX B550-F GAMING WIFI II,237400,36,"{""Color"": ""Black / Red"", ""Form Factor"": ""ATX"", ""Memory Max"": ""128 GB"", ""Memory Slots"": ""4"", ""Socket"": ""AM4"", ""Memory Type"": ""DDR4""}",https://cdna.pcpartpicker.com/static/forever/images/product/923cae0c8159c98aaf91541a20f95dc9.256p.jpg
MOTHERBOARD,MSI,MSI MAG X870 TOMAHAWK WIFI,391500,39,"{""Color"": ""Black"", ""Form Factor"": ""ATX"", ""Memory Max"": ""256 GB"", ""Memory Slots"": ""4"", ""Socket"": ""AM5"", ""Memory Type"": ""DDR5""}",https://cdna.pcpartpicker.com/static/forever/images/product/ec3fc6477ed914f51a028bc29f0e20aa.256p.jpg
MOTHERBOARD,ASRock,ASRock B850I Lightning WiFi,294200,20,"{""Color"": ""Black"", ""Form Factor"": ""Mini ITX"", ""Memory Max"": ""128 GB"", ""Memory Slots"": ""2"", ""Socket"": ""AM5"", ""Memory Type"": ""DDR5""}",https://m.media-amazon.com/images/I/41emP7K0hIL.jpg
MOTHERBOARD,MSI,MSI MAG B550 TOMAHAWK MAX WIFI,232400,40,"{""Color"": ""Silver / Black"", ""Form Factor"": ""ATX"", ""Memory Max"": ""128 GB"", ""Memory Slots"": ""4"", ""Socket"": ""AM4"", ""Memory Type"": ""DDR4""}",https://cdna.pcpartpicker.com/static/forever/images/product/cf20560e7e4a9e474fcb4c88238e4ffd.256p.jpg
MOTHERBOARD,Gigabyte,Gigabyte X870 AORUS ELITE WIFI7 ICE,340400,24,"{""Color"": ""White"", ""Form Factor"": ""ATX"", ""Memory Max"": ""256 GB"", ""Memory Slots"": ""4"", ""Socket"": ""AM5"", ""Memory Type"": ""DDR5""}",https://cdna.pcpartpicker.com/static/forever/images/product/d1f30b497f0fd6289278b33ec776f86b.256p.jpg
MOTHERBOARD,MSI,MSI PRO B550M-VC WIFI,284200,63,"{""Color"": ""Black"", ""Form Factor"": ""Micro ATX"", ""Memory Max"": ""128 GB"", ""Memory Slots"": ""4"", ""Socket"": ""AM4"", ""Memory Type"": ""DDR4""}",https://cdna.pcpartpicker.com/static/forever/images/product/3ba98d49243674bac25ebc39e6cc1fbc.256p.jpg
MOTHERBOARD,ASUS,Asus ROG STRIX X870E-E GAMING WIFI,662500,21,"{""Color"": ""Black"", ""Form Factor"": ""ATX"", ""Memory Max"": ""256 GB"", ""Memory Slots"": ""4"", ""Socket"": ""AM5"", ""Memory Type"": ""DDR5""}",https://cdna.pcpartpicker.com/static/forever/images/product/e6ec6fd92a901825fcbcc79fea85c79f.256p.jpg
MOTHERBOARD,ASUS,Asus TUF GAMING B550-PLUS WIFI II,190700,27,"{""Color"": ""Black / Gray"", ""Form Factor"": ""ATX"", ""Memory Max"": ""128 GB"", ""Memory Slots"": ""4"", ""Socket"": ""AM4"", ""Memory Type"": ""DDR4""}",https://cdna.pcpartpicker.com/static/forever/images/product/6b136eab8dcdd8f78e02da5a09b96795.256p.jpg
MOTHERBOARD,MSI,MSI PRO Z790-A MAX WIFI,442500,24,"{""Color"": ""Silver / Black"", ""Form Factor"": ""ATX"", ""Memory Max"": ""256 GB"", ""Memory Slots"": ""4"", ""Socket"": ""LGA1700"", ""Memory Type"": ""DDR5""}",https://cdna.pcpartpicker.com/static/forever/images/product/55e781311c4d62e83df9ac297a64c01a.256p.jpg
MOTHERBOARD,Gigabyte,Gigabyte A520I AC,158100,25,"{""Color"": ""Black"", ""Form Factor"": ""Mini ITX"", ""Memory Max"": ""64 GB"", ""Memory Slots"": ""2"", ""Socket"": ""AM4"", ""Memory Type"": ""DDR4""}",https://cdna.pcpartpicker.com/static/forever/images/product/87329029966463ec6eac31fad52fae85.256p.jpg
MOTHERBOARD,ASRock,ASRock B650M Pro RS,182600,23,"{""Color"": ""Black / Silver"", ""Form Factor"": ""Micro ATX"", ""Memory Max"": ""256 GB"", ""Memory Slots"": ""4"", ""Socket"": ""AM5"", ""Memory Type"": ""DDR5""}",https://cdna.pcpartpicker.com/static/forever/images/product/4dc751a89c74d335cae25cbc50b4c67e.256p.jpg
MOTHERBOARD,Gigabyte,Gigabyte B650 GAMING X AX V2,190900,66,"{""Color"": ""Gray / Black"", ""Form Factor"": ""ATX"", ""Memory Max"": ""192 GB"", ""Memory Slots"": ""4"", ""Socket"": ""AM5"", ""Memory Type"": ""DDR5""}",https://m.media-amazon.com/images/I/51FV8n5IuGL.jpg
MOTHERBOARD,Gigabyte,Gigabyte B550 GAMING X V2,133200,24,"{""Color"": ""Black"", ""Form Factor"": ""ATX"", ""Memory Max"": ""128 GB"", ""Memory Slots"": ""4"", ""Socket"": ""AM4"", ""Memory Type"": ""DDR4""}",https://cdna.pcpartpicker.com/static/forever/images/product/09d3314474cf5fefa2bd5c5941bb33b5.256p.jpg
MOTHERBOARD,Gigabyte,Gigabyte B850 AORUS ELITE WIFI7 ICE,294600,20,"{""Color"": ""White / Silver"", ""Form Factor"": ""ATX"", ""Memory Max"": ""256 GB"", ""Memory Slots"": ""4"", ""Socket"": ""AM5"", ""Memory Type"": ""DDR5""}",https://cdna.pcpartpicker.com/static/forever/images/product/b0c60fa6ec041477ad48e09d4203a0da.256p.jpg
MOTHERBOARD,ASRock,ASRock B550M Pro4,132900,51,"{""Color"": ""Silver / Black"", ""Form Factor"": ""Micro ATX"", ""Memory Max"": ""128 GB"", ""Memory Slots"": ""4"", ""Socket"": ""AM4"", ""Memory Type"": ""DDR4""}",https://cdna.pcpartpicker.com/static/forever/images/product/472d12f3f649d3c11155e02f9fd70e22.256p.jpg
MOTHERBOARD,ASUS,Asus ROG STRIX B650E-I GAMING WIFI,339700,78,"{""Color"": ""Black"", ""Form Factor"": ""Mini ITX"", ""Memory Max"": ""96 GB"", ""Memory Slots"": ""2"", ""Socket"": ""AM5"", ""Memory Type"": ""DDR5""}",https://cdna.pcpartpicker.com/static/forever/images/product/bf950d502a28575d015348684bf78a37.256p.jpg
MOTHERBOARD,MSI,MSI MPG B550 GAMING PLUS,161400,92,"{""Color"": ""Black"", ""Form Factor"": ""ATX"", ""Memory Max"": ""128 GB"", ""Memory Slots"": ""4"", ""Socket"": ""AM4"", ""Memory Type"": ""DDR4""}",https://cdna.pcpartpicker.com/static/forever/images/product/607f7ca77131a0bf7dc6b75617795203.256p.jpg
MOTHERBOARD,MSI,MSI B550-A PRO,157700,119,"{""Color"": ""Black / Silver"", ""Form Factor"": ""ATX"", ""Memory Max"": ""128 GB"", ""Memory Slots"": ""4"", ""Socket"": ""AM4"", ""Memory Type"": ""DDR4""}",https://m.media-amazon.com/images/I/51YHWAAsu5L.jpg
MOTHERBOARD,ASUS,Asus ROG STRIX B650-A GAMING WIFI,251800,64,"{""Color"": ""Black / Silver"", ""Form Factor"": ""ATX"", ""Memory Max"": ""192 GB"", ""Memory Slots"": ""4"", ""Socket"": ""AM5"", ""Memory Type"": ""DDR5""}",https://cdna.pcpartpicker.com/static/forever/images/product/127cc163cf3e552499471f1908f99cfe.256p.jpg
MOTHERBOARD,ASRock,ASRock B650I Lightning Wifi,238000,37,"{""Color"": ""Black"", ""Form Factor"": ""Mini ITX"", ""Memory Max"": ""96 GB"", ""Memory Slots"": ""2"", ""Socket"": ""AM5"", ""Memory Type"": ""DDR5""}",https://cdna.pcpartpicker.com/static/forever/images/product/40e47e0c22c38ba2269880dd81c305f3.256p.jpg
MOTHERBOARD,Gigabyte,Gigabyte B550I AORUS PRO AX,209000,94,"{""Color"": ""Black / Silver"", ""Form Factor"": ""Mini ITX"", ""Memory Max"": ""64 GB"", ""Memory Slots"": ""2"", ""Socket"": ""AM4"", ""Memory Type"": ""DDR4""}",https://cdna.pcpartpicker.com/static/forever/images/product/46324a9aac9a2c2e7b705b32a4632fba.256p.jpg
MOTHERBOARD,Gigabyte,Gigabyte B650I AORUS ULTRA,350800,41,"{""Color"": ""Black / Silver"", ""Form Factor"": ""Mini ITX"", ""Memory Max"": ""96 GB"", ""Memory Slots"": ""2"", ""Socket"": ""AM5"", ""Memory Type"": ""DDR5""}",https://cdna.pcpartpicker.com/static/forever/images/product/d24b8a128d98467e0dd3bc57882ddd55.256p.jpg
MOTHERBOARD,ASRock,ASRock B550M-ITX/ac,179300,45,"{""Color"": ""Silver / Black"", ""Form Factor"": ""Mini ITX"", ""Memory Max"": ""64 GB"", ""Memory Slots"": ""2"", ""Socket"": ""AM4"", ""Memory Type"": ""DDR4""}",https://cdna.pcpartpicker.com/static/forever/images/product/66aa5dd590cf1bb5fe8de0417f9ed7e6.256p.jpg
MOTHERBOARD,Gigabyte,Gigabyte B650 AORUS ELITE AX,263600,93,"{""Color"": ""Black / Silver"", ""Form Factor"": ""ATX"", ""Memory Max"": ""192 GB"", ""Memory Slots"": ""4"", ""Socket"": ""AM5"", ""Memory Type"": ""DDR5""}",https://cdna.pcpartpicker.com/static/forever/images/product/322a6059c413dd736536e5ad5c3a2285.256p.jpg
MOTHERBOARD,ASUS,Asus ROG STRIX B650E-F GAMING WIFI,302900,64,"{""Color"": ""Black"", ""Form Factor"": ""ATX"", ""Memory Max"": ""192 GB"", ""Memory Slots"": ""4"", ""Socket"": ""AM5"", ""Memory Type"": ""DDR5""}",https://cdna.pcpartpicker.com/static/forever/images/product/b950287e2f141caa4638fc93dc99a6ba.256p.jpg
MOTHERBOARD,Gigabyte,Gigabyte X870E AORUS PRO ICE,473600,21,"{""Color"": ""White"", ""Form Factor"": ""ATX"", ""Memory Max"": ""256 GB"", ""Memory Slots"": ""4"", ""Socket"": ""AM5"", ""Memory Type"": ""DDR5""}",https://cdna.pcpartpicker.com/static/forever/images/product/e10a4432559e6016902b572d4e062e7c.256p.jpg
MOTHERBOARD,MSI,MSI PRO B650M-A WIFI,281200,49,"{""Color"": ""Black"", ""Form Factor"": ""Micro ATX"", ""Memory Max"": ""192 GB"", ""Memory Slots"": ""4"", ""Socket"": ""AM5"", ""Memory Type"": ""DDR5""}",https://cdna.pcpartpicker.com/static/forever/images/product/a7ffc5ab34c099836bb0ff9f9dfcab6d.256p.jpg
MOTHERBOARD,Gigabyte,Gigabyte B650 AORUS ELITE AX V2,295600,21,"{""Color"": ""Black / Silver"", ""Form Factor"": ""ATX"", ""Memory Max"": ""192 GB"", ""Memory Slots"": ""4"", ""Socket"": ""AM5"", ""Memory Type"": ""DDR5""}",https://cdna.pcpartpicker.com/static/forever/images/product/2bb6d5c9fa86895c102e1ee17fbebdf3.256p.jpg
MOTHERBOARD,ASUS,Asus TUF GAMING B650-E WIFI,218100,23,"{""Color"": ""Black / Orange"", ""Form Factor"": ""ATX"", ""Memory Max"": ""192 GB"", ""Memory Slots"": ""4"", ""Socket"": ""AM5"", ""Memory Type"": ""DDR5""}",https://cdna.pcpartpicker.com/static/forever/images/product/287ac861ab77945d4c6d046865f62b5e.256p.jpg
MOTHERBOARD,Gigabyte,Gigabyte Z790 AORUS ELITE AX,328300,26,"{""Color"": ""Black"", ""Form Factor"": ""ATX"", ""Memory Max"": ""256 GB"", ""Memory Slots"": ""4"", ""Socket"": ""LGA1700"", ""Memory Type"": ""DDR5""}",https://cdna.pcpartpicker.com/static/forever/images/product/ba20600286bf8f74ce71df37ed8aef65.256p.jpg
MOTHERBOARD,ASUS,Asus ROG STRIX B550-A GAMING,233500,71,"{""Color"": ""Black / White"", ""Form Factor"": ""ATX"", ""Memory Max"": ""128 GB"", ""Memory Slots"": ""4"", ""Socket"": ""AM4"", ""Memory Type"": ""DDR4""}",https://cdna.pcpartpicker.com/static/forever/images/product/5ac88d84f61dd91c0621ac30c4dc5480.256p.jpg
MOTHERBOARD,Gigabyte,Gigabyte B650 AORUS ELITE AX ICE,241200,54,"{""Color"": ""Silver"", ""Form Factor"": ""ATX"", ""Memory Max"": ""192 GB"", ""Memory Slots"": ""4"", ""Socket"": ""AM5"", ""Memory Type"": ""DDR5""}",https://cdna.pcpartpicker.com/static/forever/images/product/7352b7865a2e77e70371d5c81a01f5a7.256p.jpg
MOTHERBOARD,MSI,MSI PRO Z790-P WIFI,270800,30,"{""Color"": ""Black / Silver"", ""Form Factor"": ""ATX"", ""Memory Max"": ""256 GB"", ""Memory Slots"": ""4"", ""Socket"": ""LGA1700"", ""Memory Type"": ""DDR5""}",https://cdna.pcpartpicker.com/static/forever/images/product/157047663b648bb72039e6208a029ef3.256p.jpg
MOTHERBOARD,MSI,MSI MAG Z790 TOMAHAWK WIFI,298300,26,"{""Color"": ""Black"", ""Form Factor"": ""ATX"", ""Memory Max"": ""256 GB"", ""Memory Slots"": ""4"", ""Socket"": ""LGA1700"", ""Memory Type"": ""DDR5""}",https://cdna.pcpartpicker.com/static/forever/images/product/4776555bd90ed817bdfa00fc78ae3043.256p.jpg
MOTHERBOARD,MSI,MSI PRO B650M-P,181300,20,"{""Color"": ""Black / Silver"", ""Form Factor"": ""Micro ATX"", ""Memory Max"": ""192 GB"", ""Memory Slots"": ""4"", ""Socket"": ""AM5"", ""Memory Type"": ""DDR5""}",https://cdna.pcpartpicker.com/static/forever/images/product/f03f1d667284f39b3eaf208a50cdbb68.256p.jpg
MOTHERBOARD,ASUS,Asus ROG STRIX B450-F GAMING II,334200,32,"{""Color"": ""Black"", ""Form Factor"": ""ATX"", ""Memory Max"": ""128 GB"", ""Memory Slots"": ""4"", ""Socket"": ""AM4"", ""Memory Type"": ""DDR4""}",https://cdna.pcpartpicker.com/static/forever/images/product/0f27bb84f57d51a9cb2b0c91d25efb0f.256p.jpg
MOTHERBOARD,ASUS,Asus ROG STRIX B550-F GAMING,201000,69,"{""Color"": ""Black"", ""Form Factor"": ""ATX"", ""Memory Max"": ""128 GB"", ""Memory Slots"": ""4"", ""Socket"": ""AM4"", ""Memory Type"": ""DDR4""}",https://cdna.pcpartpicker.com/static/forever/images/product/2fab0cd72166896f8652fe39a7be1984.256p.jpg
MOTHERBOARD,MSI,MSI MPG B650I EDGE WIFI,363500,28,"{""Color"": ""Black / Silver"", ""Form Factor"": ""Mini ITX"", ""Memory Max"": ""128 GB"", ""Memory Slots"": ""2"", ""Socket"": ""AM5"", ""Memory Type"": ""DDR5""}",https://cdna.pcpartpicker.com/static/forever/images/product/67b21f33b930179c2c462faa514ae6f3.256p.jpg
MOTHERBOARD,MSI,MSI PRO B650-P WIFI,445500,30,"{""Color"": ""Black"", ""Form Factor"": ""ATX"", ""Memory Max"": ""192 GB"", ""Memory Slots"": ""4"", ""Socket"": ""AM5"", ""Memory Type"": ""DDR5""}",https://cdna.pcpartpicker.com/static/forever/images/product/b381dd1cf368e92388a8bfc64866fcc5.256p.jpg
MOTHERBOARD,ASRock,ASRock B550 Phantom Gaming 4,131100,20,"{""Color"": ""Silver / Black"", ""Form Factor"": ""ATX"", ""Memory Max"": ""128 GB"", ""Memory Slots"": ""4"", ""Socket"": ""AM4"", ""Memory Type"": ""DDR4""}",https://cdna.pcpartpicker.com/static/forever/images/product/916a6391766f1cfa419a70e439faf4ab.256p.jpg
MOTHERBOARD,Gigabyte,Gigabyte X570 AORUS ELITE WIFI,622700,62,"{""Color"": ""Black"", ""Form Factor"": ""ATX"", ""Memory Max"": ""128 GB"", ""Memory Slots"": ""4"", ""Socket"": ""AM4"", ""Memory Type"": ""DDR4""}",https://cdna.pcpartpicker.com/static/forever/images/product/920123df323bf6d2b80994b4f4bb6f4b.256p.jpg
MOTHERBOARD,Gigabyte,Gigabyte B550M DS3H,131000,32,"{""Color"": ""Black / Gold"", ""Form Factor"": ""Micro ATX"", ""Memory Max"": ""128 GB"", ""Memory Slots"": ""4"", ""Socket"": ""AM4"", ""Memory Type"": ""DDR4""}",https://m.media-amazon.com/images/I/41BMk4q0b5L.jpg
MOTHERBOARD,MSI,MSI MAG B650M MORTAR WIFI,343400,23,"{""Color"": ""Black"", ""Form Factor"": ""Micro ATX"", ""Memory Max"": ""192 GB"", ""Memory Slots"": ""4"", ""Socket"": ""AM5"", ""Memory Type"": ""DDR5""}",https://cdna.pcpartpicker.com/static/forever/images/product/d47024624729bbe5fca24a6ee1a3a010.256p.jpg
MOTHERBOARD,ASUS,Asus TUF GAMING B550-PLUS,161300,25,"{""Color"": ""Black"", ""Form Factor"": ""ATX"", ""Memory Max"": ""128 GB"", ""Memory Slots"": ""4"", ""Socket"": ""AM4"", ""Memory Type"": ""DDR4""}",https://cdna.pcpartpicker.com/static/forever/images/product/b8e3f4d3ece869ff631939ebbfe373d4.256p.jpg
MOTHERBOARD,Gigabyte,Gigabyte B550 AORUS ELITE V2,210200,24,"{""Color"": ""Black"", ""Form Factor"": ""ATX"", ""Memory Max"": ""128 GB"", ""Memory Slots"": ""4"", ""Socket"": ""AM4"", ""Memory Type"": ""DDR4""}",https://m.media-amazon.com/images/I/514pZ9wUmHL.jpg
MOTHERBOARD,Gigabyte,Gigabyte X670 AORUS ELITE AX,494300,22,"{""Color"": ""Black"", ""Form Factor"": ""ATX"", ""Memory Max"": ""192 GB"", ""Memory Slots"": ""4"", ""Socket"": ""AM5"", ""Memory Type"": ""DDR5""}",https://cdna.pcpartpicker.com/static/forever/images/product/ac3a77e0e11d610407a9ef39970b00d7.256p.jpg
MOTHERBOARD,Gigabyte,Gigabyte B650 GAMING X AX,294500,39,"{""Color"": ""Black / Gray"", ""Form Factor"": ""ATX"", ""Memory Max"": ""192 GB"", ""Memory Slots"": ""4"", ""Socket"": ""AM5"", ""Memory Type"": ""DDR5""}",https://cdna.pcpartpicker.com/static/forever/images/product/40037fa5f1c2c2b92273f1a5547ed181.256p.jpg
MOTHERBOARD,ASRock,ASRock B550M Steel Legend,224900,35,"{""Color"": ""Silver / Black"", ""Form Factor"": ""Micro ATX"", ""Memory Max"": ""128 GB"", ""Memory Slots"": ""4"", ""Socket"": ""AM4"", ""Memory Type"": ""DDR4""}",https://cdna.pcpartpicker.com/static/forever/images/product/e45d552e13e60103e6fa9e4c89345e65.256p.jpg
MOTHERBOARD,Gigabyte,Gigabyte X570 AORUS ELITE,391100,57,"{""Color"": ""Black / Silver"", ""Form Factor"": ""ATX"", ""Memory Max"": ""128 GB"", ""Memory Slots"": ""4"", ""Socket"": ""AM4"", ""Memory Type"": ""DDR4""}",https://cdna.pcpartpicker.com/static/forever/images/product/a4e109f27fa379eb0d7d408866e73932.256p.jpg
MOTHERBOARD,ASUS,Asus ROG MAXIMUS XI HERO (WI-FI),590500,41,"{""Color"": ""Black"", ""Form Factor"": ""ATX"", ""Memory Max"": ""128 GB"", ""Memory Slots"": ""4"", ""Socket"": ""LGA1151"", ""Memory Type"": ""DDR4""}",https://cdna.pcpartpicker.com/static/forever/images/product/16dd581ff37796dc1d495e5677fa4232.256p.jpg
MOTHERBOARD,ASUS,Asus TUF GAMING B550M-PLUS (WI-FI),250100,21,"{""Color"": ""Black"", ""Form Factor"": ""Micro ATX"", ""Memory Max"": ""128 GB"", ""Memory Slots"": ""4"", ""Socket"": ""AM4"", ""Memory Type"": ""DDR4""}",https://m.media-amazon.com/images/I/51CuKQb4ayL.jpg
MOTHERBOARD,ASUS,Asus ROG Crosshair VIII Impact,402100,23,"{""Color"": ""Black"", ""Form Factor"": ""Mini DTX"", ""Memory Max"": ""64 GB"", ""Memory Slots"": ""2"", ""Socket"": ""AM4"", ""Memory Type"": ""DDR4""}",https://cdna.pcpartpicker.com/static/forever/images/product/005aa9940eb3ecffa05ae374dec365a8.256p.jpg
POWER_SUPPLY,MSI,MSI MAG A750GL PCIE5,155400,108,"{""Color"": ""Black"", ""Modular"": ""Full"", ""Wattage"": ""750 W"", ""Efficiency"": ""80+ Gold"", ""Form Factor"": ""ATX""}",https://cdna.pcpartpicker.com/static/forever/images/product/d8f4d13ba49891eb3929bdddc3d87b4b.256p.jpg
POWER_SUPPLY,MSI,MSI MAG A850GL PCIE5,162800,87,"{""Color"": ""Black"", ""Modular"": ""Full"", ""Wattage"": ""850 W"", ""Efficiency"": ""80+ Gold"", ""Form Factor"": ""ATX""}",https://cdna.pcpartpicker.com/static/forever/images/product/79be60ce3783b8918a1c0940d3e4ff19.256p.jpg
POWER_SUPPLY,MSI,MSI MAG A650BN,74000,54,"{""Color"": ""Black"", ""Modular"": ""No"", ""Wattage"": ""650 W"", ""Efficiency"": ""80+ Bronze"", ""Form Factor"": ""ATX""}",https://cdna.pcpartpicker.com/static/forever/images/product/3148f884b77b2d7abee3a3e0ad72cf73.256p.jpg
POWER_SUPPLY,Corsair,Corsair SF1000 (2024),285600,41,"{""Color"": ""Black"", ""Modular"": ""Full"", ""Wattage"": ""1000 W"", ""Efficiency"": ""80+ Platinum"", ""Form Factor"": ""SFX""}",https://cdna.pcpartpicker.com/static/forever/images/product/0dd4e1eecc238b78a3b4abfa14af9d50.256p.jpg
POWER_SUPPLY,Corsair,Corsair RM850e (2025),133200,35,"{""Color"": ""Black"", ""Modular"": ""Full"", ""Wattage"": ""850 W"", ""Efficiency"": ""Standard"", ""Form Factor"": ""ATX""}",https://cdna.pcpartpicker.com/static/forever/images/product/3fa3c80c1defc487364f6bdaf2670b1e.256p.jpg
POWER_SUPPLY,Montech,Montech CENTURY II,125500,35,"{""Color"": ""Black"", ""Modular"": ""Full"", ""Wattage"": ""850 W"", ""Efficiency"": ""80+ Gold"", ""Form Factor"": ""ATX""}",https://m.media-amazon.com/images/I/41ehLaPDbXL.jpg
POWER_SUPPLY,Corsair,Corsair RM1000x (2024),263100,49,"{""Color"": ""Black"", ""Modular"": ""Full"", ""Wattage"": ""1000 W"", ""Efficiency"": ""Standard"", ""Form Factor"": ""ATX""}",https://cdna.pcpartpicker.com/static/forever/images/product/8bc2cb01b2a5875aa983b4cc5be68221.256p.jpg
POWER_SUPPLY,MSI,MSI MAG A550BN,73300,44,"{""Color"": ""Black"", ""Modular"": ""No"", ""Wattage"": ""550 W"", ""Efficiency"": ""80+ Bronze"", ""Form Factor"": ""ATX""}",https://m.media-amazon.com/images/I/51VZJ8DVX-L.jpg
POWER_SUPPLY,MSI,MSI MAG A850GL PCIE5,146500,29,"{""Color"": ""White"", ""Modular"": ""Full"", ""Wattage"": ""850 W"", ""Efficiency"": ""80+ Gold"", ""Form Factor"": ""ATX""}",https://cdna.pcpartpicker.com/static/forever/images/product/eef1b2e0ab31f6cbcbe01d162f44b952.256p.jpg
POWER_SUPPLY,Corsair,Corsair SF750 (2024),236800,42,"{""Color"": ""Black"", ""Modular"": ""Full"", ""Wattage"": ""750 W"", ""Efficiency"": ""80+ Platinum"", ""Form Factor"": ""SFX""}",https://cdna.pcpartpicker.com/static/forever/images/product/e297517330e5a91ec38e95b9377df1a0.256p.jpg
POWER_SUPPLY,MSI,MSI MAG A650GL,103500,27,"{""Color"": ""Black"", ""Modular"": ""Full"", ""Wattage"": ""650 W"", ""Efficiency"": ""80+ Gold"", ""Form Factor"": ""ATX""}",https://cdna.pcpartpicker.com/static/forever/images/product/9fd701005a49816e85072d6ed79c2951.256p.jpg
POWER_SUPPLY,Corsair,Corsair RM850x (2024),201300,54,"{""Color"": ""Black"", ""Modular"": ""Full"", ""Wattage"": ""850 W"", ""Efficiency"": ""Standard"", ""Form Factor"": ""ATX""}",https://cdna.pcpartpicker.com/static/forever/images/product/1e3308cded9a7c92a8dba6b2be976bcc.256p.jpg
POWER_SUPPLY,Corsair,Corsair SF850 (2024),235600,33,"{""Color"": ""Black"", ""Modular"": ""Full"", ""Wattage"": ""850 W"", ""Efficiency"": ""80+ Platinum"", ""Form Factor"": ""SFX""}",https://cdna.pcpartpicker.com/static/forever/images/product/016556184725a9604ae50e789f12b12c.256p.jpg
POWER_SUPPLY,MSI,MSI MPG A850G PCIE5,162800,33,"{""Color"": ""Black"", ""Modular"": ""Full"", ""Wattage"": ""850 W"", ""Efficiency"": ""80+ Gold"", ""Form Factor"": ""ATX""}",https://cdna.pcpartpicker.com/static/forever/images/product/5bff625e69da1c7069c73f477b42ca41.256p.jpg
POWER_SUPPLY,Cooler Master,Cooler Master V850 SFX GOLD,240700,55,"{""Color"": ""Black"", ""Modular"": ""Full"", ""Wattage"": ""850 W"", ""Efficiency"": ""80+ Gold"", ""Form Factor"": ""SFX""}",https://cdna.pcpartpicker.com/static/forever/images/product/bd2577c6ecabce9f78526a09410351e0.256p.jpg
POWER_SUPPLY,Corsair,Corsair RM750e (2023),183100,162,"{""Color"": ""Black"", ""Modular"": ""Full"", ""Wattage"": ""750 W"", ""Efficiency"": ""80+ Gold"", ""Form Factor"": ""ATX""}",https://cdna.pcpartpicker.com/static/forever/images/product/336c7955df0312d04655dd3a13973c95.256p.jpg
POWER_SUPPLY,Thermaltake,Thermaltake Toughpower GX2,182100,29,"{""Color"": ""Black"", ""Modular"": ""No"", ""Wattage"": ""600 W"", ""Efficiency"": ""80+ Gold"", ""Form Factor"": ""ATX""}",https://cdna.pcpartpicker.com/static/forever/images/product/56f77032e78c9af99041786b5196fe91.256p.jpg
POWER_SUPPLY,Corsair,Corsair RM850e (2023),167100,115,"{""Color"": ""Black"", ""Modular"": ""Full"", ""Wattage"": ""850 W"", ""Efficiency"": ""80+ Gold"", ""Form Factor"": ""ATX""}",https://cdna.pcpartpicker.com/static/forever/images/product/74e6caafd69bcc53d6e5060a3249248d.256p.jpg
POWER_SUPPLY,MSI,MSI A1000G PCIE5,177600,47,"{""Color"": ""Black"", ""Modular"": ""Full"", ""Wattage"": ""1000 W"", ""Efficiency"": ""80+ Gold"", ""Form Factor"": ""ATX""}",https://cdna.pcpartpicker.com/static/forever/images/product/f4ba2af40fa30a597244521a441515b5.256p.jpg
POWER_SUPPLY,Gigabyte,Gigabyte P750GM,121300,33,"{""Color"": ""Black"", ""Modular"": ""Full"", ""Wattage"": ""750 W"", ""Efficiency"": ""80+ Gold"", ""Form Factor"": ""ATX""}",https://m.media-amazon.com/images/I/41fF-4VeSsL.jpg
POWER_SUPPLY,Corsair,Corsair RM850,247600,83,"{""Color"": ""White / Black"", ""Modular"": ""Full"", ""Wattage"": ""850 W"", ""Efficiency"": ""80+ Gold"", ""Form Factor"": ""ATX""}",https://cdna.pcpartpicker.com/static/forever/images/product/1752baa3ddb162df098cf33b0b6eeae3.256p.jpg
POWER_SUPPLY,Corsair,Corsair RM1000x (2021),303400,123,"{""Color"": ""Black"", ""Modular"": ""Full"", ""Wattage"": ""1000 W"", ""Efficiency"": ""80+ Gold"", ""Form Factor"": ""ATX""}",https://cdna.pcpartpicker.com/static/forever/images/product/2e9c1e7ffca723f2acf802efc7f4e331.256p.jpg
POWER_SUPPLY,Corsair,Corsair RM750 (2019),792100,228,"{""Color"": ""Black"", ""Modular"": ""Full"", ""Wattage"": ""750 W"", ""Efficiency"": ""80+ Gold"", ""Form Factor"": ""ATX""}",https://cdna.pcpartpicker.com/static/forever/images/product/02951377c9eed1e21fc3d8ba6092717e.256p.jpg
POWER_SUPPLY,Corsair,Corsair SF750 (2018),308600,266,"{""Color"": ""Black"", ""Modular"": ""Full"", ""Wattage"": ""750 W"", ""Efficiency"": ""80+ Platinum"", ""Form Factor"": ""SFX""}",https://m.media-amazon.com/images/I/41XA+O8OFNL.jpg
POWER_SUPPLY,SeaSonic,SeaSonic FOCUS SGX,195100,24,"{""Color"": ""Black"", ""Modular"": ""Full"", ""Wattage"": ""650 W"", ""Efficiency"": ""80+ Gold"", ""Form Factor"": ""SFX""}",https://cdna.pcpartpicker.com/static/forever/images/product/332544e0e8da6848b9fa83947101de60.256p.jpg
POWER_SUPPLY,Corsair,Corsair RM850x (2018),375600,167,"{""Color"": ""Black"", ""Modular"": ""Full"", ""Wattage"": ""850 W"", ""Efficiency"": ""80+ Gold"", ""Form Factor"": ""ATX""}",https://m.media-amazon.com/images/I/51Ax0tT-ewL.jpg
POWER_SUPPLY,Corsair,Corsair CX550 (2017),572100,39,"{""Color"": """", ""Modular"": ""No"", ""Wattage"": ""550 W"", ""Efficiency"": ""80+ Bronze"", ""Form Factor"": ""ATX""}",https://m.media-amazon.com/images/I/41+OLJv1vRL.jpg
POWER_SUPPLY,Corsair,Corsair RM1000e (2023),253100,76,"{""Color"": ""Black"", ""Modular"": ""Full"", ""Wattage"": ""1000 W"", ""Efficiency"": ""80+ Gold"", ""Form Factor"": ""ATX""}",https://cdna.pcpartpicker.com/static/forever/images/product/ce27e414f67e9e8786401e4260bb85fa.256p.jpg
POWER_SUPPLY,Corsair,Corsair RM750e (2022),183500,21,"{""Color"": ""Black"", ""Modular"": ""Full"", ""Wattage"": ""750 W"", ""Efficiency"": ""80+ Gold"", ""Form Factor"": ""ATX""}",https://cdna.pcpartpicker.com/static/forever/images/product/f395e0fdaf74d2e7700fc3834f5ecf98.256p.jpg
POWER_SUPPLY,Corsair,Corsair RM850x,597600,39,"{""Color"": """", ""Modular"": ""Full"", ""Wattage"": ""850 W"", ""Efficiency"": ""80+ Gold"", ""Form Factor"": ""ATX""}",https://cdna.pcpartpicker.com/static/forever/images/product/429bb130468e125f4f20d1f7e2f2600e.256p.jpg
POWER_SUPPLY,Cooler Master,Cooler Master MWE GOLD 750 V2 FULL MODULAR,132300,24,"{""Color"": ""Black"", ""Modular"": ""Full"", ""Wattage"": ""750 W"", ""Efficiency"": ""80+ Gold"", ""Form Factor"": ""ATX""}",https://cdna.pcpartpicker.com/static/forever/images/product/14006f097772a18096431e1627300499.256p.jpg
POWER_SUPPLY,Corsair,Corsair RM850,428400,24,"{""Color"": ""Black"", ""Modular"": ""Full"", ""Wattage"": ""850 W"", ""Efficiency"": ""80+ Gold"", ""Form Factor"": ""ATX""}",https://cdna.pcpartpicker.com/static/forever/images/product/66dbe902337399e341f967959693cdb8.256p.jpg
POWER_SUPPLY,Corsair,Corsair CX650 (2017),131700,26,"{""Color"": """", ""Modular"": ""No"", ""Wattage"": ""650 W"", ""Efficiency"": ""80+ Bronze"", ""Form Factor"": ""ATX""}",https://cdna.pcpartpicker.com/static/forever/images/product/9d5b2b1321e3ab3a9281a4fa93fc74e0.256p.jpg
POWER_SUPPLY,Corsair,Corsair HX1200 Platinum,590500,46,"{""Color"": """", ""Modular"": ""Full"", ""Wattage"": ""1200 W"", ""Efficiency"": ""80+ Platinum"", ""Form Factor"": ""ATX""}",https://cdna.pcpartpicker.com/static/forever/images/product/a15caa8216152ec9d5235cee607d2dc9.256p.jpg
POWER_SUPPLY,Gigabyte,Gigabyte UD750GM,144900,46,"{""Color"": ""Black"", ""Modular"": ""Full"", ""Wattage"": ""750 W"", ""Efficiency"": ""80+ Gold"", ""Form Factor"": ""ATX""}",https://cdna.pcpartpicker.com/static/forever/images/product/3fecb5a05a7f614ab70e1ace80e3baee.256p.jpg
POWER_SUPPLY,Corsair,Corsair RM750x (2018),714100,151,"{""Color"": ""Black"", ""Modular"": ""Full"", ""Wattage"": ""750 W"", ""Efficiency"": ""80+ Gold"", ""Form Factor"": ""ATX""}",https://cdna.pcpartpicker.com/static/forever/images/product/b4a2d3f62255a1c35fd45aa3273c5173.256p.jpg
POWER_SUPPLY,be quiet!,be quiet! Pure Power 12 M,179100,27,"{""Color"": ""Black"", ""Modular"": ""Full"", ""Wattage"": ""750 W"", ""Efficiency"": ""80+ Gold"", ""Form Factor"": ""ATX""}",https://cdna.pcpartpicker.com/static/forever/images/product/2ca5468038b7443022cee1bb7474a477.256p.jpg
POWER_SUPPLY,MSI,MSI MPG A750GF,242900,26,"{""Color"": ""Black"", ""Modular"": ""Full"", ""Wattage"": ""750 W"", ""Efficiency"": ""80+ Gold"", ""Form Factor"": ""ATX""}",https://cdna.pcpartpicker.com/static/forever/images/product/687448ede7d2a06734c3af5c96539774.256p.jpg
POWER_SUPPLY,EVGA,EVGA 750 GQ,395400,62,"{""Color"": """", ""Modular"": ""Semi"", ""Wattage"": ""750 W"", ""Efficiency"": ""80+ Gold"", ""Form Factor"": ""ATX""}",https://cdna.pcpartpicker.com/static/forever/images/product/24ef44cdf0bbd6dbfd72bb1bd22f63a5.256p.jpg
POWER_SUPPLY,Corsair,Corsair CX600,941800,126,"{""Color"": """", ""Modular"": ""No"", ""Wattage"": ""600 W"", ""Efficiency"": ""80+ Bronze"", ""Form Factor"": ""ATX""}",https://cdna.pcpartpicker.com/static/forever/images/product/406a3c9c2063f1cd7196cbcd4c54ef94.256p.jpg
POWER_SUPPLY,Corsair,Corsair RM750x,701600,75,"{""Color"": """", ""Modular"": ""Full"", ""Wattage"": ""750 W"", ""Efficiency"": ""80+ Gold"", ""Form Factor"": ""ATX""}",https://cdna.pcpartpicker.com/static/forever/images/product/84953168c3aebea55de5277456208733.256p.jpg
POWER_SUPPLY,Corsair,Corsair CXM,651200,299,"{""Color"": """", ""Modular"": ""Semi"", ""Wattage"": ""750 W"", ""Efficiency"": ""80+ Bronze"", ""Form Factor"": ""ATX""}",https://cdna.pcpartpicker.com/static/forever/images/product/23a8f923c23d6de30026d889136bf175.256p.jpg
POWER_SUPPLY,Corsair,Corsair SF1000L,340300,25,"{""Color"": ""Black"", ""Modular"": ""Full"", ""Wattage"": ""1000 W"", ""Efficiency"": ""80+ Gold"", ""Form Factor"": ""SFX""}",https://cdna.pcpartpicker.com/static/forever/images/product/69f41efe6700ccf556fc1169e8dae4ce.256p.jpg
POWER_SUPPLY,Corsair,Corsair RM750,919700,130,"{""Color"": """", ""Modular"": ""Full"", ""Wattage"": ""750 W"", ""Efficiency"": ""80+ Gold"", ""Form Factor"": ""ATX""}",https://m.media-amazon.com/images/I/51gVlroGJFL.jpg
POWER_SUPPLY,EVGA,EVGA SuperNOVA 650 G+,337500,32,"{""Color"": ""Black"", ""Modular"": ""Full"", ""Wattage"": ""650 W"", ""Efficiency"": ""80+ Gold"", ""Form Factor"": ""ATX""}",https://cdna.pcpartpicker.com/static/forever/images/product/cef75cc13e5787d7c29760e9087905f4.256p.jpg
POWER_SUPPLY,Thermaltake,Thermaltake Toughpower Grand RGB,214600,26,"{""Color"": """", ""Modular"": ""Full"", ""Wattage"": ""750 W"", ""Efficiency"": ""80+ Gold"", ""Form Factor"": ""ATX""}",https://cdna.pcpartpicker.com/static/forever/images/product/929ea39886802f2bd52cc256e5d4e128.256p.jpg
POWER_SUPPLY,EVGA,EVGA SuperNOVA 1000 G2,911200,44,"{""Color"": """", ""Modular"": ""Full"", ""Wattage"": ""1000 W"", ""Efficiency"": ""80+ Gold"", ""Form Factor"": ""ATX""}",https://cdna.pcpartpicker.com/static/forever/images/product/880d4bee6e2f62593c1ad157fff9307a.256p.jpg
POWER_SUPPLY,EVGA,EVGA SuperNOVA 750 P2,1130700,40,"{""Color"": """", ""Modular"": ""Full"", ""Wattage"": ""750 W"", ""Efficiency"": ""80+ Platinum"", ""Form Factor"": ""ATX""}",https://cdna.pcpartpicker.com/static/forever/images/product/d70059fb4d0f5ba97dcd4d08728ea133.256p.jpg
POWER_SUPPLY,Corsair,Corsair CX450 (2017),555800,44,"{""Color"": """", ""Modular"": ""No"", ""Wattage"": ""450 W"", ""Efficiency"": ""80+ Bronze"", ""Form Factor"": ""ATX""}",https://cdna.pcpartpicker.com/static/forever/images/product/dd6ceded5a518118407b00b140f71c1a.256p.jpg
POWER_SUPPLY,Thermaltake,Thermaltake Toughpower GF1 PE,159700,43,"{""Color"": ""Black"", ""Modular"": ""Full"", ""Wattage"": ""850 W"", ""Efficiency"": ""80+ Gold"", ""Form Factor"": ""ATX""}",https://cdna.pcpartpicker.com/static/forever/images/product/134c2df91872591a7ab32387f3aa5a1b.256p.jpg
POWER_SUPPLY,Cooler Master,Cooler Master MasterWatt,521400,21,"{""Color"": """", ""Modular"": ""Semi"", ""Wattage"": ""650 W"", ""Efficiency"": ""80+ Bronze"", ""Form Factor"": ""ATX""}",https://cdna.pcpartpicker.com/static/forever/images/product/f894b96a2cf1382e7a0c516de114032e.256p.jpg
POWER_SUPPLY,Corsair,Corsair CS750M,897600,29,"{""Color"": """", ""Modular"": ""Semi"", ""Wattage"": ""750 W"", ""Efficiency"": ""80+ Gold"", ""Form Factor"": ""ATX""}",https://cdna.pcpartpicker.com/static/forever/images/product/4187f8832febca8f7b5d5d96c9300df3.256p.jpg
POWER_SUPPLY,"Corsair",Corsair TX650 V2,693300,38,"{""Color"": """", ""Modular"": ""No"", ""Wattage"": ""650 W"", ""Efficiency"": ""80+ Bronze"", ""Form Factor"": ""ATX""}",https://fr.pcpartpicker.com/static/forever/img/no-image.png
